temporada_atual,rodada_atual,id_piloto_atual,posicao_quali_atual,q1_atual,q2_atual,q3_atual,target,id_circuito_atual,id_equipe_atual,posicao_anterior,grid_anterior,posicao_equipe_anterior,pontos_equipe_anterior,vitorias_equipe_anterior,dif_para_pole_atual,pontos_anterior,posicao_camp_anterior,num_vitorias_anterior,media_ultimas_3_anterior,media_ultimas_5_anterior,qtde_abandonos_anterior,media_posicao_ganha_anterior,tendencia_desempenho,temp_ar_media,temp_pista_media,umidade_media,corrida_molhada,perc_voltas_chuva
2024,1,albon,13,90397.0,90221.0,,15,bahrain,williams,,,,,,,,,,,,,,,18.23,23.65,48.82,0,0.0
2024,1,alonso,6,90179.0,89801.0,89542.0,9,bahrain,aston_martin,,,,,,363,,,,,,,,,18.23,23.65,48.82,0,0.0
2024,1,bottas,16,90756.0,,,19,bahrain,sauber,,,,,,,,,,,,,,,18.23,23.65,48.82,0,0.0
2024,1,gasly,20,90948.0,,,18,bahrain,alpine,,,,,,,,,,,,,,,18.23,23.65,48.82,0,0.0
2024,1,hamilton,9,90451.0,89718.0,89710.0,7,bahrain,mercedes,,,,,,531,,,,,,,,,18.23,23.65,48.82,0,0.0
2024,1,hulkenberg,10,90566.0,89851.0,90502.0,16,bahrain,haas,,,,,,1323,,,,,,,,,18.23,23.65,48.82,0,0.0
2024,1,kevin_magnussen,15,90646.0,90529.0,,12,bahrain,haas,,,,,,,,,,,,,,,18.23,23.65,48.82,0,0.0
2024,1,leclerc,2,90243.0,89165.0,89407.0,4,bahrain,ferrari,,,,,,228,,,,,,,,,18.23,23.65,48.82,0,0.0
2024,1,max_verstappen,1,90031.0,89374.0,89179.0,1,bahrain,red_bull,,,,,,0,,,,,,,,,18.23,23.65,48.82,0,0.0
2024,1,norris,7,90143.0,89941.0,89614.0,6,bahrain,mclaren,,,,,,435,,,,,,,,,18.23,23.65,48.82,0,0.0
2024,1,ocon,19,90793.0,,,17,bahrain,alpine,,,,,,,,,,,,,,,18.23,23.65,48.82,0,0.0
2024,1,perez,5,90221.0,89932.0,89537.0,2,bahrain,red_bull,,,,,,358,,,,,,,,,18.23,23.65,48.82,0,0.0
2024,1,piastri,8,90531.0,90122.0,89683.0,8,bahrain,mclaren,,,,,,504,,,,,,,,,18.23,23.65,48.82,0,0.0
2024,1,ricciardo,14,90562.0,90278.0,,13,bahrain,rb,,,,,,,,,,,,,,,18.23,23.65,48.82,0,0.0
2024,1,russell,3,90350.0,89922.0,89485.0,5,bahrain,mercedes,,,,,,306,,,,,,,,,18.23,23.65,48.82,0,0.0
2024,1,sainz,4,89909.0,89573.0,89507.0,3,bahrain,ferrari,,,,,,328,,,,,,,,,18.23,23.65,48.82,0,0.0
2024,1,sargeant,18,90770.0,,,20,bahrain,williams,,,,,,,,,,,,,,,18.23,23.65,48.82,0,0.0
2024,1,stroll,12,89965.0,90200.0,,10,bahrain,aston_martin,,,,,,,,,,,,,,,18.23,23.65,48.82,0,0.0
2024,1,tsunoda,11,90481.0,90129.0,,14,bahrain,rb,,,,,,,,,,,,,,,18.23,23.65,48.82,0,0.0
2024,1,zhou,17,90757.0,,,11,bahrain,sauber,,,,,,,,,,,,,,,18.23,23.65,48.82,0,0.0
2024,2,albon,12,89107.0,88980.0,,11,jeddah,williams,15,13,9,0,0,,0,15.0,0,15.0,15.0,0,-2.0,0.0,25.53,31.59,62.34,0,0.0
2024,2,alonso,4,88706.0,88122.0,87846.0,5,jeddah,aston_martin,9,6,5,3,0,374,2,9.0,0,9.0,9.0,0,-3.0,0.0,25.53,31.59,62.34,0,0.0
2024,2,bearman,11,88984.0,88642.0,,7,jeddah,ferrari,,,2,27,0,,,,,,,,,,25.53,31.59,62.34,0,0.0
2024,2,bottas,16,89179.0,,,17,jeddah,sauber,19,16,6,0,0,,0,19.0,0,19.0,19.0,0,-3.0,0.0,25.53,31.59,62.34,0,0.0
2024,2,gasly,18,89479.0,,,20,jeddah,alpine,18,20,10,0,0,,0,18.0,0,18.0,18.0,0,2.0,0.0,25.53,31.59,62.34,0,0.0
2024,2,hamilton,8,88994.0,88606.0,88460.0,9,jeddah,mercedes,7,9,3,16,0,988,6,7.0,0,7.0,7.0,0,2.0,0.0,25.53,31.59,62.34,0,0.0
2024,2,hulkenberg,15,89055.0,,,10,jeddah,haas,16,10,7,0,0,,0,16.0,0,16.0,16.0,0,-6.0,0.0,25.53,31.59,62.34,0,0.0
2024,2,kevin_magnussen,13,89069.0,89020.0,,12,jeddah,haas,12,15,7,0,0,,0,12.0,0,12.0,12.0,0,3.0,0.0,25.53,31.59,62.34,0,0.0
2024,2,leclerc,2,88318.0,88112.0,87791.0,3,jeddah,ferrari,4,2,2,27,0,319,12,4.0,0,4.0,4.0,0,-2.0,0.0,25.53,31.59,62.34,0,0.0
2024,2,max_verstappen,1,88171.0,88033.0,87472.0,1,jeddah,red_bull,1,1,1,44,1,0,26,1.0,1,1.0,1.0,0,0.0,0.0,25.53,31.59,62.34,0,0.0
2024,2,norris,6,88805.0,88479.0,88132.0,8,jeddah,mclaren,6,7,4,12,0,660,8,6.0,0,6.0,6.0,0,1.0,0.0,25.53,31.59,62.34,0,0.0
2024,2,ocon,17,89475.0,,,13,jeddah,alpine,17,19,10,0,0,,0,17.0,0,17.0,17.0,0,2.0,0.0,25.53,31.59,62.34,0,0.0
2024,2,perez,3,88638.0,88467.0,87807.0,2,jeddah,red_bull,2,5,1,44,1,335,18,2.0,0,2.0,2.0,0,3.0,0.0,25.53,31.59,62.34,0,0.0
2024,2,piastri,5,88755.0,88343.0,88089.0,4,jeddah,mclaren,8,8,4,12,0,617,4,8.0,0,8.0,8.0,0,0.0,0.0,25.53,31.59,62.34,0,0.0
2024,2,ricciardo,14,89065.0,89025.0,,16,jeddah,rb,13,14,8,0,0,,0,13.0,0,13.0,13.0,0,1.0,0.0,25.53,31.59,62.34,0,0.0
2024,2,russell,7,88749.0,88448.0,88316.0,6,jeddah,mercedes,5,3,3,16,0,844,10,5.0,0,5.0,5.0,0,-2.0,0.0,25.53,31.59,62.34,0,0.0
2024,2,sargeant,19,89526.0,,,14,jeddah,williams,20,18,9,0,0,,0,20.0,0,20.0,20.0,0,-2.0,0.0,25.53,31.59,62.34,0,0.0
2024,2,stroll,10,88250.0,88578.0,88572.0,19,jeddah,aston_martin,10,12,5,3,0,1100,1,10.0,0,10.0,10.0,0,2.0,0.0,25.53,31.59,62.34,0,0.0
2024,2,tsunoda,9,88988.0,88564.0,88547.0,15,jeddah,rb,14,11,8,0,0,1075,0,14.0,0,14.0,14.0,0,-3.0,0.0,25.53,31.59,62.34,0,0.0
2024,2,zhou,20,,,,18,jeddah,sauber,11,17,6,0,0,,0,11.0,0,11.0,11.0,0,6.0,0.0,25.53,31.59,62.34,0,0.0
2024,3,albon,12,77130.0,77167.0,,11,albert_park,williams,11,12,7,0,0,,0,13.0,0,13.0,13.0,0,-0.5,0.0,20.62,38.4,44.45,0,0.0
2024,3,alonso,10,76991.0,76710.0,77552.0,8,albert_park,aston_martin,5,4,5,13,0,1637,12,7.0,0,7.0,7.0,0,-2.0,0.0,20.62,38.4,44.45,0,0.0
2024,3,bottas,13,77543.0,77340.0,,14,albert_park,sauber,17,16,8,0,0,,0,20.0,0,18.0,18.0,0,-2.0,0.0,20.62,38.4,44.45,0,0.0
2024,3,gasly,17,77982.0,,,13,albert_park,alpine,R,18,10,0,0,,0,21.0,0,18.0,18.0,0,2.0,0.0,20.62,38.4,44.45,0,0.0
2024,3,hamilton,11,77499.0,76960.0,,18,albert_park,mercedes,9,8,4,26,0,,8,9.0,0,8.0,8.0,0,0.5,0.0,20.62,38.4,44.45,0,0.0
2024,3,hulkenberg,16,77976.0,,,9,albert_park,haas,10,15,6,1,0,,1,11.0,0,13.0,13.0,0,-0.5,0.0,20.62,38.4,44.45,0,0.0
2024,3,kevin_magnussen,14,77709.0,77427.0,,10,albert_park,haas,12,13,6,1,0,,0,15.0,0,12.0,12.0,0,2.0,0.0,20.62,38.4,44.45,0,0.0
2024,3,leclerc,5,76984.0,76304.0,76435.0,2,albert_park,ferrari,3,2,2,49,0,520,28,3.0,0,3.5,3.5,0,-1.5,0.0,20.62,38.4,44.45,0,0.0
2024,3,max_verstappen,1,76819.0,76387.0,75915.0,19,albert_park,red_bull,1,1,1,87,2,0,51,1.0,2,1.0,1.0,0,0.0,0.0,20.62,38.4,44.45,0,0.0
2024,3,norris,4,77430.0,76750.0,76315.0,3,albert_park,mclaren,8,6,3,28,0,400,12,8.0,0,7.0,7.0,0,-0.5,0.0,20.62,38.4,44.45,0,0.0
2024,3,ocon,15,77617.0,77697.0,,16,albert_park,alpine,13,17,10,0,0,,0,17.0,0,15.0,15.0,0,3.0,0.0,20.62,38.4,44.45,0,0.0
2024,3,perez,3,76805.0,76631.0,76274.0,5,albert_park,red_bull,2,3,1,87,2,359,36,2.0,0,2.0,2.0,0,2.0,0.0,20.62,38.4,44.45,0,0.0
2024,3,piastri,6,77369.0,76601.0,76572.0,4,albert_park,mclaren,4,5,3,28,0,657,16,5.0,0,6.0,6.0,0,0.5,0.0,20.62,38.4,44.45,0,0.0
2024,3,ricciardo,18,78085.0,,,12,albert_park,rb,16,14,9,0,0,,0,16.0,0,14.5,14.5,0,-0.5,0.0,20.62,38.4,44.45,0,0.0
2024,3,russell,7,77062.0,76901.0,76724.0,17,albert_park,mercedes,6,7,4,26,0,809,18,4.0,0,5.5,5.5,0,-0.5,0.0,20.62,38.4,44.45,0,0.0
2024,3,sainz,2,76731.0,76189.0,76185.0,1,albert_park,ferrari,,,2,49,0,270,15,6.0,0,3.0,3.0,0,1.0,0.0,20.62,38.4,44.45,0,0.0
2024,3,stroll,9,77376.0,76780.0,77072.0,6,albert_park,aston_martin,R,10,5,13,0,1157,1,12.0,0,10.0,10.0,0,2.0,0.0,20.62,38.4,44.45,0,0.0
2024,3,tsunoda,8,77356.0,76791.0,76788.0,7,albert_park,rb,15,9,9,0,0,873,0,18.0,0,14.5,14.5,0,-4.5,0.0,20.62,38.4,44.45,0,0.0
2024,3,zhou,19,78188.0,,,15,albert_park,sauber,18,20,8,0,0,,0,14.0,0,14.5,14.5,0,4.0,0.0,20.62,38.4,44.45,0,0.0
2024,4,albon,14,89963.0,89714.0,,20,suzuka,williams,11,12,8,0,0,,0,15.0,0,12.33,12.33,0,0.0,0.0,21.69,37.5,43.43,0,0.0
2024,4,alonso,5,89254.0,89082.0,88686.0,6,suzuka,aston_martin,8,10,5,25,0,489,16,8.0,0,7.33,7.33,0,-0.67,0.0,21.69,37.5,43.43,0,0.0
2024,4,bottas,13,89602.0,89593.0,,14,suzuka,sauber,14,13,9,0,0,,0,20.0,0,16.67,16.67,0,-1.67,0.0,21.69,37.5,43.43,0,0.0
2024,4,gasly,17,90119.0,,,16,suzuka,alpine,13,17,10,0,0,,0,19.0,0,15.5,15.5,1,3.0,0.0,21.69,37.5,43.43,0,0.0
2024,4,hamilton,7,89661.0,88887.0,88766.0,9,suzuka,mercedes,R,11,4,26,0,569,8,10.0,0,8.0,8.0,0,0.5,0.0,21.69,37.5,43.43,0,0.0
2024,4,hulkenberg,12,89821.0,89494.0,,11,suzuka,haas,9,16,7,4,0,,3,13.0,0,11.67,11.67,0,2.0,0.0,21.69,37.5,43.43,0,0.0
2024,4,kevin_magnussen,18,90131.0,,,13,suzuka,haas,10,14,7,4,0,,1,14.0,0,11.33,11.33,0,2.67,0.0,21.69,37.5,43.43,0,0.0
2024,4,leclerc,8,89338.0,89196.0,88786.0,4,suzuka,ferrari,2,4,2,93,1,589,47,2.0,0,3.0,3.0,0,-0.33,0.0,21.69,37.5,43.43,0,0.0
2024,4,max_verstappen,1,88866.0,88740.0,88197.0,1,suzuka,red_bull,R,1,1,97,2,0,51,1.0,2,1.0,1.0,0,0.0,0.0,21.69,37.5,43.43,0,0.0
2024,4,norris,3,89536.0,88940.0,88489.0,5,suzuka,mclaren,3,3,3,55,0,292,27,6.0,0,5.67,5.67,0,-0.33,0.0,21.69,37.5,43.43,0,0.0
2024,4,ocon,15,89811.0,89816.0,,15,suzuka,alpine,16,15,10,0,0,,0,18.0,0,15.33,15.33,0,1.67,0.0,21.69,37.5,43.43,0,0.0
2024,4,perez,2,89303.0,88752.0,88263.0,2,suzuka,red_bull,5,6,1,97,2,66,46,3.0,0,3.0,3.0,0,1.67,0.0,21.69,37.5,43.43,0,0.0
2024,4,piastri,6,89425.0,89148.0,88760.0,8,suzuka,mclaren,4,5,3,55,0,563,28,5.0,0,5.33,5.33,0,0.67,0.0,21.69,37.5,43.43,0,0.0
2024,4,ricciardo,11,89727.0,89472.0,,19,suzuka,rb,12,18,6,6,0,,0,17.0,0,13.67,13.67,0,1.67,0.0,21.69,37.5,43.43,0,0.0
2024,4,russell,9,89799.0,89140.0,89008.0,7,suzuka,mercedes,17,7,4,26,0,811,18,7.0,0,9.33,9.33,0,-3.67,0.0,21.69,37.5,43.43,0,0.0
2024,4,sainz,4,89513.0,89099.0,88682.0,3,suzuka,ferrari,1,2,2,93,1,485,40,4.0,1,2.0,2.0,0,1.0,0.0,21.69,37.5,43.43,0,0.0
2024,4,sargeant,19,90139.0,,,17,suzuka,williams,,,8,0,0,,0,21.0,0,17.0,17.0,0,1.5,0.0,21.69,37.5,43.43,0,0.0
2024,4,stroll,16,90024.0,,,12,suzuka,aston_martin,6,9,5,25,0,,9,9.0,0,8.0,8.0,1,2.5,0.0,21.69,37.5,43.43,0,0.0
2024,4,tsunoda,10,89775.0,89417.0,89413.0,10,suzuka,rb,7,8,6,6,0,1216,6,11.0,0,12.0,12.0,0,-2.67,0.0,21.69,37.5,43.43,0,0.0
2024,4,zhou,20,90143.0,,,18,suzuka,sauber,15,19,9,0,0,,0,16.0,0,14.67,14.67,0,4.0,0.0,21.69,37.5,43.43,0,0.0
2024,5,albon,14,95384.0,95241.0,,12,shanghai,williams,R,14,8,0,0,,0,15.0,0,11.0,12.33,0,1.0,-1.33,18.64,29.79,66.06,0,0.0
2024,5,alonso,3,95116.0,94652.0,94148.0,7,shanghai,aston_martin,6,5,5,33,0,488,24,8.0,0,6.33,7.0,0,0.0,-0.67,18.64,29.79,66.06,0,0.0
2024,5,bottas,10,95169.0,94769.0,94665.0,20,shanghai,sauber,14,13,9,0,0,1005,0,20.0,0,15.0,16.0,0,-1.0,-1.0,18.64,29.79,66.06,0,0.0
2024,5,gasly,15,95287.0,95463.0,,13,shanghai,alpine,16,17,10,0,0,,0,19.0,0,14.5,15.67,1,2.5,-1.17,18.64,29.79,66.06,0,0.0
2024,5,hamilton,18,95573.0,,,9,shanghai,mercedes,9,7,4,34,0,,10,9.0,0,9.0,8.33,1,-1.5,0.67,18.64,29.79,66.06,0,0.0
2024,5,hulkenberg,9,95068.0,94667.0,94604.0,10,shanghai,haas,11,12,7,4,0,944,3,13.0,0,10.0,11.5,0,4.33,-1.5,18.64,29.79,66.06,0,0.0
2024,5,kevin_magnussen,17,95516.0,,,16,shanghai,haas,13,18,7,4,0,,1,14.0,0,11.67,11.75,0,3.33,-0.08,18.64,29.79,66.06,0,0.0
2024,5,leclerc,6,94797.0,94399.0,94289.0,4,shanghai,ferrari,4,8,2,120,1,629,59,3.0,0,3.0,3.25,0,1.67,-0.25,18.64,29.79,66.06,0,0.0
2024,5,max_verstappen,1,94742.0,93794.0,93660.0,1,shanghai,red_bull,1,1,1,141,3,0,77,1.0,3,1.0,1.0,1,0.0,0.0,18.64,29.79,66.06,0,0.0
2024,5,norris,4,94842.0,94460.0,94165.0,2,shanghai,mclaren,5,3,3,69,0,505,37,5.0,0,5.33,5.5,0,-1.33,-0.17,18.64,29.79,66.06,0,0.0
2024,5,ocon,13,95356.0,95223.0,,11,shanghai,alpine,15,15,10,0,0,,0,18.0,0,14.67,15.25,0,1.0,-0.58,18.64,29.79,66.06,0,0.0
2024,5,perez,2,95457.0,94026.0,93982.0,3,shanghai,red_bull,2,2,1,141,3,322,64,2.0,0,3.0,2.75,0,0.67,0.25,18.64,29.79,66.06,0,0.0
2024,5,piastri,5,95014.0,94659.0,94273.0,8,shanghai,mclaren,8,6,3,69,0,613,32,6.0,0,5.33,6.0,0,0.0,-0.67,18.64,29.79,66.06,0,0.0
2024,5,ricciardo,12,95443.0,94934.0,,18,shanghai,rb,R,11,6,7,0,,0,17.0,0,14.0,13.67,0,2.0,0.33,18.64,29.79,66.06,0,0.0
2024,5,russell,8,95084.0,94609.0,94433.0,6,shanghai,mercedes,7,9,4,34,0,773,24,7.0,0,10.0,8.75,0,-2.33,1.25,18.64,29.79,66.06,0,0.0
2024,5,sainz,7,94970.0,94368.0,94297.0,5,shanghai,ferrari,3,4,2,120,1,637,55,4.0,1,2.33,2.33,0,1.0,0.0,18.64,29.79,66.06,0,0.0
2024,5,sargeant,20,96358.0,,,17,shanghai,williams,17,19,8,0,0,,0,21.0,0,17.0,17.0,0,1.67,0.0,18.64,29.79,66.06,0,0.0
2024,5,stroll,11,95334.0,94838.0,,15,shanghai,aston_martin,12,16,5,33,0,,9,10.0,0,9.0,9.33,1,3.5,-0.33,18.64,29.79,66.06,0,0.0
2024,5,tsunoda,19,95746.0,,,19,shanghai,rb,10,10,6,7,0,,7,11.0,0,10.67,11.5,0,-1.67,-0.83,18.64,29.79,66.06,0,0.0
2024,5,zhou,16,95505.0,,,14,shanghai,sauber,R,20,9,0,0,,0,16.0,0,16.5,14.67,0,3.0,1.83,18.64,29.79,66.06,0,0.0
2024,6,albon,14,88343.0,88413.0,,18,miami,williams,12,14,8,0,0,,0,15.0,0,11.5,12.25,1,1.5,-0.75,28.52,44.66,59.01,0,0.0
2024,6,alonso,15,88453.0,88427.0,,9,miami,aston_martin,7,3,5,40,0,,31,8.0,0,7.0,7.0,0,-1.0,0.0,28.52,44.66,59.01,0,0.0
2024,6,bottas,16,88463.0,,,16,miami,sauber,R,10,10,0,0,,0,20.0,0,14.0,16.0,0,-1.0,-2.0,28.52,44.66,59.01,0,0.0
2024,6,gasly,12,87976.0,88324.0,,12,miami,alpine,13,15,9,0,0,,0,19.0,0,14.0,15.0,1,2.33,-1.0,28.52,44.66,59.01,0,0.0
2024,6,hamilton,8,88167.0,87697.0,88107.0,6,miami,mercedes,9,18,4,52,0,866,19,9.0,0,9.0,8.5,1,3.5,0.5,28.52,44.66,59.01,0,0.0
2024,6,hulkenberg,9,88383.0,88200.0,88146.0,11,miami,haas,10,9,7,5,0,905,4,13.0,0,10.0,11.2,0,2.33,-1.2,28.52,44.66,59.01,0,0.0
2024,6,kevin_magnussen,19,88619.0,,,19,miami,haas,16,17,7,5,0,,1,14.0,0,13.0,12.6,0,3.33,0.4,28.52,44.66,59.01,0,0.0
2024,6,leclerc,2,88081.0,87533.0,87382.0,3,miami,ferrari,4,6,2,151,1,141,76,3.0,0,3.33,3.4,0,2.67,-0.07,28.52,44.66,59.01,0,0.0
2024,6,max_verstappen,1,87689.0,87566.0,87241.0,2,miami,red_bull,1,1,1,195,4,0,110,1.0,4,1.0,1.0,1,0.0,0.0,28.52,44.66,59.01,0,0.0
2024,6,norris,5,87913.0,87871.0,87594.0,1,miami,mclaren,2,4,3,96,0,353,58,5.0,0,3.33,4.8,0,0.0,-1.47,28.52,44.66,59.01,0,0.0
2024,6,ocon,13,88209.0,88371.0,,10,miami,alpine,11,13,9,0,0,,0,16.0,0,14.0,14.4,0,0.33,-0.4,28.52,44.66,59.01,0,0.0
2024,6,perez,4,87772.0,87839.0,87460.0,4,miami,red_bull,3,2,1,195,4,219,85,2.0,0,3.33,2.8,0,0.0,0.53,28.52,44.66,59.01,0,0.0
2024,6,piastri,6,88032.0,87721.0,87675.0,13,miami,mclaren,8,5,3,96,0,434,38,6.0,0,6.67,6.4,0,-1.33,0.27,28.52,44.66,59.01,0,0.0
2024,6,ricciardo,18,88617.0,,,15,miami,rb,R,12,6,7,0,,0,18.0,0,12.0,13.67,1,6.0,-1.67,28.52,44.66,59.01,0,0.0
2024,6,russell,7,88159.0,88095.0,88067.0,8,miami,mercedes,6,8,4,52,0,826,33,7.0,0,10.0,8.2,0,-2.0,1.8,28.52,44.66,59.01,0,0.0
2024,6,sainz,3,87937.0,87941.0,87455.0,5,miami,ferrari,5,7,2,151,1,214,69,4.0,1,3.0,3.0,0,1.33,0.0,28.52,44.66,59.01,0,0.0
2024,6,sargeant,17,88487.0,,,20,miami,williams,17,20,8,0,0,,0,21.0,0,16.0,17.0,0,3.33,-1.0,28.52,44.66,59.01,0,0.0
2024,6,stroll,11,88177.0,88222.0,,17,miami,aston_martin,15,11,5,40,0,,9,10.0,0,11.0,10.75,1,1.0,0.25,28.52,44.66,59.01,0,0.0
2024,6,tsunoda,10,88324.0,88167.0,88192.0,7,miami,rb,R,19,6,7,0,951,7,11.0,0,8.5,11.5,0,0.5,-3.0,28.52,44.66,59.01,0,0.0
2024,6,zhou,20,88824.0,,,14,miami,sauber,14,16,10,0,0,,0,17.0,0,14.5,14.5,1,3.0,0.0,28.52,44.66,59.01,0,0.0
2024,7,albon,14,76524.0,76200.0,,20,imola,williams,18,14,9,0,0,,0,17.0,0,15.0,13.0,1,-1.0,2.0,25.11,42.02,48.43,0,0.0
2024,7,alonso,19,76917.0,,,19,imola,aston_martin,9,15,5,42,0,,33,8.0,0,7.33,7.0,0,0.33,0.33,25.11,42.02,48.43,0,0.0
2024,7,bottas,16,76626.0,,,18,imola,sauber,16,16,10,0,0,,0,20.0,0,15.0,15.25,1,-0.5,-0.25,25.11,42.02,48.43,0,0.0
2024,7,gasly,15,76015.0,76381.0,,16,imola,alpine,12,12,8,1,0,,0,19.0,0,13.67,13.5,1,1.0,0.17,25.11,42.02,48.43,0,0.0
2024,7,hamilton,8,76604.0,75677.0,75504.0,6,imola,mercedes,6,8,4,64,0,758,27,9.0,0,8.0,8.25,1,3.0,-0.25,25.11,42.02,48.43,0,0.0
2024,7,hulkenberg,10,75841.0,75569.0,75980.0,11,imola,haas,11,9,7,7,0,1234,6,13.0,0,10.67,10.2,0,-0.67,0.47,25.11,42.02,48.43,0,0.0
2024,7,kevin_magnussen,18,76854.0,,,12,imola,haas,19,18,7,7,0,,1,16.0,0,16.0,14.0,0,1.67,2.0,25.11,42.02,48.43,0,0.0
2024,7,leclerc,4,75823.0,75328.0,74970.0,3,imola,ferrari,3,2,2,187,1,224,98,3.0,0,3.67,3.2,0,1.67,0.47,25.11,42.02,48.43,0,0.0
2024,7,max_verstappen,1,75762.0,75176.0,74746.0,1,imola,red_bull,2,1,1,239,4,0,136,1.0,4,1.33,1.25,1,-0.33,0.08,25.11,42.02,48.43,0,0.0
2024,7,norris,3,75915.0,75371.0,74837.0,2,imola,mclaren,1,5,3,124,1,91,83,4.0,1,2.67,3.8,0,1.33,-1.13,25.11,42.02,48.43,0,0.0
2024,7,ocon,12,76361.0,75906.0,,14,imola,alpine,10,13,8,1,0,,1,15.0,0,12.0,13.0,0,1.67,-1.0,25.11,42.02,48.43,0,0.0
2024,7,perez,11,76404.0,75706.0,,8,imola,red_bull,4,4,1,239,4,,103,2.0,0,3.0,3.2,0,-0.33,-0.2,25.11,42.02,48.43,0,0.0
2024,7,piastri,2,75940.0,75407.0,74820.0,4,imola,mclaren,13,6,3,124,1,74,41,6.0,0,9.67,7.4,0,-4.0,2.27,25.11,42.02,48.43,0,0.0
2024,7,ricciardo,9,76060.0,75691.0,75674.0,13,imola,rb,15,20,6,19,0,928,5,14.0,0,15.0,14.33,2,5.0,0.67,25.11,42.02,48.43,0,0.0
2024,7,russell,6,76107.0,75671.0,75234.0,7,imola,mercedes,8,7,4,64,0,488,37,7.0,0,7.0,8.8,0,1.0,-1.8,25.11,42.02,48.43,0,0.0
2024,7,sainz,5,76015.0,75512.0,75233.0,5,imola,ferrari,5,3,2,187,1,487,83,5.0,1,4.33,3.4,0,0.33,0.93,25.11,42.02,48.43,0,0.0
2024,7,sargeant,20,,,,17,imola,williams,R,17,9,0,0,,0,21.0,0,17.0,17.0,0,2.5,0.0,25.11,42.02,48.43,0,0.0
2024,7,stroll,13,76458.0,75992.0,,9,imola,aston_martin,17,11,5,42,0,,9,11.0,0,14.67,12.5,1,-2.0,2.17,25.11,42.02,48.43,0,0.0
2024,7,tsunoda,7,75894.0,75358.0,75465.0,10,imola,rb,7,10,6,19,0,719,14,10.0,0,8.5,9.75,1,1.5,-1.25,25.11,42.02,48.43,0,0.0
2024,7,zhou,17,76834.0,,,15,imola,sauber,14,19,10,0,0,,0,18.0,0,14.0,15.25,1,3.5,-1.25,25.11,42.02,48.43,0,0.0
2024,8,albon,9,71623.0,71216.0,70948.0,9,monaco,williams,R,14,9,0,0,678,0,17.0,0,15.0,13.67,1,-1.0,1.33,21.6,46.32,63.99,0,0.0
2024,8,alonso,14,72019.0,,,11,monaco,aston_martin,19,20,5,44,0,,33,9.0,0,11.67,9.8,0,1.0,1.87,21.6,46.32,63.99,0,0.0
2024,8,bottas,17,72512.0,,,13,monaco,sauber,18,16,10,0,0,,0,20.0,0,17.0,15.5,1,-1.0,1.5,21.6,46.32,63.99,0,0.0
2024,8,gasly,10,71714.0,70896.0,71311.0,10,monaco,alpine,16,15,8,1,0,1041,0,19.0,0,13.67,14.0,1,0.33,-0.33,21.6,46.32,63.99,0,0.0
2024,8,hamilton,7,71528.0,71056.0,70621.0,7,monaco,mercedes,6,8,4,79,0,351,35,8.0,0,7.0,7.5,1,4.33,-0.5,21.6,46.32,63.99,0,0.0
2024,8,hulkenberg,14,71876.0,71440.0,,19,monaco,haas,11,10,7,7,0,,6,13.0,0,10.67,10.4,0,-1.33,0.27,21.6,46.32,63.99,0,0.0
2024,8,kevin_magnussen,15,71832.0,71725.0,,20,monaco,haas,12,18,7,7,0,,1,16.0,0,15.67,14.0,0,2.0,1.67,21.6,46.32,63.99,0,0.0
2024,8,leclerc,1,71584.0,70825.0,70270.0,1,monaco,ferrari,3,3,2,212,1,0,113,2.0,0,3.33,3.2,0,0.33,0.13,21.6,46.32,63.99,0,0.0
2024,8,max_verstappen,6,71711.0,70745.0,70567.0,6,monaco,red_bull,1,1,1,268,5,297,161,1.0,5,1.33,1.25,1,-0.33,0.08,21.6,46.32,63.99,0,0.0
2024,8,norris,4,71760.0,70732.0,70542.0,4,monaco,mclaren,2,2,3,154,1,272,101,4.0,1,1.67,2.6,0,2.0,-0.93,21.6,46.32,63.99,0,0.0
2024,8,ocon,11,71887.0,71285.0,,17,monaco,alpine,14,12,8,1,0,,1,15.0,0,11.67,13.2,0,1.0,-1.53,21.6,46.32,63.99,0,0.0
2024,8,perez,16,72060.0,,,18,monaco,red_bull,8,11,1,268,5,,107,3.0,0,5.0,4.4,0,0.67,0.6,21.6,46.32,63.99,0,0.0
2024,8,piastri,2,71500.0,70756.0,70424.0,2,monaco,mclaren,4,5,3,154,1,154,53,6.0,0,8.33,7.4,0,-3.0,0.93,21.6,46.32,63.99,0,0.0
2024,8,ricciardo,12,71785.0,71482.0,,12,monaco,rb,13,9,6,20,0,,5,14.0,0,14.0,13.33,2,0.5,0.67,21.6,46.32,63.99,0,0.0
2024,8,russell,5,71492.0,70929.0,70543.0,5,monaco,mercedes,7,6,4,79,0,273,44,7.0,0,7.0,9.0,0,0.0,-2.0,21.6,46.32,63.99,0,0.0
2024,8,sainz,3,71543.0,71075.0,70518.0,3,monaco,ferrari,5,4,2,212,1,248,93,5.0,1,5.0,3.8,0,-0.33,1.2,21.6,46.32,63.99,0,0.0
2024,8,sargeant,15,72020.0,,,15,monaco,williams,17,19,9,0,0,,0,21.0,0,17.0,16.25,1,2.5,0.75,21.6,46.32,63.99,0,0.0
2024,8,stroll,13,71728.0,71563.0,,14,monaco,aston_martin,9,13,5,44,0,,11,11.0,0,13.67,11.8,1,-2.0,1.87,21.6,46.32,63.99,0,0.0
2024,8,tsunoda,8,71852.0,71106.0,70858.0,8,monaco,rb,10,7,6,20,0,588,15,10.0,0,8.5,8.5,1,0.0,0.0,21.6,46.32,63.99,0,0.0
2024,8,zhou,18,73028.0,,,16,monaco,sauber,15,17,10,0,0,,0,18.0,0,14.33,14.5,1,3.0,-0.17,21.6,46.32,63.99,0,0.0
2024,9,albon,10,72896.0,72485.0,72796.0,17,villeneuve,williams,9,9,8,2,0,796,2,15.0,0,13.5,13.0,2,-2.0,0.5,17.8,24.57,73.38,0,27.4
2024,9,alonso,6,73117.0,72635.0,72228.0,6,villeneuve,aston_martin,11,14,5,44,0,228,33,9.0,0,13.0,10.4,0,3.33,2.6,17.8,24.57,73.38,0,27.4
2024,9,bottas,17,73366.0,,,13,villeneuve,sauber,13,17,10,0,0,,0,20.0,0,15.67,15.25,1,0.67,0.42,17.8,24.57,73.38,0,27.4
2024,9,gasly,15,73289.0,72940.0,,9,villeneuve,alpine,10,10,9,2,0,,1,18.0,0,12.67,13.4,1,-0.33,-0.73,17.8,24.57,73.38,0,27.4
2024,9,hamilton,7,72851.0,71979.0,72280.0,4,villeneuve,mercedes,7,7,4,96,0,280,42,8.0,0,6.33,7.4,1,1.33,-1.07,17.8,24.57,73.38,0,27.4
2024,9,hulkenberg,19,73978.0,,,11,villeneuve,haas,R,19,7,7,0,,6,13.0,0,11.0,10.75,0,-1.5,0.25,17.8,24.57,73.38,0,27.4
2024,9,kevin_magnussen,14,73217.0,72916.0,,12,villeneuve,haas,R,20,7,7,0,,1,17.0,0,15.5,15.0,0,2.5,0.5,17.8,24.57,73.38,0,27.4
2024,9,leclerc,11,73107.0,72691.0,,19,villeneuve,ferrari,1,1,2,252,2,,138,2.0,1,2.33,3.0,0,-0.33,-0.67,17.8,24.57,73.38,0,27.4
2024,9,max_verstappen,2,72360.0,72549.0,72000.0,1,villeneuve,red_bull,6,6,1,276,5,0,169,1.0,5,3.0,2.2,1,-0.33,0.8,17.8,24.57,73.38,0,27.4
2024,9,norris,3,72959.0,72201.0,72021.0,2,villeneuve,mclaren,4,4,3,184,1,21,113,3.0,1,2.33,2.8,0,1.33,-0.47,17.8,24.57,73.38,0,27.4
2024,9,ocon,18,73435.0,,,10,villeneuve,alpine,R,11,9,2,0,,1,16.0,0,12.0,12.5,0,0.5,-0.5,17.8,24.57,73.38,0,27.4
2024,9,perez,16,73326.0,,,18,villeneuve,red_bull,R,16,1,276,5,,107,5.0,0,6.0,4.25,0,1.5,1.75,17.8,24.57,73.38,0,27.4
2024,9,piastri,4,72907.0,72462.0,72103.0,5,villeneuve,mclaren,2,2,3,184,1,103,71,6.0,0,6.33,7.0,0,-2.0,-0.67,17.8,24.57,73.38,0,27.4
2024,9,ricciardo,5,73240.0,72572.0,72178.0,8,villeneuve,rb,12,12,6,24,0,178,5,14.0,0,13.33,13.33,2,0.33,0.0,17.8,24.57,73.38,0,27.4
2024,9,russell,1,73013.0,71742.0,72000.0,3,villeneuve,mercedes,5,5,4,96,0,0,54,7.0,0,6.67,6.6,0,-0.67,0.07,17.8,24.57,73.38,0,27.4
2024,9,sainz,12,73038.0,72728.0,,16,villeneuve,ferrari,3,3,2,252,2,,108,4.0,1,4.33,4.2,0,-1.0,0.13,17.8,24.57,73.38,0,27.4
2024,9,sargeant,13,73063.0,72736.0,,20,villeneuve,williams,15,15,8,2,0,,0,21.0,0,16.0,16.5,1,1.0,-0.5,17.8,24.57,73.38,0,27.4
2024,9,stroll,9,73088.0,72659.0,72701.0,7,villeneuve,aston_martin,14,13,5,44,0,701,11,11.0,0,13.33,13.4,1,-1.0,-0.07,17.8,24.57,73.38,0,27.4
2024,9,tsunoda,8,72748.0,72303.0,72414.0,14,villeneuve,rb,8,8,6,24,0,414,19,10.0,0,8.33,8.75,1,0.0,-0.42,17.8,24.57,73.38,0,27.4
2024,9,zhou,20,74292.0,,,15,villeneuve,sauber,16,18,10,0,0,,0,19.0,0,15.0,14.75,1,3.0,0.25,17.8,24.57,73.38,0,27.4
2024,10,albon,19,73153.0,,,18,catalunya,williams,R,10,9,2,0,,2,16.0,0,9.0,13.0,2,0.0,-4.0,24.13,41.1,63.44,0,0.6
2024,10,alonso,11,72505.0,72128.0,,12,catalunya,aston_martin,6,6,5,58,0,,41,9.0,0,12.0,10.4,0,1.33,1.6,24.13,41.1,63.44,0,0.6
2024,10,bottas,12,72758.0,72227.0,,16,catalunya,sauber,13,19,10,0,0,,0,20.0,0,14.67,15.0,1,2.67,-0.33,24.13,41.1,63.44,0,0.6
2024,10,gasly,7,72651.0,72079.0,71857.0,9,catalunya,alpine,9,15,8,5,0,474,3,15.0,0,11.67,12.0,1,1.67,-0.33,24.13,41.1,63.44,0,0.6
2024,10,hamilton,3,72143.0,71792.0,71701.0,3,catalunya,mercedes,4,7,4,124,0,318,55,8.0,0,5.67,6.4,1,1.67,-0.73,24.13,41.1,63.44,0,0.6
2024,10,hulkenberg,13,72708.0,72310.0,,11,catalunya,haas,11,17,7,7,0,,6,14.0,0,11.0,10.75,1,2.5,0.25,24.13,41.1,63.44,0,0.6
2024,10,kevin_magnussen,16,72937.0,,,17,catalunya,haas,12,14,7,7,0,,1,18.0,0,12.0,14.75,1,4.0,-2.75,24.13,41.1,63.44,0,0.6
2024,10,leclerc,5,72257.0,72038.0,71731.0,5,catalunya,ferrari,R,11,2,252,2,348,138,2.0,1,2.0,2.75,0,0.0,-0.75,24.13,41.1,63.44,0,0.6
2024,10,max_verstappen,2,72306.0,71653.0,71403.0,1,catalunya,red_bull,1,2,1,301,6,20,194,1.0,6,2.67,2.2,1,0.33,0.47,24.13,41.1,63.44,0,0.6
2024,10,norris,1,72386.0,71872.0,71383.0,2,catalunya,mclaren,2,3,3,212,1,0,131,3.0,1,2.67,2.2,0,0.33,0.47,24.13,41.1,63.44,0,0.6
2024,10,ocon,9,72691.0,72109.0,72125.0,10,catalunya,alpine,10,18,8,5,0,742,2,17.0,0,12.0,11.25,1,3.0,0.75,24.13,41.1,63.44,0,0.6
2024,10,perez,8,72477.0,72054.0,72061.0,8,catalunya,red_bull,R,16,1,301,6,678,107,5.0,0,8.0,5.0,1,3.0,3.0,24.13,41.1,63.44,0,0.6
2024,10,piastri,10,72460.0,72011.0,,7,catalunya,mclaren,5,4,3,212,1,,81,6.0,0,3.67,6.4,0,0.0,-2.73,24.13,41.1,63.44,0,0.6
2024,10,ricciardo,18,73075.0,,,15,catalunya,rb,8,5,6,28,0,,9,12.0,0,11.0,12.0,2,-2.33,-1.0,24.13,41.1,63.44,0,0.6
2024,10,russell,4,72456.0,71812.0,71703.0,4,catalunya,mercedes,3,1,4,124,0,320,69,7.0,0,5.0,5.8,0,-1.0,-0.8,24.13,41.1,63.44,0,0.6
2024,10,sainz,6,72403.0,71874.0,71736.0,6,catalunya,ferrari,R,12,2,252,2,353,108,4.0,1,4.0,4.5,0,-0.5,-0.5,24.13,41.1,63.44,0,0.6
2024,10,sargeant,20,73509.0,,,20,catalunya,williams,R,13,9,2,0,,0,21.0,0,16.0,16.33,1,1.0,-0.33,24.13,41.1,63.44,0,0.6
2024,10,stroll,14,72881.0,72372.0,,14,catalunya,aston_martin,7,9,5,58,0,,17,11.0,0,10.0,12.4,1,1.67,-2.4,24.13,41.1,63.44,0,0.6
2024,10,tsunoda,17,72985.0,,,19,catalunya,rb,14,8,6,28,0,,19,10.0,0,10.67,9.75,1,-3.0,0.92,24.13,41.1,63.44,0,0.6
2024,10,zhou,15,72880.0,72738.0,,13,catalunya,sauber,15,20,10,0,0,,0,19.0,0,15.33,14.8,1,3.0,0.53,24.13,41.1,63.44,0,0.6
2024,11,albon,16,65736.0,,,15,red_bull_ring,williams,18,20,9,2,0,,2,17.0,0,13.5,15.0,3,1.0,-1.5,29.43,46.42,35.01,0,0.7
2024,11,alonso,15,65656.0,65639.0,,18,red_bull_ring,aston_martin,12,10,5,58,0,,41,9.0,0,9.67,11.4,0,0.33,-1.73,29.43,46.42,35.01,0,0.7
2024,11,bottas,18,65847.0,,,16,red_bull_ring,sauber,16,12,10,0,0,,0,20.0,0,14.0,15.2,1,2.0,-1.2,29.43,46.42,35.01,0,0.7
2024,11,gasly,13,65598.0,65359.0,,10,red_bull_ring,alpine,9,7,7,8,0,,5,15.0,0,9.33,11.2,1,1.33,-1.87,29.43,46.42,35.01,0,0.7
2024,11,hamilton,5,65541.0,65053.0,64903.0,4,red_bull_ring,mercedes,3,3,4,151,0,589,70,8.0,0,4.67,5.2,1,1.0,-0.53,29.43,46.42,35.01,0,0.7
2024,11,hulkenberg,9,65596.0,65262.0,65385.0,6,red_bull_ring,haas,11,13,8,7,0,1071,6,14.0,0,11.0,11.0,1,4.0,0.0,29.43,46.42,35.01,0,0.7
2024,11,kevin_magnussen,12,65508.0,65347.0,,8,red_bull_ring,haas,17,16,8,7,0,,1,18.0,0,14.5,15.0,1,0.5,-0.5,29.43,46.42,35.01,0,0.7
2024,11,leclerc,6,65509.0,65104.0,65044.0,11,red_bull_ring,ferrari,5,5,2,270,2,730,148,3.0,1,3.0,3.0,1,0.0,0.0,29.43,46.42,35.01,0,0.7
2024,11,max_verstappen,1,65336.0,64469.0,64314.0,5,red_bull_ring,red_bull,1,2,1,330,7,0,219,1.0,7,2.67,2.2,1,0.67,0.47,29.43,46.42,35.01,0,0.7
2024,11,norris,2,65450.0,65103.0,64718.0,20,red_bull_ring,mclaren,2,1,3,237,1,404,150,2.0,1,2.67,2.2,0,0.0,0.47,29.43,46.42,35.01,0,0.7
2024,11,ocon,10,65574.0,65274.0,65883.0,12,red_bull_ring,alpine,10,8,7,8,0,1569,3,16.0,0,10.0,11.0,1,3.0,-1.0,29.43,46.42,35.01,0,0.7
2024,11,perez,8,65587.0,65144.0,65202.0,7,red_bull_ring,red_bull,8,11,1,330,7,888,111,5.0,0,8.0,6.67,2,3.0,1.33,29.43,46.42,35.01,0,0.7
2024,11,piastri,7,65311.0,65070.0,65048.0,2,red_bull_ring,mclaren,7,9,3,237,1,734,87,6.0,0,4.67,6.2,0,0.33,-1.53,29.43,46.42,35.01,0,0.7
2024,11,ricciardo,11,65569.0,65289.0,,9,red_bull_ring,rb,15,18,6,28,0,,9,12.0,0,11.67,12.6,2,0.0,-0.93,29.43,46.42,35.01,0,0.7
2024,11,russell,3,65585.0,65016.0,64840.0,1,red_bull_ring,mercedes,4,4,4,151,0,526,81,7.0,0,4.0,5.4,0,-0.67,-1.4,29.43,46.42,35.01,0,0.7
2024,11,sainz,4,65263.0,65016.0,64851.0,3,red_bull_ring,ferrari,6,6,2,270,2,537,116,4.0,1,4.5,4.75,1,0.0,-0.25,29.43,46.42,35.01,0,0.7
2024,11,sargeant,19,65856.0,,,19,red_bull_ring,williams,20,19,9,2,0,,0,21.0,0,17.5,17.33,2,-0.5,0.17,29.43,46.42,35.01,0,0.7
2024,11,stroll,17,65819.0,,,13,red_bull_ring,aston_martin,14,14,5,58,0,,17,11.0,0,11.67,12.2,1,0.33,-0.53,29.43,46.42,35.01,0,0.7
2024,11,tsunoda,14,65563.0,65412.0,,14,red_bull_ring,rb,19,17,6,28,0,,19,10.0,0,13.67,11.6,1,-2.67,2.07,29.43,46.42,35.01,0,0.7
2024,11,zhou,20,66061.0,,,17,red_bull_ring,sauber,13,15,10,0,0,,0,19.0,0,14.67,14.6,1,3.0,0.07,29.43,46.42,35.01,0,0.7
2024,12,albon,9,91135.0,86933.0,86640.0,9,silverstone,williams,15,16,9,2,0,821,2,18.0,0,16.5,14.0,3,1.5,2.5,15.77,27.67,67.33,0,34.7
2024,12,alonso,10,91264.0,86730.0,86917.0,8,silverstone,aston_martin,18,15,5,58,0,1098,41,9.0,0,12.0,13.2,0,-1.67,-1.2,15.77,27.67,67.33,0,34.7
2024,12,bottas,16,92431.0,,,15,silverstone,sauber,16,18,10,0,0,,0,20.0,0,15.0,15.2,1,1.33,-0.2,15.77,27.67,67.33,0,34.7
2024,12,gasly,20,99804.0,,,20,silverstone,alpine,10,13,8,9,0,,6,15.0,0,9.33,10.8,1,2.33,-1.47,15.77,27.67,67.33,0,34.7
2024,12,hamilton,2,89547.0,86770.0,85990.0,1,silverstone,mercedes,4,5,4,196,1,171,85,8.0,0,3.67,4.8,1,1.33,-1.13,15.77,27.67,67.33,0,34.7
2024,12,hulkenberg,6,91929.0,86847.0,86338.0,6,silverstone,haas,6,9,7,19,0,519,14,12.0,0,9.33,9.75,1,3.67,-0.42,15.77,27.67,67.33,0,34.7
2024,12,kevin_magnussen,17,92905.0,,,12,silverstone,haas,8,12,7,19,0,,5,16.0,0,12.33,12.25,1,1.67,0.08,15.77,27.67,67.33,0,34.7
2024,12,leclerc,11,90496.0,87097.0,,14,silverstone,ferrari,11,6,2,291,2,,150,3.0,1,8.0,5.0,1,-2.5,3.0,15.77,27.67,67.33,0,34.7
2024,12,max_verstappen,4,91342.0,86796.0,86203.0,2,silverstone,red_bull,5,1,1,355,7,384,237,1.0,7,2.33,2.8,1,-0.67,-0.47,15.77,27.67,67.33,0,34.7
2024,12,norris,3,91596.0,86559.0,86030.0,3,silverstone,mclaren,20,2,3,268,1,211,156,2.0,1,8.0,6.0,0,-6.0,2.0,15.77,27.67,67.33,0,34.7
2024,12,ocon,18,94557.0,,,16,silverstone,alpine,12,10,8,9,0,,3,17.0,0,10.67,11.5,1,1.33,-0.83,15.77,27.67,67.33,0,34.7
2024,12,perez,19,98348.0,,,17,silverstone,red_bull,7,8,1,355,7,,118,5.0,0,7.5,7.67,2,2.0,-0.17,15.77,27.67,67.33,0,34.7
2024,12,piastri,5,90895.0,86733.0,86237.0,4,silverstone,mclaren,2,7,3,268,1,418,112,6.0,0,4.67,4.0,0,2.0,0.67,15.77,27.67,67.33,0,34.7
2024,12,ricciardo,15,91291.0,87949.0,,13,silverstone,rb,9,11,6,30,0,,11,13.0,0,10.67,11.4,2,0.67,-0.73,15.77,27.67,67.33,0,34.7
2024,12,russell,1,90106.0,86723.0,85819.0,19,silverstone,mercedes,1,3,4,196,1,0,111,7.0,1,2.67,4.0,0,0.0,-1.33,15.77,27.67,67.33,0,34.7
2024,12,sainz,7,90557.0,86843.0,86509.0,5,silverstone,ferrari,3,4,2,291,2,690,135,4.0,1,4.5,4.25,1,0.5,0.25,15.77,27.67,67.33,0,34.7
2024,12,sargeant,12,91608.0,87175.0,,11,silverstone,williams,19,19,9,2,0,,0,21.0,0,19.5,17.75,2,-0.5,1.75,15.77,27.67,67.33,0,34.7
2024,12,stroll,8,91410.0,86938.0,86585.0,7,silverstone,aston_martin,13,17,5,58,0,766,17,11.0,0,11.33,11.4,1,2.0,-0.07,15.77,27.67,67.33,0,34.7
2024,12,tsunoda,13,90994.0,87269.0,,10,silverstone,rb,14,14,6,30,0,,19,10.0,0,15.67,13.0,1,-2.67,2.67,15.77,27.67,67.33,0,34.7
2024,12,zhou,14,91190.0,87867.0,,18,silverstone,sauber,17,20,10,0,0,,0,19.0,0,15.0,15.2,1,3.33,-0.2,15.77,27.67,67.33,0,34.7
2024,13,albon,13,77280.0,76429.0,,14,hungaroring,williams,9,9,9,4,0,,4,17.0,0,14.0,12.75,3,1.0,1.25,28.82,44.92,46.92,0,0.0
2024,13,alonso,7,77624.0,76117.0,76043.0,11,hungaroring,aston_martin,8,10,5,68,0,816,45,9.0,0,12.67,11.0,0,-1.0,1.67,28.82,44.92,46.92,0,0.0
2024,13,bottas,12,77487.0,76384.0,,16,hungaroring,sauber,15,16,10,0,0,,0,21.0,0,15.67,14.6,1,-0.33,1.07,28.82,44.92,46.92,0,0.0
2024,13,gasly,20,78166.0,,,20,hungaroring,alpine,W,19,8,9,0,,6,15.0,0,9.5,9.5,1,0.5,0.0,28.82,44.92,46.92,0,0.0
2024,13,hamilton,5,77087.0,76307.0,75854.0,3,hungaroring,mercedes,1,2,4,221,2,627,110,8.0,1,2.67,3.8,1,0.67,-1.13,28.82,44.92,46.92,0,0.0
2024,13,hulkenberg,11,77362.0,76317.0,,13,hungaroring,haas,6,6,7,27,0,,22,11.0,0,7.67,8.5,1,1.67,-0.83,28.82,44.92,46.92,0,0.0
2024,13,kevin_magnussen,15,77851.0,76548.0,,15,hungaroring,haas,12,17,7,27,0,,5,16.0,0,12.33,12.25,1,2.67,0.08,28.82,44.92,46.92,0,0.0
2024,13,leclerc,6,77437.0,75891.0,75905.0,4,hungaroring,ferrari,14,11,2,302,2,678,150,3.0,1,10.0,7.75,1,-2.67,2.25,28.82,44.92,46.92,0,0.0
2024,13,max_verstappen,3,77087.0,75770.0,75273.0,5,hungaroring,red_bull,2,4,1,373,7,46,255,1.0,7,2.67,3.0,1,-0.33,-0.33,28.82,44.92,46.92,0,0.0
2024,13,norris,1,77755.0,75540.0,75227.0,2,hungaroring,mclaren,3,3,3,295,1,0,171,2.0,1,8.33,6.2,0,-6.33,2.13,28.82,44.92,46.92,0,0.0
2024,13,ocon,19,78049.0,,,18,hungaroring,alpine,16,18,8,9,0,,3,18.0,0,12.67,12.0,1,-0.67,0.67,28.82,44.92,46.92,0,0.0
2024,13,perez,16,77886.0,,,7,hungaroring,red_bull,17,20,1,373,7,,118,6.0,0,10.67,10.67,2,2.33,0.0,28.82,44.92,46.92,0,0.0
2024,13,piastri,2,77504.0,75785.0,75249.0,1,hungaroring,mclaren,4,5,3,295,1,22,124,5.0,0,4.33,4.0,0,2.67,0.33,28.82,44.92,46.92,0,0.0
2024,13,ricciardo,9,77050.0,76202.0,76447.0,12,hungaroring,rb,13,15,6,31,0,1220,11,13.0,0,12.33,11.4,2,2.33,0.93,28.82,44.92,46.92,0,0.0
2024,13,russell,17,77968.0,,,8,hungaroring,mercedes,R,1,4,221,2,,111,7.0,1,2.5,3.25,0,1.0,-0.75,28.82,44.92,46.92,0,0.0
2024,13,sainz,4,77244.0,75885.0,75696.0,6,hungaroring,ferrari,5,7,2,302,2,469,146,4.0,1,4.67,4.25,1,1.0,0.42,28.82,44.92,46.92,0,0.0
2024,13,sargeant,14,77770.0,76543.0,,17,hungaroring,williams,11,12,9,4,0,,0,20.0,0,16.67,16.25,2,0.0,0.42,28.82,44.92,46.92,0,0.0
2024,13,stroll,8,77405.0,76075.0,76244.0,10,hungaroring,aston_martin,7,8,5,68,0,1017,23,10.0,0,11.33,11.0,1,1.67,0.33,28.82,44.92,46.92,0,0.0
2024,13,tsunoda,10,77436.0,76121.0,76477.0,9,hungaroring,rb,10,13,6,31,0,1250,20,12.0,0,14.33,13.0,1,0.33,1.33,28.82,44.92,46.92,0,0.0
2024,13,zhou,18,78037.0,,,19,hungaroring,sauber,18,14,10,0,0,,0,19.0,0,16.0,15.8,1,0.33,0.2,28.82,44.92,46.92,0,0.0
2024,14,albon,11,115722.0,114473.0,,12,spa,williams,14,13,9,4,0,,4,17.0,0,12.67,14.0,3,0.0,-1.33,21.33,42.27,49.58,0,0.0
2024,14,alonso,9,115489.0,114258.0,114765.0,8,spa,aston_martin,11,7,5,69,0,1606,45,9.0,0,12.33,11.0,0,-1.67,1.33,21.33,42.27,49.58,0,0.0
2024,14,bottas,14,115531.0,114764.0,,15,spa,sauber,16,12,10,0,0,,0,21.0,0,15.67,15.2,1,-0.33,0.47,21.33,42.27,49.58,0,0.0
2024,14,gasly,12,114911.0,114635.0,,13,spa,alpine,R,20,8,9,0,,6,15.0,0,10.0,9.33,1,3.0,0.67,21.33,42.27,49.58,0,0.0
2024,14,hamilton,4,115692.0,114037.0,113835.0,1,spa,mercedes,3,5,4,241,2,676,125,6.0,1,2.67,3.0,1,1.33,-0.33,21.33,42.27,49.58,0,0.0
2024,14,hulkenberg,16,116308.0,,,18,spa,haas,13,11,7,27,0,,22,11.0,0,8.33,9.4,1,0.33,-1.07,21.33,42.27,49.58,0,0.0
2024,14,kevin_magnussen,17,116500.0,,,14,spa,haas,15,15,7,27,0,,5,16.0,0,11.67,12.8,1,3.0,-1.13,21.33,42.27,49.58,0,0.0
2024,14,leclerc,2,115349.0,114193.0,113754.0,3,spa,ferrari,4,6,3,322,2,595,162,3.0,1,9.67,8.5,1,-2.0,1.17,21.33,42.27,49.58,0,0.0
2024,14,max_verstappen,1,114938.0,113837.0,113159.0,4,spa,red_bull,5,3,1,389,7,0,265,1.0,7,4.0,2.8,1,-1.33,1.2,21.33,42.27,49.58,0,0.0
2024,14,norris,5,115582.0,114358.0,113981.0,5,spa,mclaren,2,1,2,338,2,822,189,2.0,1,8.33,5.8,0,-6.33,2.53,21.33,42.27,49.58,0,0.0
2024,14,ocon,10,115417.0,114460.0,114810.0,9,spa,alpine,18,19,8,9,0,1651,3,18.0,0,15.33,13.2,1,0.33,2.13,21.33,42.27,49.58,0,0.0
2024,14,perez,3,115139.0,114470.0,113765.0,7,spa,red_bull,7,16,1,389,7,606,124,7.0,0,10.33,9.75,2,4.33,0.58,21.33,42.27,49.58,0,0.0
2024,14,piastri,6,114835.0,114136.0,114027.0,2,spa,mclaren,1,2,2,338,2,868,149,5.0,1,2.33,3.8,0,2.33,-1.47,21.33,42.27,49.58,0,0.0
2024,14,ricciardo,13,115451.0,114682.0,,10,spa,rb,12,9,6,33,0,,11,13.0,0,11.33,11.4,2,0.33,-0.07,21.33,42.27,49.58,0,0.0
2024,14,russell,7,115353.0,114095.0,114184.0,20,spa,mercedes,8,17,4,241,2,1025,116,8.0,1,4.5,4.0,1,5.5,0.5,21.33,42.27,49.58,0,0.0
2024,14,sainz,8,115169.0,114112.0,114477.0,6,spa,ferrari,6,4,3,322,2,1318,154,4.0,1,4.67,5.0,1,0.33,-0.33,21.33,42.27,49.58,0,0.0
2024,14,sargeant,19,117230.0,,,17,spa,williams,17,14,9,4,0,,0,20.0,0,15.67,16.75,2,-0.67,-1.08,21.33,42.27,49.58,0,0.0
2024,14,stroll,15,116072.0,115716.0,,11,spa,aston_martin,10,8,5,69,0,,24,10.0,0,10.0,10.2,1,1.0,-0.2,21.33,42.27,49.58,0,0.0
2024,14,tsunoda,18,116593.0,,,16,spa,rb,9,10,6,33,0,,22,12.0,0,11.0,13.2,1,1.33,-2.2,21.33,42.27,49.58,0,0.0
2024,14,zhou,20,117775.0,,,19,spa,sauber,19,18,10,0,0,,0,19.0,0,18.0,16.4,1,-0.67,1.6,21.33,42.27,49.58,0,0.0
2024,15,albon,10,,70768.0,70653.0,14,zandvoort,williams,12,10,9,4,0,980,4,18.0,0,11.67,13.6,3,-1.0,-1.93,19.01,30.81,60.96,0,0.0
2024,15,alonso,7,71493.0,70845.0,70633.0,10,zandvoort,aston_martin,8,8,5,73,0,960,49,9.0,0,9.0,11.4,0,-0.67,-2.4,19.01,30.81,60.96,0,0.0
2024,15,bottas,17,72168.0,,,19,zandvoort,sauber,15,14,10,0,0,,0,21.0,0,15.33,15.6,1,-1.33,-0.27,19.01,30.81,60.96,0,0.0
2024,15,gasly,9,71718.0,70815.0,70977.0,9,zandvoort,alpine,13,12,8,11,0,1304,6,15.0,0,13.0,10.67,2,-1.0,2.33,19.01,30.81,60.96,0,0.0
2024,15,hamilton,11,71375.0,70948.0,,8,zandvoort,mercedes,1,3,4,266,3,,150,6.0,2,1.67,2.4,1,1.67,-0.73,19.01,30.81,60.96,0,0.0
2024,15,hulkenberg,13,71832.0,71215.0,,11,zandvoort,haas,18,16,7,27,0,,22,11.0,0,12.33,10.8,1,-1.33,1.53,19.01,30.81,60.96,0,0.0
2024,15,kevin_magnussen,14,71630.0,71295.0,,18,zandvoort,haas,14,17,7,27,0,,5,16.0,0,13.67,13.2,1,2.67,0.47,19.01,30.81,60.96,0,0.0
2024,15,leclerc,6,71370.0,70689.0,70582.0,3,zandvoort,ferrari,3,1,3,345,2,909,177,3.0,1,7.0,7.4,1,-1.0,-0.4,19.01,30.81,60.96,0,0.0
2024,15,max_verstappen,2,71393.0,70811.0,70029.0,2,zandvoort,red_bull,4,11,1,408,7,356,277,1.0,7,3.67,3.4,1,2.33,0.27,19.01,30.81,60.96,0,0.0
2024,15,norris,1,71377.0,70496.0,69673.0,1,zandvoort,mclaren,5,4,2,366,2,0,199,2.0,1,3.33,6.4,0,-0.67,-3.07,19.01,30.81,60.96,0,0.0
2024,15,ocon,16,71995.0,,,15,zandvoort,alpine,9,9,8,11,0,,5,17.0,0,14.33,13.0,1,1.0,1.33,19.01,30.81,60.96,0,0.0
2024,15,perez,5,71006.0,70678.0,70416.0,6,zandvoort,red_bull,7,2,1,408,7,743,131,7.0,0,10.33,9.2,2,2.33,1.13,19.01,30.81,60.96,0,0.0
2024,15,piastri,3,71541.0,70505.0,70172.0,4,zandvoort,mclaren,2,5,2,366,2,499,167,4.0,1,2.33,3.2,0,1.67,-0.87,19.01,30.81,60.96,0,0.0
2024,15,ricciardo,15,71943.0,,,12,zandvoort,rb,10,13,6,34,0,,12,13.0,0,11.67,11.8,2,0.67,-0.13,19.01,30.81,60.96,0,0.0
2024,15,russell,4,71049.0,70552.0,70244.0,7,zandvoort,mercedes,20,6,4,266,3,571,116,8.0,1,14.0,8.25,1,-2.5,5.75,19.01,30.81,60.96,0,0.0
2024,15,sainz,10,71327.0,70914.0,,5,zandvoort,ferrari,6,7,3,345,2,,162,5.0,1,5.67,5.2,1,0.33,0.47,19.01,30.81,60.96,0,0.0
2024,15,sargeant,20,,,,16,zandvoort,williams,17,18,9,4,0,,0,20.0,0,15.0,16.8,2,-0.33,-1.8,19.01,30.81,60.96,0,0.0
2024,15,stroll,8,71518.0,70661.0,70857.0,13,zandvoort,aston_martin,11,15,5,73,0,1184,24,10.0,0,9.33,11.0,1,1.0,-1.67,19.01,30.81,60.96,0,0.0
2024,15,tsunoda,12,71603.0,70955.0,,17,zandvoort,rb,16,20,6,34,0,,22,12.0,0,11.67,13.6,1,2.67,-1.93,19.01,30.81,60.96,0,0.0
2024,15,zhou,18,73261.0,,,20,zandvoort,sauber,R,19,10,0,0,,0,19.0,0,18.5,16.75,1,-2.5,1.75,19.01,30.81,60.96,0,0.0
2024,16,albon,9,80542.0,80314.0,80299.0,9,monza,williams,14,19,9,4,0,972,4,18.0,0,13.33,12.8,3,0.67,0.53,33.1,49.31,32.29,0,0.0
2024,16,alonso,11,80617.0,80421.0,,11,monza,aston_martin,10,7,5,74,0,,50,9.0,0,9.67,11.0,0,-2.33,-1.33,33.1,49.31,32.29,0,0.0
2024,16,bottas,19,81101.0,,,16,monza,sauber,19,16,10,0,0,,0,21.0,0,16.67,16.2,1,-2.67,0.47,33.1,49.31,32.29,0,0.0
2024,16,colapinto,18,81061.0,,,12,monza,williams,,,9,4,0,,,,,,,,,,33.1,49.31,32.29,0,0.0
2024,16,gasly,14,80748.0,80738.0,,15,monza,alpine,9,9,8,13,0,,8,14.0,0,11.0,10.67,2,-0.5,0.33,33.1,49.31,32.29,0,0.0
2024,16,hamilton,6,80477.0,79641.0,79513.0,5,monza,mercedes,8,14,4,276,3,186,154,6.0,2,4.0,3.4,1,3.33,0.6,33.1,49.31,32.29,0,0.0
2024,16,hulkenberg,10,80781.0,80411.0,80339.0,17,monza,haas,11,12,7,27,0,1012,22,11.0,0,14.0,10.8,1,-1.0,3.2,33.1,49.31,32.29,0,0.0
2024,16,kevin_magnussen,13,80856.0,80698.0,,10,monza,haas,18,20,7,27,0,,5,16.0,0,15.67,13.4,1,1.67,2.27,33.1,49.31,32.29,0,0.0
2024,16,leclerc,4,80074.0,80007.0,79461.0,1,monza,ferrari,3,6,3,370,2,134,192,3.0,1,3.33,7.0,1,1.0,-3.67,33.1,49.31,32.29,0,0.0
2024,16,max_verstappen,7,80226.0,79662.0,80022.0,6,monza,red_bull,2,2,1,434,7,695,295,1.0,7,3.67,3.6,1,1.67,0.07,33.1,49.31,32.29,0,0.0
2024,16,norris,1,79911.0,79727.0,79327.0,3,monza,mclaren,1,1,2,404,3,0,225,2.0,2,2.67,6.2,0,-0.67,-3.53,33.1,49.31,32.29,0,0.0
2024,16,ocon,15,80764.0,80766.0,,14,monza,alpine,15,15,8,13,0,,5,17.0,0,14.0,14.0,1,0.33,0.0,33.1,49.31,32.29,0,0.0
2024,16,perez,8,80598.0,80216.0,80062.0,8,monza,red_bull,6,5,1,434,7,735,139,7.0,0,6.67,8.8,2,1.0,-2.13,33.1,49.31,32.29,0,0.0
2024,16,piastri,2,80076.0,79808.0,79436.0,2,monza,mclaren,4,3,2,404,3,109,179,4.0,1,2.33,2.6,0,1.0,-0.27,33.1,49.31,32.29,0,0.0
2024,16,ricciardo,12,80901.0,80479.0,,13,monza,rb,12,13,6,34,0,,12,13.0,0,11.33,11.2,2,0.33,0.13,33.1,49.31,32.29,0,0.0
2024,16,russell,3,80169.0,79877.0,79440.0,7,monza,mercedes,7,4,4,276,3,113,122,8.0,1,11.67,9.0,1,-2.67,2.67,33.1,49.31,32.29,0,0.0
2024,16,sainz,5,80149.0,79799.0,79467.0,4,monza,ferrari,5,10,3,370,2,140,172,5.0,1,5.67,5.0,1,1.33,0.67,33.1,49.31,32.29,0,0.0
2024,16,stroll,17,81013.0,,,19,monza,aston_martin,13,8,5,74,0,,24,10.0,0,11.33,10.8,1,-1.0,0.53,33.1,49.31,32.29,0,0.0
2024,16,tsunoda,16,80945.0,,,20,monza,rb,17,11,6,34,0,,22,12.0,0,14.0,13.2,1,-0.33,0.8,33.1,49.31,32.29,0,0.0
2024,16,zhou,20,81445.0,,,18,monza,sauber,20,17,10,0,0,,0,19.0,0,19.5,18.5,2,-2.0,1.0,33.1,49.31,32.29,0,0.0
2024,17,albon,10,102899.0,102840.0,102859.0,7,baku,williams,9,9,9,6,0,1494,6,17.0,0,11.67,11.6,3,1.0,0.07,26.71,44.35,38.02,0,0.0
2024,17,alonso,8,103472.0,102426.0,102369.0,6,baku,aston_martin,11,11,5,74,0,1004,50,9.0,0,9.67,9.6,0,-1.0,0.07,26.71,44.35,38.02,0,0.0
2024,17,bearman,11,103471.0,102968.0,,10,baku,haas,,,7,28,0,,6,15.0,0,7.0,7.0,0,4.0,0.0,26.71,44.35,38.02,0,0.0
2024,17,bottas,17,103618.0,,,16,baku,sauber,16,19,10,0,0,,0,22.0,0,16.67,16.2,1,-0.33,0.47,26.71,44.35,38.02,0,0.0
2024,17,colapinto,9,103138.0,102473.0,102530.0,8,baku,williams,12,18,9,6,0,1165,0,21.0,0,12.0,12.0,0,6.0,0.0,26.71,44.35,38.02,0,0.0
2024,17,gasly,15,,103179.0,,12,baku,alpine,15,14,8,13,0,,8,14.0,0,12.33,12.33,2,-0.67,0.0,26.71,44.35,38.02,0,0.0
2024,17,hamilton,7,103089.0,102765.0,102289.0,9,baku,mercedes,5,6,4,292,3,924,164,6.0,2,4.67,3.6,1,3.0,1.07,26.71,44.35,38.02,0,0.0
2024,17,hulkenberg,13,103101.0,103191.0,,11,baku,haas,17,10,7,28,0,,22,11.0,0,15.33,13.0,1,-2.67,2.33,26.71,44.35,38.02,0,0.0
2024,17,leclerc,1,102775.0,102056.0,101365.0,2,baku,ferrari,1,4,3,407,3,0,217,3.0,2,2.33,5.0,1,1.33,-2.67,26.71,44.35,38.02,0,0.0
2024,17,max_verstappen,6,103097.0,102042.0,102023.0,5,baku,red_bull,6,7,1,446,7,658,303,1.0,7,4.0,3.8,1,2.67,0.2,26.71,44.35,38.02,0,0.0
2024,17,norris,16,103609.0,,,4,baku,mclaren,3,1,2,438,3,,241,2.0,2,3.0,2.8,0,-1.0,0.2,26.71,44.35,38.02,0,0.0
2024,17,ocon,19,104504.0,,,15,baku,alpine,14,15,8,13,0,,5,18.0,0,12.67,14.4,1,0.33,-1.73,26.71,44.35,38.02,0,0.0
2024,17,perez,4,103213.0,102263.0,101813.0,17,baku,red_bull,8,8,1,446,7,448,143,7.0,0,7.0,9.0,2,-2.0,-2.0,26.71,44.35,38.02,0,0.0
2024,17,piastri,2,103033.0,102598.0,101686.0,1,baku,mclaren,2,2,2,438,3,321,197,4.0,1,2.67,2.6,0,0.67,0.07,26.71,44.35,38.02,0,0.0
2024,17,ricciardo,15,103547.0,,,13,baku,rb,13,12,6,34,0,,12,13.0,0,11.67,12.0,2,1.0,-0.33,26.71,44.35,38.02,0,0.0
2024,17,russell,5,103139.0,102329.0,101874.0,3,baku,mercedes,7,3,4,292,3,509,128,8.0,1,11.33,10.5,1,-7.0,0.83,26.71,44.35,38.02,0,0.0
2024,17,sainz,3,103357.0,102503.0,101805.0,18,baku,ferrari,4,5,3,407,3,440,184,5.0,1,5.0,5.2,1,2.33,-0.2,26.71,44.35,38.02,0,0.0
2024,17,stroll,14,103370.0,103404.0,,19,baku,aston_martin,19,17,5,74,0,,24,10.0,0,14.33,12.0,1,-1.0,2.33,26.71,44.35,38.02,0,0.0
2024,17,tsunoda,12,103337.0,103035.0,,20,baku,rb,R,16,6,34,0,,22,12.0,0,16.5,13.0,1,-1.0,3.5,26.71,44.35,38.02,0,0.0
2024,17,zhou,18,104246.0,,,14,baku,sauber,18,20,10,0,0,,0,19.0,0,19.0,18.75,2,-0.5,0.25,26.71,44.35,38.02,0,0.0
2024,18,albon,11,90679.0,90474.0,,20,marina_bay,williams,7,9,8,16,0,,12,13.0,0,10.0,11.2,3,2.33,-1.2,30.79,36.45,74.65,0,0.0
2024,18,alonso,7,90684.0,90450.0,90214.0,8,marina_bay,aston_martin,6,7,5,82,0,689,58,9.0,0,9.0,9.2,0,-0.67,-0.2,30.79,36.45,74.65,0,0.0
2024,18,bottas,19,91572.0,,,16,marina_bay,sauber,16,16,10,0,0,,0,22.0,0,17.0,16.4,1,0.0,0.6,30.79,36.45,74.65,0,0.0
2024,18,colapinto,12,90704.0,90481.0,,11,marina_bay,williams,8,8,8,16,0,,4,19.0,0,10.0,10.0,0,3.0,0.0,30.79,36.45,74.65,0,0.0
2024,18,gasly,18,91312.0,,,17,marina_bay,alpine,12,18,9,13,0,,8,15.0,0,12.0,12.25,2,1.67,-0.25,30.79,36.45,74.65,0,0.0
2024,18,hamilton,3,90393.0,89929.0,89841.0,6,marina_bay,mercedes,9,19,4,309,3,316,166,6.0,2,7.33,5.2,1,5.67,2.13,30.79,36.45,74.65,0,0.0
2024,18,hulkenberg,6,90724.0,90150.0,90115.0,9,marina_bay,haas,11,12,7,29,0,590,22,11.0,0,13.0,14.0,1,-1.67,-1.0,30.79,36.45,74.65,0,0.0
2024,18,kevin_magnussen,14,90829.0,90653.0,,19,marina_bay,haas,,,7,29,0,,6,17.0,0,14.0,13.8,1,2.67,0.2,30.79,36.45,74.65,0,0.0
2024,18,leclerc,9,90786.0,89747.0,,5,marina_bay,ferrari,2,1,3,425,3,,235,3.0,2,2.0,2.6,1,1.67,-0.6,30.79,36.45,74.65,0,0.0
2024,18,max_verstappen,2,90157.0,89680.0,89728.0,2,marina_bay,red_bull,5,6,2,456,7,203,313,1.0,7,4.33,4.4,1,0.67,-0.07,30.79,36.45,74.65,0,0.0
2024,18,norris,1,90002.0,90007.0,89525.0,1,marina_bay,mclaren,4,15,1,476,4,0,254,2.0,2,2.67,3.0,0,3.0,-0.33,30.79,36.45,74.65,0,0.0
2024,18,ocon,15,90958.0,90769.0,,13,marina_bay,alpine,15,20,9,13,0,,5,18.0,0,14.67,14.2,1,2.0,0.47,30.79,36.45,74.65,0,0.0
2024,18,perez,13,90624.0,90579.0,,10,marina_bay,red_bull,17,4,2,456,7,,143,8.0,0,10.33,9.0,2,-4.67,1.33,30.79,36.45,74.65,0,0.0
2024,18,piastri,5,90258.0,89640.0,89953.0,3,marina_bay,mclaren,1,2,1,476,4,428,222,4.0,2,2.33,2.0,0,0.0,0.33,30.79,36.45,74.65,0,0.0
2024,18,ricciardo,16,91085.0,,,18,marina_bay,rb,13,14,6,34,0,,12,14.0,0,12.67,12.0,2,0.33,0.67,30.79,36.45,74.65,0,0.0
2024,18,russell,4,90811.0,90153.0,89867.0,4,marina_bay,mercedes,3,5,4,309,3,342,143,7.0,1,5.67,9.0,1,-1.67,-3.33,30.79,36.45,74.65,0,0.0
2024,18,sainz,10,90670.0,90108.0,,7,marina_bay,ferrari,18,3,3,425,3,,184,5.0,1,9.0,7.8,1,-3.0,1.2,30.79,36.45,74.65,0,0.0
2024,18,stroll,17,91094.0,,,14,marina_bay,aston_martin,19,13,5,82,0,,24,10.0,0,17.0,14.4,1,-4.33,2.6,30.79,36.45,74.65,0,0.0
2024,18,tsunoda,8,90716.0,90289.0,90354.0,12,marina_bay,rb,R,11,6,34,0,829,22,12.0,0,17.0,14.0,2,-6.0,3.0,30.79,36.45,74.65,0,0.0
2024,18,zhou,20,92054.0,,,15,marina_bay,sauber,14,17,10,0,0,,0,20.0,0,17.33,17.75,2,0.67,-0.42,30.79,36.45,74.65,0,0.0
2024,19,albon,16,94051.0,,,16,americas,williams,R,11,8,16,0,,12,13.0,0,8.0,10.5,3,1.0,-2.5,28.12,46.6,35.54,0,0.0
2024,19,alonso,8,93973.0,93429.0,93309.0,13,americas,aston_martin,8,7,5,86,0,979,62,9.0,0,8.33,8.6,0,0.0,-0.27,28.12,46.6,35.54,0,0.0
2024,19,bottas,18,94152.0,,,17,americas,sauber,16,19,10,0,0,,0,22.0,0,16.0,16.4,1,2.0,-0.4,28.12,46.6,35.54,0,0.0
2024,19,colapinto,17,94062.0,,,10,americas,williams,11,12,8,16,0,,4,19.0,0,10.33,10.33,0,2.33,0.0,28.12,46.6,35.54,0,0.0
2024,19,gasly,7,93550.0,93162.0,93018.0,12,americas,alpine,17,18,9,13,0,688,8,15.0,0,14.67,13.2,2,2.0,1.47,28.12,46.6,35.54,0,0.0
2024,19,hamilton,19,94154.0,,,20,americas,mercedes,6,3,4,329,3,,174,6.0,2,6.67,5.8,1,2.67,0.87,28.12,46.6,35.54,0,0.0
2024,19,hulkenberg,12,93601.0,93544.0,,8,americas,haas,9,6,7,31,0,,24,10.0,0,12.33,13.2,1,-3.0,-0.87,28.12,46.6,35.54,0,0.0
2024,19,kevin_magnussen,9,93564.0,93474.0,93481.0,11,americas,haas,19,14,7,31,0,1151,6,17.0,0,15.67,15.2,1,0.0,0.47,28.12,46.6,35.54,0,0.0
2024,19,lawson,15,93339.0,,,9,americas,rb,,,6,34,0,,,,,,,,,,28.12,46.6,35.54,0,0.0
2024,19,leclerc,4,93241.0,92962.0,92740.0,1,americas,ferrari,5,9,3,441,3,410,245,3.0,2,2.67,2.8,1,2.0,-0.13,28.12,46.6,35.54,0,0.0
2024,19,max_verstappen,2,93046.0,92584.0,92361.0,3,americas,red_bull,2,2,2,475,7,31,331,1.0,7,4.33,3.8,1,0.67,0.53,28.12,46.6,35.54,0,0.0
2024,19,norris,1,93616.0,92851.0,92330.0,4,americas,mclaren,1,1,1,516,5,0,279,2.0,3,2.67,2.8,0,3.0,-0.13,28.12,46.6,35.54,0,0.0
2024,19,ocon,13,93986.0,93597.0,,18,americas,alpine,13,15,9,13,0,,5,18.0,0,14.0,13.2,1,2.67,0.8,28.12,46.6,35.54,0,0.0
2024,19,perez,10,93611.0,93020.0,,7,americas,red_bull,10,13,2,475,7,,144,8.0,0,11.67,9.6,2,-3.33,2.07,28.12,46.6,35.54,0,0.0
2024,19,piastri,5,93864.0,93057.0,92950.0,5,americas,mclaren,3,5,1,516,5,620,237,4.0,2,2.0,2.4,0,1.0,-0.4,28.12,46.6,35.54,0,0.0
2024,19,russell,6,93536.0,93142.0,92974.0,6,americas,mercedes,4,4,4,329,3,644,155,7.0,1,4.67,8.2,1,-0.67,-3.53,28.12,46.6,35.54,0,0.0
2024,19,sainz,3,93556.0,92836.0,92652.0,2,americas,ferrari,7,10,3,441,3,322,190,5.0,1,9.67,8.0,1,-3.67,1.67,28.12,46.6,35.54,0,0.0
2024,19,stroll,14,94033.0,93759.0,,15,americas,aston_martin,14,17,5,86,0,,24,11.0,0,17.33,15.2,1,-1.67,2.13,28.12,46.6,35.54,0,0.0
2024,19,tsunoda,11,93795.0,93506.0,,14,americas,rb,12,8,6,34,0,,22,12.0,0,12.0,15.0,3,-4.0,-3.0,28.12,46.6,35.54,0,0.0
2024,19,zhou,20,94228.0,,,19,americas,sauber,15,20,10,0,0,,0,20.0,0,15.67,16.75,2,3.33,-1.08,28.12,46.6,35.54,0,0.0
2024,20,albon,9,77189.0,76988.0,77065.0,19,rodriguez,williams,16,14,8,17,0,1119,12,13.0,0,11.5,11.5,4,0.0,0.0,19.89,35.6,51.05,0,0.0
2024,20,alonso,13,77307.0,77168.0,,18,rodriguez,aston_martin,13,7,5,86,0,,62,9.0,0,9.0,9.6,0,-2.0,-0.6,19.89,35.6,51.05,0,0.0
2024,20,bottas,15,77393.0,77817.0,,14,rodriguez,sauber,17,16,10,0,0,,0,23.0,0,16.33,16.8,1,0.67,-0.47,19.89,35.6,51.05,0,0.0
2024,20,colapinto,16,77558.0,,,12,rodriguez,williams,10,15,8,17,0,,5,18.0,0,9.67,10.25,0,2.0,-0.58,19.89,35.6,51.05,0,0.0
2024,20,gasly,8,77149.0,77048.0,76892.0,10,rodriguez,alpine,12,6,9,13,0,946,8,16.0,0,13.67,13.0,2,0.33,0.67,19.89,35.6,51.05,0,0.0
2024,20,hamilton,6,77306.0,76973.0,76651.0,4,rodriguez,mercedes,R,17,4,344,3,705,177,6.0,2,7.5,7.0,1,3.5,0.5,19.89,35.6,51.05,0,0.0
2024,20,hulkenberg,10,77186.0,76995.0,77365.0,9,rodriguez,haas,8,11,6,38,0,1419,29,10.0,0,9.33,11.2,1,0.33,-1.87,19.89,35.6,51.05,0,0.0
2024,20,kevin_magnussen,7,77125.0,77003.0,76886.0,7,rodriguez,haas,11,8,6,38,0,940,8,15.0,0,13.33,14.4,1,-1.67,-1.07,19.89,35.6,51.05,0,0.0
2024,20,lawson,12,77380.0,77162.0,,16,rodriguez,rb,9,19,7,36,0,,2,20.0,0,9.0,9.0,0,10.0,0.0,19.89,35.6,51.05,0,0.0
2024,20,leclerc,4,76972.0,76641.0,76265.0,3,rodriguez,ferrari,1,4,3,496,4,319,275,3.0,3,2.67,2.4,1,2.0,0.27,19.89,35.6,51.05,0,0.0
2024,20,max_verstappen,2,76803.0,76514.0,76171.0,6,rodriguez,red_bull,3,2,2,504,7,225,354,1.0,7,3.33,3.6,1,0.0,-0.27,19.89,35.6,51.05,0,0.0
2024,20,norris,3,76505.0,76301.0,76260.0,2,rodriguez,mclaren,4,1,1,544,5,314,297,2.0,3,3.0,2.6,0,2.67,0.4,19.89,35.6,51.05,0,0.0
2024,20,ocon,19,77617.0,,,13,rodriguez,alpine,18,12,9,13,0,,5,19.0,0,15.33,15.0,1,0.33,0.33,19.89,35.6,51.05,0,0.0
2024,20,perez,18,77611.0,,,17,rodriguez,red_bull,7,9,2,504,7,,150,8.0,0,11.33,9.6,2,-2.67,1.73,19.89,35.6,51.05,0,0.0
2024,20,piastri,17,77597.0,,,8,rodriguez,mclaren,5,5,1,544,5,,247,4.0,2,3.0,3.0,0,1.0,0.0,19.89,35.6,51.05,0,0.0
2024,20,russell,5,77194.0,76937.0,76356.0,5,rodriguez,mercedes,6,20,4,344,3,410,167,7.0,1,4.33,5.4,1,5.33,-1.07,19.89,35.6,51.05,0,0.0
2024,20,sainz,1,76778.0,76515.0,75946.0,1,rodriguez,ferrari,2,3,3,496,4,0,215,5.0,1,9.0,7.2,1,-3.67,1.8,19.89,35.6,51.05,0,0.0
2024,20,stroll,14,77407.0,77294.0,,11,rodriguez,aston_martin,15,13,5,86,0,,24,11.0,0,16.0,16.0,1,-1.67,0.0,19.89,35.6,51.05,0,0.0
2024,20,tsunoda,11,77182.0,77129.0,,20,rodriguez,rb,14,10,7,36,0,,22,12.0,0,13.0,14.33,3,-4.0,-1.33,19.89,35.6,51.05,0,0.0
2024,20,zhou,20,78072.0,,,15,rodriguez,sauber,19,18,10,0,0,,0,21.0,0,16.0,17.2,2,2.33,-1.2,19.89,35.6,51.05,0,0.0
2024,21,albon,7,89072.0,84657.0,84657.0,18,interlagos,williams,R,9,8,17,0,1252,12,14.0,0,16.0,10.67,4,-2.0,5.33,21.66,25.77,85.26,1,58.2
2024,21,alonso,9,90207.0,88998.0,88998.0,14,interlagos,aston_martin,R,13,5,86,0,5593,62,9.0,0,10.5,9.5,0,-3.5,1.0,21.66,25.77,85.26,1,58.2
2024,21,bearman,17,91229.0,,,12,interlagos,haas,,,6,46,0,,7,17.0,0,8.5,8.5,0,2.0,0.0,21.66,25.77,85.26,1,58.2
2024,21,bottas,11,90633.0,86472.0,,13,interlagos,sauber,14,15,10,0,0,,0,23.0,0,15.67,15.8,1,1.0,-0.13,21.66,25.77,85.26,1,58.2
2024,21,colapinto,18,91270.0,,,17,interlagos,williams,12,16,8,17,0,,5,18.0,0,11.0,10.6,0,3.33,0.4,21.66,25.77,85.26,1,58.2
2024,21,gasly,15,89420.0,89614.0,,3,interlagos,alpine,10,8,9,14,0,,9,16.0,0,13.0,13.2,2,-2.33,-0.2,21.66,25.77,85.26,1,58.2
2024,21,hamilton,16,91150.0,,,10,interlagos,mercedes,4,6,4,366,3,,189,6.0,2,5.0,6.0,2,-0.5,-1.0,21.66,25.77,85.26,1,58.2
2024,21,hulkenberg,19,91623.0,,,20,interlagos,haas,9,10,6,46,0,,31,10.0,0,8.67,10.8,1,0.33,-2.13,21.66,25.77,85.26,1,58.2
2024,21,lawson,5,90758.0,85654.0,84484.0,9,interlagos,rb,16,12,7,36,0,1079,2,20.0,0,12.5,12.5,0,3.0,0.0,21.66,25.77,85.26,1,58.2
2024,21,leclerc,6,89839.0,86097.0,84525.0,5,interlagos,ferrari,3,4,2,537,5,1120,291,3.0,3,3.0,2.4,1,2.67,0.6,21.66,25.77,85.26,1,58.2
2024,21,max_verstappen,12,88522.0,87771.0,,1,interlagos,red_bull,6,2,3,512,7,,362,1.0,7,3.67,4.4,1,-1.67,-0.73,21.66,25.77,85.26,1,58.2
2024,21,norris,1,90944.0,84844.0,83405.0,6,interlagos,mclaren,2,3,1,566,5,0,315,2.0,3,2.33,2.8,0,-0.67,-0.47,21.66,25.77,85.26,1,58.2
2024,21,ocon,4,89171.0,86206.0,84475.0,2,interlagos,alpine,13,0,9,14,0,1070,5,19.0,0,14.67,14.6,1,-5.67,0.07,21.66,25.77,85.26,1,58.2
2024,21,perez,13,90035.0,88158.0,,11,interlagos,red_bull,17,18,3,512,7,,150,8.0,0,11.33,11.8,2,2.0,-0.47,21.66,25.77,85.26,1,58.2
2024,21,piastri,8,90114.0,84686.0,84686.0,8,interlagos,mclaren,8,17,1,566,5,1281,251,4.0,2,5.33,3.8,0,3.67,1.53,21.66,25.77,85.26,1,58.2
2024,21,russell,2,89121.0,86307.0,83578.0,4,interlagos,mercedes,5,5,4,366,3,173,177,7.0,1,5.0,5.0,1,4.67,0.0,21.66,25.77,85.26,1,58.2
2024,21,sainz,14,90303.0,89406.0,,16,interlagos,ferrari,1,1,2,537,5,,240,5.0,2,3.33,6.4,1,1.33,-3.07,21.66,25.77,85.26,1,58.2
2024,21,stroll,10,90580.0,86334.0,,19,interlagos,aston_martin,11,14,5,86,0,,24,11.0,0,13.33,15.6,1,1.33,-2.27,21.66,25.77,85.26,1,58.2
2024,21,tsunoda,3,89172.0,86464.0,84111.0,7,interlagos,rb,R,11,7,36,0,706,22,12.0,0,13.0,13.0,3,-4.0,0.0,21.66,25.77,85.26,1,58.2
2024,21,zhou,20,92263.0,,,15,interlagos,sauber,15,19,10,0,0,,0,21.0,0,16.33,16.2,2,2.67,0.13,21.66,25.77,85.26,1,58.2
2024,22,albon,18,94425.0,,,19,vegas,williams,W,7,9,17,0,,12,16.0,0,16.0,11.5,5,-2.0,4.5,17.83,17.72,47.86,0,0.0
2024,22,alonso,17,94258.0,,,11,vegas,aston_martin,14,9,5,86,0,,62,9.0,0,13.5,10.25,1,-5.5,3.25,17.83,17.72,47.86,0,0.0
2024,22,bottas,19,94430.0,,,18,vegas,sauber,13,11,10,0,0,,0,23.0,0,14.67,15.2,1,-0.67,-0.53,17.83,17.72,47.86,0,0.0
2024,22,colapinto,14,93746.0,93749.0,,14,vegas,williams,R,16,9,17,0,,5,19.0,0,11.0,10.25,0,4.5,0.75,17.83,17.72,47.86,0,0.0
2024,22,gasly,3,93691.0,92879.0,92664.0,20,vegas,alpine,3,13,6,49,0,352,26,12.0,0,8.33,10.8,2,0.67,-2.47,17.83,17.72,47.86,0,0.0
2024,22,hamilton,10,93225.0,92567.0,108106.0,2,vegas,mercedes,10,14,4,382,3,15794,190,7.0,2,7.0,7.25,2,3.0,-0.25,17.83,17.72,47.86,0,0.0
2024,22,hulkenberg,9,93920.0,93114.0,93062.0,8,vegas,haas,D,18,7,46,0,750,31,10.0,0,8.5,9.25,1,2.0,-0.75,17.83,17.72,47.86,0,0.0
2024,22,kevin_magnussen,12,93991.0,93297.0,,12,vegas,haas,,,7,46,0,,14,15.0,0,12.33,13.0,1,-2.67,-0.67,17.83,17.72,47.86,0,0.0
2024,22,lawson,15,94087.0,94257.0,,16,vegas,rb,9,5,8,44,0,,4,20.0,0,11.33,11.33,0,0.67,0.0,17.83,17.72,47.86,0,0.0
2024,22,leclerc,4,93446.0,93016.0,92783.0,4,vegas,ferrari,5,6,2,557,5,471,307,3.0,3,3.0,3.2,1,1.67,-0.2,17.83,17.72,47.86,0,0.0
2024,22,max_verstappen,5,93299.0,93085.0,92797.0,5,vegas,red_bull,1,17,3,544,8,485,393,1.0,8,3.33,3.4,1,3.67,-0.07,17.83,17.72,47.86,0,0.0
2024,22,norris,6,93592.0,93099.0,93008.0,6,vegas,mclaren,6,1,1,593,5,696,331,2.0,3,4.0,3.4,0,-2.33,0.6,17.83,17.72,47.86,0,0.0
2024,22,ocon,11,93968.0,93221.0,,17,vegas,alpine,2,4,6,49,0,,23,14.0,0,11.0,12.2,1,-5.67,-1.2,17.83,17.72,47.86,0,0.0
2024,22,perez,16,94155.0,,,10,vegas,red_bull,11,12,3,544,8,,151,8.0,0,11.67,12.4,2,1.33,-0.73,17.83,17.72,47.86,0,0.0
2024,22,piastri,8,93450.0,93024.0,93033.0,7,vegas,mclaren,8,8,1,593,5,721,262,4.0,2,7.0,5.0,0,3.0,2.0,17.83,17.72,47.86,0,0.0
2024,22,russell,1,93186.0,92779.0,92312.0,1,vegas,mercedes,4,2,4,382,3,0,192,6.0,1,5.0,4.4,1,4.0,0.6,17.83,17.72,47.86,0,0.0
2024,22,sainz,2,93484.0,92711.0,92410.0,3,vegas,ferrari,R,20,2,557,5,98,244,5.0,2,1.5,7.0,1,0.5,-5.5,17.83,17.72,47.86,0,0.0
2024,22,stroll,20,94484.0,,,15,vegas,aston_martin,W,10,5,86,0,,24,13.0,0,13.0,14.75,1,0.5,-1.75,17.83,17.72,47.86,0,0.0
2024,22,tsunoda,7,93789.0,93089.0,93029.0,9,vegas,rb,7,3,8,44,0,717,28,11.0,0,10.5,11.0,4,-4.0,-0.5,17.83,17.72,47.86,0,0.0
2024,22,zhou,13,94079.0,93566.0,,13,vegas,sauber,15,19,10,0,0,,0,21.0,0,16.33,15.6,2,2.33,0.73,17.83,17.72,47.86,0,0.0
2024,23,albon,16,82390.0,,,15,losail,williams,R,17,9,17,0,,12,16.0,0,,16.0,5,,,18.93,22.77,57.25,0,0.0
2024,23,alonso,8,81608.0,81208.0,81251.0,7,losail,aston_martin,11,16,5,86,0,731,62,9.0,0,12.5,11.5,1,0.0,1.0,18.93,22.77,57.25,0,0.0
2024,23,bottas,13,81927.0,81731.0,,11,losail,sauber,18,19,10,0,0,,0,23.0,0,15.0,15.6,1,0.0,-0.6,18.93,22.77,57.25,0,0.0
2024,23,colapinto,19,82594.0,,,19,losail,williams,14,20,9,17,0,,5,19.0,0,13.0,11.75,1,5.0,1.25,18.93,22.77,57.25,0,0.0
2024,23,gasly,11,81843.0,81437.0,,5,losail,alpine,R,3,7,49,0,,26,12.0,0,6.5,10.5,2,4.0,-4.0,18.93,22.77,57.25,0,0.0
2024,23,hamilton,6,81637.0,81095.0,81011.0,12,losail,mercedes,2,10,4,425,4,491,208,7.0,2,5.33,5.5,2,4.67,-0.17,18.93,22.77,57.25,0,0.0
2024,23,hulkenberg,18,82442.0,,,16,losail,haas,8,9,6,50,0,,35,10.0,0,8.5,8.5,1,1.0,0.0,18.93,22.77,57.25,0,0.0
2024,23,kevin_magnussen,10,81891.0,81387.0,81500.0,9,losail,haas,12,12,6,50,0,980,14,15.0,0,10.0,11.8,1,-1.0,-1.8,18.93,22.77,57.25,0,0.0
2024,23,lawson,17,82411.0,,,14,losail,rb,16,14,8,46,0,,4,20.0,0,13.67,12.5,0,-3.33,1.17,18.93,22.77,57.25,0,0.0
2024,23,leclerc,5,81278.0,81000.0,80852.0,2,losail,ferrari,4,4,2,584,5,332,319,3.0,3,4.0,3.6,1,0.67,0.4,18.93,22.77,57.25,0,0.0
2024,23,max_verstappen,1,81579.0,80687.0,80520.0,1,losail,red_bull,5,5,3,555,8,0,403,1.0,8,4.0,3.4,1,4.0,0.6,18.93,22.77,57.25,0,0.0
2024,23,norris,3,81578.0,80983.0,80772.0,10,losail,mclaren,6,6,1,608,5,252,340,2.0,3,4.67,3.8,0,-1.33,0.87,18.93,22.77,57.25,0,0.0
2024,23,ocon,20,82714.0,,,20,losail,alpine,17,11,7,49,0,,23,14.0,0,10.67,12.6,1,-5.67,-1.93,18.93,22.77,57.25,0,0.0
2024,23,perez,9,81675.0,81425.0,81425.0,17,losail,red_bull,10,15,3,555,8,905,152,8.0,0,12.67,11.0,2,2.33,1.67,18.93,22.77,57.25,0,0.0
2024,23,piastri,4,81821.0,81121.0,80829.0,3,losail,mclaren,7,8,1,608,5,309,268,4.0,2,7.67,6.2,0,3.33,1.47,18.93,22.77,57.25,0,0.0
2024,23,russell,2,81241.0,81069.0,80575.0,4,losail,mercedes,1,1,4,425,4,55,217,6.0,2,3.33,4.0,1,-0.67,-0.67,18.93,22.77,57.25,0,0.0
2024,23,sainz,7,81447.0,81199.0,81041.0,6,losail,ferrari,3,2,2,584,5,521,259,5.0,2,2.0,3.25,2,-0.5,-1.25,18.93,22.77,57.25,0,0.0
2024,23,stroll,15,82011.0,81911.0,,18,losail,aston_martin,15,18,5,86,0,,24,13.0,0,13.0,13.75,1,3.0,-0.75,18.93,22.77,57.25,0,0.0
2024,23,tsunoda,14,82364.0,81771.0,,13,losail,rb,9,7,8,46,0,,30,11.0,0,8.0,10.5,4,-3.0,-2.5,18.93,22.77,57.25,0,0.0
2024,23,zhou,12,82103.0,81501.0,,8,losail,sauber,13,13,10,0,0,,0,21.0,0,14.33,15.4,2,2.67,-1.07,18.93,22.77,57.25,0,0.0
2024,24,albon,16,83821.0,,,11,yas_marina,williams,15,16,9,17,0,,12,16.0,0,15.0,15.5,6,1.0,-0.5,26.77,31.81,51.45,0,0.0
2024,24,alonso,8,83794.0,83268.0,83196.0,9,yas_marina,aston_martin,7,8,5,92,0,601,68,9.0,0,10.67,11.25,1,0.33,-0.58,26.77,31.81,51.45,0,0.0
2024,24,bottas,9,83481.0,83341.0,83204.0,18,yas_marina,sauber,11,13,10,4,0,609,0,22.0,0,14.0,14.6,1,0.33,-0.6,26.77,31.81,51.45,0,0.0
2024,24,colapinto,19,83912.0,,,19,yas_marina,williams,R,19,9,17,0,,5,19.0,0,14.0,12.0,1,6.0,2.0,26.77,31.81,51.45,0,0.0
2024,24,doohan,20,84105.0,,,15,yas_marina,alpine,,,6,59,0,,,,,,,,,,26.77,31.81,51.45,0,0.0
2024,24,gasly,6,83548.0,83086.0,82984.0,7,yas_marina,alpine,5,11,6,59,0,389,36,11.0,0,4.0,7.5,3,8.0,-3.5,26.77,31.81,51.45,0,0.0
2024,24,hamilton,18,83887.0,,,4,yas_marina,mercedes,12,6,4,446,4,,211,7.0,2,8.0,7.0,2,2.0,1.0,26.77,31.81,51.45,0,0.0
2024,24,hulkenberg,4,83722.0,83040.0,82886.0,8,yas_marina,haas,R,18,7,54,0,291,37,10.0,0,8.0,8.33,1,1.0,-0.33,26.77,31.81,51.45,0,0.0
2024,24,kevin_magnussen,15,83632.0,83877.0,,16,yas_marina,haas,9,10,7,54,0,,16,15.0,0,9.33,11.6,1,0.33,-2.27,26.77,31.81,51.45,0,0.0
2024,24,lawson,12,83733.0,83472.0,,17,yas_marina,rb,14,17,8,46,0,,4,21.0,0,13.0,12.8,0,-1.0,0.2,26.77,31.81,51.45,0,0.0
2024,24,leclerc,14,83302.0,83833.0,,3,yas_marina,ferrari,2,5,2,619,5,,341,3.0,3,3.67,3.0,1,1.33,0.67,26.77,31.81,51.45,0,0.0
2024,24,max_verstappen,5,83516.0,82998.0,82945.0,6,yas_marina,red_bull,1,2,3,581,9,350,429,1.0,9,2.33,3.2,1,5.67,-0.87,26.77,31.81,51.45,0,0.0
2024,24,norris,1,83682.0,83098.0,82595.0,1,yas_marina,mclaren,10,3,1,640,5,0,349,2.0,3,7.33,5.6,0,-4.0,1.73,26.77,31.81,51.45,0,0.0
2024,24,perez,10,83559.0,83379.0,83264.0,20,yas_marina,red_bull,R,9,3,581,9,669,152,8.0,0,10.5,11.25,2,3.0,-0.75,26.77,31.81,51.45,0,0.0
2024,24,piastri,2,83640.0,83199.0,82804.0,10,yas_marina,mclaren,3,4,1,640,5,209,291,4.0,2,6.0,6.2,0,0.67,-0.2,26.77,31.81,51.45,0,0.0
2024,24,russell,7,83678.0,83283.0,83132.0,5,yas_marina,mercedes,4,1,4,446,4,537,235,6.0,2,3.0,4.0,1,-1.67,-1.0,26.77,31.81,51.45,0,0.0
2024,24,sainz,3,83487.0,82985.0,82824.0,2,yas_marina,ferrari,6,7,2,619,5,229,272,5.0,2,4.5,3.0,2,0.0,1.5,26.77,31.81,51.45,0,0.0
2024,24,stroll,13,83729.0,83784.0,,14,yas_marina,aston_martin,R,15,5,92,0,,24,13.0,0,15.0,13.67,1,3.0,1.33,26.77,31.81,51.45,0,0.0
2024,24,tsunoda,11,83735.0,83419.0,,12,yas_marina,rb,13,14,8,46,0,,30,12.0,0,9.67,10.75,4,-1.67,-1.08,26.77,31.81,51.45,0,0.0
2024,24,zhou,17,83880.0,,,13,yas_marina,sauber,8,12,10,4,0,,4,20.0,0,12.0,14.0,2,2.67,-2.0,26.77,31.81,51.45,0,0.0
2025,1,albon,6,76245.0,76017.0,75737.0,5,albert_park,williams,,,,,,641,,,,,,,,,15.71,18.94,78.42,0,32.6
2025,1,alonso,12,76288.0,76453.0,,17,albert_park,aston_martin,,,,,,,,,,,,,,,15.71,18.94,78.42,0,32.6
2025,1,antonelli,16,76525.0,,,4,albert_park,mercedes,,,,,,,,,,,,,,,15.71,18.94,78.42,0,32.6
2025,1,bearman,20,,,,14,albert_park,haas,,,,,,,,,,,,,,,15.71,18.94,78.42,0,32.6
2025,1,bortoleto,15,76516.0,77520.0,,16,albert_park,sauber,,,,,,,,,,,,,,,15.71,18.94,78.42,0,32.6
2025,1,doohan,14,76315.0,76863.0,,19,albert_park,alpine,,,,,,,,,,,,,,,15.71,18.94,78.42,0,32.6
2025,1,gasly,9,76328.0,76112.0,75980.0,11,albert_park,alpine,,,,,,884,,,,,,,,,15.71,18.94,78.42,0,32.6
2025,1,hadjar,11,76354.0,76175.0,,20,albert_park,rb,,,,,,,,,,,,,,,15.71,18.94,78.42,0,32.6
2025,1,hamilton,8,76213.0,75919.0,75973.0,10,albert_park,ferrari,,,,,,877,,,,,,,,,15.71,18.94,78.42,0,32.6
2025,1,hulkenberg,17,76579.0,,,7,albert_park,sauber,,,,,,,,,,,,,,,15.71,18.94,78.42,0,32.6
2025,1,lawson,18,77094.0,,,15,albert_park,red_bull,,,,,,,,,,,,,,,15.71,18.94,78.42,0,32.6
2025,1,leclerc,7,76029.0,75827.0,75755.0,8,albert_park,ferrari,,,,,,659,,,,,,,,,15.71,18.94,78.42,0,32.6
2025,1,max_verstappen,3,76018.0,75565.0,75481.0,2,albert_park,red_bull,,,,,,385,,,,,,,,,15.71,18.94,78.42,0,32.6
2025,1,norris,1,75912.0,75415.0,75096.0,1,albert_park,mclaren,,,,,,0,,,,,,,,,15.71,18.94,78.42,0,32.6
2025,1,ocon,19,77147.0,,,13,albert_park,haas,,,,,,,,,,,,,,,15.71,18.94,78.42,0,32.6
2025,1,piastri,2,76062.0,75468.0,75180.0,9,albert_park,mclaren,,,,,,84,,,,,,,,,15.71,18.94,78.42,0,32.6
2025,1,russell,4,75971.0,75798.0,75546.0,3,albert_park,mercedes,,,,,,450,,,,,,,,,15.71,18.94,78.42,0,32.6
2025,1,sainz,10,76360.0,75931.0,76062.0,18,albert_park,williams,,,,,,966,,,,,,,,,15.71,18.94,78.42,0,32.6
2025,1,stroll,13,76369.0,76483.0,,6,albert_park,aston_martin,,,,,,,,,,,,,,,15.71,18.94,78.42,0,32.6
2025,1,tsunoda,5,76225.0,76009.0,75670.0,12,albert_park,rb,,,,,,574,,,,,,,,,15.71,18.94,78.42,0,32.6
2025,2,albon,10,91503.0,91595.0,91706.0,7,shanghai,williams,5,6,4,10,0,1065,10,5.0,0,5.0,5.0,0,1.0,0.0,27.22,35.82,18.23,0,0.0
2025,2,alonso,13,91719.0,91688.0,,17,shanghai,aston_martin,R,12,5,8,0,,0,,0,,,0,,,27.22,35.82,18.23,0,0.0
2025,2,antonelli,8,91676.0,91590.0,91103.0,6,shanghai,mercedes,4,16,2,27,0,462,12,4.0,0,4.0,4.0,0,12.0,0.0,27.22,35.82,18.23,0,0.0
2025,2,bearman,17,92018.0,,,8,shanghai,haas,14,20,10,0,0,,0,14.0,0,14.0,14.0,0,6.0,0.0,27.22,35.82,18.23,0,0.0
2025,2,bortoleto,19,92141.0,,,14,shanghai,sauber,R,15,6,6,0,,0,,0,,,0,,,27.22,35.82,18.23,0,0.0
2025,2,doohan,18,92092.0,,,13,shanghai,alpine,R,14,8,0,0,,0,,0,,,0,,,27.22,35.82,18.23,0,0.0
2025,2,gasly,16,91992.0,,,20,shanghai,alpine,11,9,8,0,0,,0,11.0,0,11.0,11.0,0,-2.0,0.0,27.22,35.82,18.23,0,0.0
2025,2,hadjar,7,91162.0,91253.0,91079.0,11,shanghai,rb,R,11,9,0,0,438,0,,0,,,0,,,27.22,35.82,18.23,0,0.0
2025,2,hamilton,5,91690.0,91501.0,90927.0,19,shanghai,ferrari,10,8,7,5,0,286,1,10.0,0,10.0,10.0,0,-2.0,0.0,27.22,35.82,18.23,0,0.0
2025,2,hulkenberg,12,91921.0,91632.0,,15,shanghai,sauber,7,17,6,6,0,,6,7.0,0,7.0,7.0,0,10.0,0.0,27.22,35.82,18.23,0,0.0
2025,2,lawson,20,92174.0,,,12,shanghai,red_bull,R,18,3,18,0,,0,,0,,,0,,,27.22,35.82,18.23,0,0.0
2025,2,leclerc,6,91579.0,91450.0,91021.0,18,shanghai,ferrari,8,7,7,5,0,380,4,8.0,0,8.0,8.0,0,-1.0,0.0,27.22,35.82,18.23,0,0.0
2025,2,max_verstappen,4,91424.0,91142.0,90817.0,4,shanghai,red_bull,2,3,3,18,0,176,18,2.0,0,2.0,2.0,0,1.0,0.0,27.22,35.82,18.23,0,0.0
2025,2,norris,3,90983.0,90787.0,90793.0,2,shanghai,mclaren,1,1,1,27,1,152,25,1.0,1,1.0,1.0,0,0.0,0.0,27.22,35.82,18.23,0,0.0
2025,2,ocon,11,91876.0,91625.0,,5,shanghai,haas,13,19,10,0,0,,0,13.0,0,13.0,13.0,0,6.0,0.0,27.22,35.82,18.23,0,0.0
2025,2,piastri,1,91591.0,91200.0,90641.0,1,shanghai,mclaren,9,2,1,27,1,0,2,9.0,0,9.0,9.0,0,-7.0,0.0,27.22,35.82,18.23,0,0.0
2025,2,russell,2,91295.0,91307.0,90723.0,3,shanghai,mercedes,3,4,2,27,0,82,15,3.0,0,3.0,3.0,0,1.0,0.0,27.22,35.82,18.23,0,0.0
2025,2,sainz,15,91628.0,91840.0,,10,shanghai,williams,R,10,4,10,0,,0,,0,,,0,,,27.22,35.82,18.23,0,0.0
2025,2,stroll,14,91923.0,91773.0,,9,shanghai,aston_martin,6,13,5,8,0,,8,6.0,0,6.0,6.0,0,7.0,0.0,27.22,35.82,18.23,0,0.0
2025,2,tsunoda,9,91238.0,91260.0,91638.0,16,shanghai,rb,12,5,9,0,0,997,0,12.0,0,12.0,12.0,0,-7.0,0.0,27.22,35.82,18.23,0,0.0
2025,3,albon,9,88218.0,87783.0,87615.0,9,suzuka,williams,7,10,4,17,0,632,16,6.0,0,6.0,6.0,0,2.0,0.0,14.43,20.51,76.37,0,0.0
2025,3,alonso,13,88337.0,87897.0,,11,suzuka,aston_martin,R,13,7,10,0,,0,,0,,,1,,,14.43,20.51,76.37,0,0.0
2025,3,antonelli,6,87968.0,87639.0,87555.0,6,suzuka,mercedes,6,8,2,57,0,572,22,5.0,0,5.0,5.0,0,7.0,0.0,14.43,20.51,76.37,0,0.0
2025,3,bearman,10,88228.0,87711.0,87867.0,10,suzuka,haas,8,17,6,14,0,884,4,12.0,0,11.0,11.0,0,7.5,0.0,14.43,20.51,76.37,0,0.0
2025,3,bortoleto,17,88622.0,,,19,suzuka,sauber,14,19,8,6,0,,0,19.0,0,14.0,14.0,1,5.0,0.0,14.43,20.51,76.37,0,0.0
2025,3,doohan,19,88877.0,,,15,suzuka,alpine,13,18,10,0,0,,0,18.0,0,13.0,13.0,1,5.0,0.0,14.43,20.51,76.37,0,0.0
2025,3,gasly,11,88186.0,87822.0,,13,suzuka,alpine,D,16,10,0,0,,0,15.0,0,11.0,11.0,0,-2.0,0.0,14.43,20.51,76.37,0,0.0
2025,3,hadjar,7,88278.0,87775.0,87569.0,8,suzuka,rb,11,7,9,3,0,586,0,16.0,0,11.0,11.0,1,-4.0,0.0,14.43,20.51,76.37,0,0.0
2025,3,hamilton,8,87942.0,87610.0,87610.0,7,suzuka,ferrari,D,5,5,17,0,627,9,9.0,0,10.0,10.0,0,-2.0,0.0,14.43,20.51,76.37,0,0.0
2025,3,hulkenberg,16,88570.0,,,16,suzuka,sauber,15,12,8,6,0,,6,11.0,0,11.0,11.0,0,3.5,0.0,14.43,20.51,76.37,0,0.0
2025,3,lawson,14,88554.0,87906.0,,17,suzuka,rb,12,20,9,3,0,,0,17.0,0,12.0,12.0,1,8.0,0.0,14.43,20.51,76.37,0,0.0
2025,3,leclerc,4,87920.0,87555.0,87299.0,4,suzuka,ferrari,D,6,5,17,0,316,8,10.0,0,8.0,8.0,0,-1.0,0.0,14.43,20.51,76.37,0,0.0
2025,3,max_verstappen,1,87943.0,87502.0,86983.0,1,suzuka,red_bull,4,4,3,36,0,0,36,2.0,0,3.0,3.0,0,0.5,0.0,14.43,20.51,76.37,0,0.0
2025,3,norris,2,87845.0,87146.0,86995.0,2,suzuka,mclaren,2,3,1,78,2,12,44,1.0,1,1.5,1.5,0,0.5,0.0,14.43,20.51,76.37,0,0.0
2025,3,ocon,18,88696.0,,,18,suzuka,haas,5,11,6,14,0,,10,7.0,0,9.0,9.0,0,6.0,0.0,14.43,20.51,76.37,0,0.0
2025,3,piastri,3,87687.0,87507.0,87027.0,3,suzuka,mclaren,1,1,1,78,2,44,34,4.0,1,5.0,5.0,0,-3.5,0.0,14.43,20.51,76.37,0,0.0
2025,3,russell,5,87843.0,87400.0,87318.0,5,suzuka,mercedes,3,2,2,57,0,335,35,3.0,0,3.0,3.0,0,0.0,0.0,14.43,20.51,76.37,0,0.0
2025,3,sainz,12,88209.0,87836.0,,14,suzuka,williams,10,15,4,17,0,,1,14.0,0,10.0,10.0,1,5.0,0.0,14.43,20.51,76.37,0,0.0
2025,3,stroll,20,89271.0,,,20,suzuka,aston_martin,9,14,7,10,0,,10,8.0,0,7.5,7.5,0,6.0,0.0,14.43,20.51,76.37,0,0.0
2025,3,tsunoda,15,87967.0,88000.0,,12,suzuka,red_bull,16,9,3,36,0,,3,13.0,0,14.0,14.0,0,-7.0,0.0,14.43,20.51,76.37,0,0.0
2025,4,albon,15,92040.0,,,12,bahrain,williams,9,9,5,19,0,,18,7.0,0,7.0,7.0,0,1.33,0.0,27.05,31.87,45.33,0,0.0
2025,4,alonso,13,91634.0,91886.0,,15,bahrain,aston_martin,11,12,7,10,0,,0,17.0,0,11.0,11.0,2,1.0,0.0,27.05,31.87,45.33,0,0.0
2025,4,antonelli,4,91415.0,90716.0,90213.0,11,bahrain,mercedes,6,6,2,75,0,372,30,5.0,0,5.33,5.33,0,4.67,0.0,27.05,31.87,45.33,0,0.0
2025,4,bearman,20,92373.0,,,10,bahrain,haas,10,10,6,15,0,,5,12.0,0,10.67,10.67,0,5.0,0.0,27.05,31.87,45.33,0,0.0
2025,4,bortoleto,18,92186.0,,,18,bahrain,sauber,19,17,9,6,0,,0,20.0,0,16.5,16.5,1,1.5,0.0,27.05,31.87,45.33,0,0.0
2025,4,doohan,11,91414.0,91245.0,,14,bahrain,alpine,15,19,10,0,0,,0,19.0,0,14.0,14.0,1,4.5,0.0,27.05,31.87,45.33,0,0.0
2025,4,gasly,5,91462.0,90643.0,90216.0,7,bahrain,alpine,13,11,10,0,0,375,0,16.0,0,12.0,12.0,0,-2.0,0.0,27.05,31.87,45.33,0,0.0
2025,4,hadjar,12,91591.0,91271.0,,13,bahrain,rb,8,7,8,7,0,,4,13.0,0,9.5,9.5,1,-2.5,0.0,27.05,31.87,45.33,0,0.0
2025,4,hamilton,9,91219.0,91009.0,90772.0,5,bahrain,ferrari,7,8,4,35,0,931,15,8.0,0,8.5,8.5,0,-0.5,0.0,27.05,31.87,45.33,0,0.0
2025,4,hulkenberg,16,92067.0,,,20,bahrain,sauber,16,16,9,6,0,,6,11.0,0,12.67,12.67,0,2.33,0.0,27.05,31.87,45.33,0,0.0
2025,4,lawson,17,92165.0,,,16,bahrain,rb,17,13,8,7,0,,0,18.0,0,14.5,14.5,1,2.0,0.0,27.05,31.87,45.33,0,0.0
2025,4,leclerc,3,91454.0,90724.0,90175.0,4,bahrain,ferrari,4,4,4,35,0,334,20,6.0,0,6.0,6.0,0,-0.5,0.0,27.05,31.87,45.33,0,0.0
2025,4,max_verstappen,7,91303.0,91019.0,90423.0,6,bahrain,red_bull,1,1,3,61,1,582,61,2.0,1,2.33,2.33,0,0.33,0.0,27.05,31.87,45.33,0,0.0
2025,4,norris,6,91107.0,90560.0,90267.0,3,bahrain,mclaren,2,2,1,111,2,426,62,1.0,1,1.67,1.67,0,0.33,0.0,27.05,31.87,45.33,0,0.0
2025,4,ocon,14,91594.0,,,8,bahrain,haas,18,18,6,15,0,,10,9.0,0,12.0,12.0,0,4.0,0.0,27.05,31.87,45.33,0,0.0
2025,4,piastri,1,91392.0,90454.0,89841.0,1,bahrain,mclaren,3,3,1,111,2,0,49,3.0,1,4.33,4.33,0,-2.33,0.0,27.05,31.87,45.33,0,0.0
2025,4,russell,2,91494.0,90664.0,90009.0,2,bahrain,mercedes,5,5,2,75,0,168,45,4.0,0,3.67,3.67,0,0.0,0.0,27.05,31.87,45.33,0,0.0
2025,4,sainz,8,91591.0,90844.0,90680.0,19,bahrain,williams,14,15,5,19,0,839,1,15.0,0,12.0,12.0,1,3.0,0.0,27.05,31.87,45.33,0,0.0
2025,4,stroll,19,92283.0,,,17,bahrain,aston_martin,20,20,7,10,0,,10,10.0,0,11.67,11.67,0,4.0,0.0,27.05,31.87,45.33,0,0.0
2025,4,tsunoda,10,91751.0,91228.0,91303.0,9,bahrain,red_bull,12,14,3,61,1,1462,3,14.0,0,13.33,13.33,0,-4.0,0.0,27.05,31.87,45.33,0,0.0
2025,5,albon,11,88279.0,88109.0,,9,jeddah,williams,12,15,6,19,0,,18,8.0,0,9.33,8.25,0,2.0,1.08,29.48,37.82,62.73,0,0.0
2025,5,alonso,13,88548.0,88303.0,,11,jeddah,aston_martin,15,13,7,10,0,,0,17.0,0,13.0,13.0,2,-0.5,0.0,29.48,37.82,62.73,0,0.0
2025,5,antonelli,5,88128.0,87798.0,87866.0,6,jeddah,mercedes,11,5,2,93,0,572,30,6.0,0,7.67,6.75,0,-1.33,0.92,29.48,37.82,62.73,0,0.0
2025,5,bearman,15,88536.0,88648.0,,13,jeddah,haas,10,20,5,20,0,,6,13.0,0,9.33,10.5,0,6.33,-1.17,29.48,37.82,62.73,0,0.0
2025,5,bortoleto,20,89462.0,,,18,jeddah,sauber,18,18,10,6,0,,0,20.0,0,17.0,17.0,1,1.0,0.0,29.48,37.82,62.73,0,0.0
2025,5,doohan,17,88739.0,,,17,jeddah,alpine,14,11,9,6,0,,0,19.0,0,14.0,14.0,1,2.0,0.0,29.48,37.82,62.73,0,0.0
2025,5,gasly,9,88421.0,88025.0,88367.0,20,jeddah,alpine,7,4,9,6,0,1073,6,11.0,0,10.0,10.33,0,-2.5,-0.33,29.48,37.82,62.73,0,0.0
2025,5,hadjar,14,88571.0,88418.0,,10,jeddah,rb,13,12,8,7,0,,4,15.0,0,10.67,10.67,1,-2.0,0.0,29.48,37.82,62.73,0,0.0
2025,5,hamilton,7,88372.0,88102.0,88201.0,7,jeddah,ferrari,5,9,4,57,0,907,25,7.0,0,6.0,7.33,0,2.5,-1.33,29.48,37.82,62.73,0,0.0
2025,5,hulkenberg,18,88782.0,,,15,jeddah,sauber,D,16,10,6,0,,6,12.0,0,15.5,12.67,0,-1.5,2.83,29.48,37.82,62.73,0,0.0
2025,5,lawson,12,88561.0,88191.0,,12,jeddah,rb,16,17,8,7,0,,0,18.0,0,15.0,15.0,1,1.67,0.0,29.48,37.82,62.73,0,0.0
2025,5,leclerc,4,88552.0,87866.0,87670.0,3,jeddah,ferrari,4,2,4,57,0,376,32,5.0,0,4.0,5.33,0,-1.0,-1.33,29.48,37.82,62.73,0,0.0
2025,5,max_verstappen,1,87778.0,87529.0,87294.0,2,jeddah,red_bull,6,7,3,71,1,0,69,3.0,1,3.67,3.25,0,0.33,0.42,29.48,37.82,62.73,0,0.0
2025,5,norris,10,87805.0,87481.0,,4,jeddah,mclaren,3,6,1,151,3,,77,1.0,1,2.33,2.0,0,1.33,0.33,29.48,37.82,62.73,0,0.0
2025,5,ocon,19,89092.0,,,14,jeddah,haas,8,14,5,20,0,,14,9.0,0,10.33,11.0,0,4.0,-0.67,29.48,37.82,62.73,0,0.0
2025,5,piastri,2,87901.0,87545.0,87304.0,1,jeddah,mclaren,1,1,1,151,3,10,74,2.0,2,1.67,3.5,0,0.0,-1.83,29.48,37.82,62.73,0,0.0
2025,5,russell,3,88282.0,87599.0,87407.0,5,jeddah,mercedes,2,3,2,93,0,113,63,4.0,0,3.33,3.25,0,0.0,0.08,29.48,37.82,62.73,0,0.0
2025,5,sainz,6,88354.0,88024.0,88164.0,8,jeddah,williams,R,8,6,19,0,870,1,16.0,0,12.0,12.0,1,3.0,0.0,29.48,37.82,62.73,0,0.0
2025,5,stroll,16,88645.0,,,16,jeddah,aston_martin,17,19,7,10,0,,10,10.0,0,15.33,13.0,0,2.33,2.33,29.48,37.82,62.73,0,0.0
2025,5,tsunoda,8,88226.0,87990.0,88204.0,19,jeddah,red_bull,9,10,3,71,1,910,5,14.0,0,12.33,12.25,0,-1.33,0.08,29.48,37.82,62.73,0,0.0
2025,6,albon,7,87042.0,86855.0,86682.0,5,miami,williams,9,11,5,25,0,478,20,8.0,0,10.0,8.4,0,1.67,1.6,26.57,38.69,63.02,0,3.4
2025,6,alonso,17,87604.0,,,15,miami,aston_martin,11,13,7,10,0,,0,17.0,0,12.33,12.33,2,0.33,0.0,26.57,38.69,63.02,0,3.4
2025,6,antonelli,3,87077.0,86606.0,86271.0,6,miami,mercedes,6,5,2,111,0,67,38,6.0,0,7.67,6.6,0,-2.33,1.07,26.57,38.69,63.02,0,3.4
2025,6,bearman,20,87999.0,,,19,miami,haas,13,15,6,20,0,,6,13.0,0,11.0,11.0,0,4.0,0.0,26.57,38.69,63.02,0,3.4
2025,6,bortoleto,13,87343.0,87151.0,,18,miami,sauber,18,20,10,6,0,,0,20.0,0,18.33,17.25,1,0.0,1.08,26.57,38.69,63.02,0,3.4
2025,6,doohan,14,87422.0,87186.0,,20,miami,alpine,17,17,9,6,0,,0,19.0,0,15.33,14.75,1,0.33,0.58,26.57,38.69,63.02,0,3.4
2025,6,gasly,18,87710.0,,,13,miami,alpine,R,9,9,6,0,,6,11.0,0,10.0,10.33,0,-2.5,-0.33,26.57,38.69,63.02,0,3.4
2025,6,hadjar,11,87301.0,86987.0,,11,miami,rb,10,14,8,8,0,,5,14.0,0,10.33,10.5,1,0.67,-0.17,26.57,38.69,63.02,0,3.4
2025,6,hamilton,12,87279.0,87006.0,,8,miami,ferrari,7,7,4,78,0,,31,7.0,0,6.33,7.25,0,1.67,-0.92,26.57,38.69,63.02,0,3.4
2025,6,hulkenberg,16,87473.0,,,14,miami,sauber,15,18,10,6,0,,6,12.0,0,15.5,13.25,0,1.5,2.25,26.57,38.69,63.02,0,3.4
2025,6,lawson,15,87444.0,87363.0,,17,miami,rb,12,12,8,8,0,,0,18.0,0,15.0,14.25,1,-1.0,0.75,26.57,38.69,63.02,0,3.4
2025,6,leclerc,8,87417.0,86948.0,86754.0,7,miami,ferrari,3,4,4,78,0,550,47,5.0,0,3.67,4.75,0,-0.33,-1.08,26.57,38.69,63.02,0,3.4
2025,6,max_verstappen,1,86870.0,86643.0,86204.0,4,miami,red_bull,2,1,3,89,1,0,87,3.0,1,3.0,3.0,0,0.0,0.0,26.57,38.69,63.02,0,3.4
2025,6,norris,2,86955.0,86499.0,86269.0,2,miami,mclaren,4,10,1,188,4,65,89,2.0,1,3.0,2.4,0,3.0,0.6,26.57,38.69,63.02,0,3.4
2025,6,ocon,9,87450.0,86967.0,86824.0,12,miami,haas,14,19,6,20,0,620,14,9.0,0,13.33,11.6,0,3.67,1.73,26.57,38.69,63.02,0,3.4
2025,6,piastri,4,87006.0,86269.0,86375.0,1,miami,mclaren,1,2,1,188,4,171,99,1.0,3,1.67,3.0,0,0.33,-1.33,26.57,38.69,63.02,0,3.4
2025,6,russell,5,87014.0,86575.0,86385.0,3,miami,mercedes,5,3,2,111,0,181,73,4.0,0,4.0,3.6,0,-0.33,0.4,26.57,38.69,63.02,0,3.4
2025,6,sainz,6,87098.0,86847.0,86569.0,9,miami,williams,8,6,5,25,0,365,5,15.0,0,11.0,10.67,2,-0.5,0.33,26.57,38.69,63.02,0,3.4
2025,6,stroll,19,87830.0,,,16,miami,aston_martin,16,16,7,10,0,,10,10.0,0,17.67,13.6,0,0.67,4.07,26.57,38.69,63.02,0,3.4
2025,6,tsunoda,10,87298.0,86959.0,86943.0,10,miami,red_bull,R,8,3,89,1,739,5,16.0,0,10.5,12.25,0,1.5,-1.75,26.57,38.69,63.02,0,3.4
2025,7,albon,7,76123.0,75521.0,75473.0,5,imola,williams,5,7,5,37,0,803,30,8.0,0,8.67,8.4,0,2.33,0.27,23.96,42.66,38.31,0,0.0
2025,7,alonso,5,75695.0,75442.0,75431.0,11,imola,aston_martin,15,17,7,14,0,761,0,17.0,0,13.67,13.0,2,0.67,0.67,23.96,42.66,38.31,0,0.0
2025,7,antonelli,13,75943.0,75772.0,,19,imola,mercedes,6,3,2,141,0,,48,6.0,0,7.67,7.0,0,-3.33,0.67,23.96,42.66,38.31,0,0.0
2025,7,bearman,19,76918.0,,,17,imola,haas,R,19,6,20,0,,6,15.0,0,11.5,10.25,0,6.0,1.25,23.96,42.66,38.31,0,0.0
2025,7,bortoleto,14,76340.0,76260.0,,18,imola,sauber,R,13,10,6,0,,0,20.0,0,18.0,17.25,1,1.0,0.75,23.96,42.66,38.31,0,0.0
2025,7,colapinto,15,76256.0,,,16,imola,alpine,,,9,7,0,,,,,,,,,,23.96,42.66,38.31,0,0.0
2025,7,gasly,10,75937.0,75505.0,75787.0,13,imola,alpine,13,20,9,7,0,1117,7,12.0,0,10.0,11.0,1,2.0,-1.0,23.96,42.66,38.31,0,0.0
2025,7,hadjar,9,76253.0,75510.0,75746.0,9,imola,rb,11,11,8,8,0,1076,5,16.0,0,11.33,10.6,1,1.0,0.73,23.96,42.66,38.31,0,0.0
2025,7,hamilton,12,76163.0,75765.0,,4,imola,ferrari,8,12,4,94,0,,41,7.0,0,6.67,6.75,0,2.67,-0.08,23.96,42.66,38.31,0,0.0
2025,7,hulkenberg,17,76518.0,,,12,imola,sauber,14,16,10,6,0,,6,14.0,0,14.5,15.0,0,2.5,-0.5,23.96,42.66,38.31,0,0.0
2025,7,lawson,16,76379.0,,,14,imola,rb,R,15,8,8,0,,0,18.0,0,14.0,14.25,1,0.5,-0.25,23.96,42.66,38.31,0,0.0
2025,7,leclerc,11,76108.0,75604.0,,6,imola,ferrari,7,8,4,94,0,,53,5.0,0,4.67,4.5,0,0.0,0.17,23.96,42.66,38.31,0,0.0
2025,7,max_verstappen,2,75175.0,75394.0,74704.0,1,imola,red_bull,4,1,3,105,1,34,99,3.0,1,4.0,3.4,0,-1.0,0.6,23.96,42.66,38.31,0,0.0
2025,7,norris,4,75894.0,75261.0,74962.0,2,imola,mclaren,2,2,1,246,5,292,115,2.0,1,3.0,2.6,0,3.0,0.4,23.96,42.66,38.31,0,0.0
2025,7,ocon,18,76613.0,,,20,imola,haas,12,9,6,20,0,,14,9.0,0,11.33,11.4,0,2.67,-0.07,23.96,42.66,38.31,0,0.0
2025,7,piastri,1,75500.0,75214.0,74670.0,3,imola,mclaren,1,4,1,246,5,0,131,1.0,4,1.0,1.4,0,1.33,-0.4,23.96,42.66,38.31,0,0.0
2025,7,russell,3,75852.0,75334.0,74807.0,7,imola,mercedes,3,5,2,141,0,137,93,4.0,0,3.33,3.6,0,0.33,-0.27,23.96,42.66,38.31,0,0.0
2025,7,sainz,6,75987.0,75198.0,75432.0,8,imola,williams,9,6,5,37,0,762,7,13.0,0,8.5,10.25,2,-2.5,-1.75,23.96,42.66,38.31,0,0.0
2025,7,stroll,8,75817.0,75497.0,75581.0,15,imola,aston_martin,16,18,7,14,0,911,14,10.0,0,16.33,15.6,0,1.33,0.73,23.96,42.66,38.31,0,0.0
2025,7,tsunoda,20,,,,10,imola,red_bull,10,10,3,105,1,,9,11.0,0,9.5,11.75,1,0.5,-2.25,23.96,42.66,38.31,0,0.0
2025,8,albon,10,71629.0,70732.0,71213.0,9,monaco,williams,5,7,5,51,0,1259,40,8.0,0,6.33,8.0,0,2.0,-1.67,22.21,43.32,52.52,0,0.0
2025,8,alonso,7,71674.0,71182.0,70924.0,19,monaco,aston_martin,11,5,7,14,0,970,0,17.0,0,12.33,12.6,2,-0.67,-0.27,22.21,43.32,52.52,0,0.0
2025,8,antonelli,15,71880.0,,,18,monaco,mercedes,R,13,2,147,0,,48,7.0,0,6.0,7.25,0,-2.0,-1.25,22.21,43.32,52.52,0,0.0
2025,8,bearman,17,71979.0,,,12,monaco,haas,17,19,6,20,0,,6,16.0,0,15.0,12.5,1,2.0,2.5,22.21,43.32,52.52,0,0.0
2025,8,bortoleto,16,71902.0,,,14,monaco,sauber,18,14,10,6,0,,0,20.0,0,18.0,18.25,2,-1.0,-0.25,22.21,43.32,52.52,0,0.0
2025,8,colapinto,20,72597.0,,,13,monaco,alpine,16,16,9,7,0,,0,21.0,0,16.0,16.0,0,0.0,0.0,22.21,43.32,52.52,0,0.0
2025,8,gasly,18,71994.0,,,20,monaco,alpine,13,10,9,7,0,,7,13.0,0,13.0,11.5,1,2.0,1.5,22.21,43.32,52.52,0,0.0
2025,8,hadjar,6,71811.0,71040.0,70923.0,6,monaco,rb,9,9,8,10,0,969,7,14.0,0,10.0,10.2,1,1.33,-0.2,22.21,43.32,52.52,0,0.0
2025,8,hamilton,4,71575.0,70883.0,70382.0,5,monaco,ferrari,4,12,4,114,0,428,53,6.0,0,6.33,6.2,0,4.0,0.13,22.21,43.32,52.52,0,0.0
2025,8,hulkenberg,13,71871.0,71596.0,,16,monaco,sauber,12,17,10,6,0,,6,15.0,0,13.67,14.25,0,3.33,-0.58,22.21,43.32,52.52,0,0.0
2025,8,lawson,9,71818.0,71250.0,71129.0,8,monaco,rb,14,15,8,10,0,1175,0,18.0,0,13.0,14.75,2,0.5,-1.75,22.21,43.32,52.52,0,0.0
2025,8,leclerc,2,71229.0,70581.0,70063.0,2,monaco,ferrari,6,11,4,114,0,109,61,5.0,0,5.33,4.8,0,2.33,0.53,22.21,43.32,52.52,0,0.0
2025,8,max_verstappen,5,71431.0,70875.0,70669.0,4,monaco,red_bull,1,2,3,131,2,715,124,3.0,2,2.33,2.8,0,-1.0,-0.47,22.21,43.32,52.52,0,0.0
2025,8,norris,1,71285.0,70570.0,69954.0,1,monaco,mclaren,2,4,1,279,5,0,133,2.0,1,2.67,2.6,0,2.67,0.07,22.21,43.32,52.52,0,0.0
2025,8,ocon,8,71839.0,71262.0,70942.0,7,monaco,haas,R,18,6,20,0,988,14,9.0,0,13.0,13.0,0,1.0,0.0,22.21,43.32,52.52,0,0.0
2025,8,piastri,3,71308.0,70858.0,70129.0,3,monaco,mclaren,3,1,1,279,5,175,146,1.0,4,1.67,1.8,0,0.67,-0.13,22.21,43.32,52.52,0,0.0
2025,8,russell,14,71507.0,,,11,monaco,mercedes,7,3,2,147,0,,99,4.0,0,5.0,4.4,0,-1.33,0.6,22.21,43.32,52.52,0,0.0
2025,8,sainz,11,71707.0,71362.0,,10,monaco,williams,8,6,5,51,0,,11,11.0,0,8.33,9.75,2,-2.33,-1.42,22.21,43.32,52.52,0,0.0
2025,8,stroll,19,72563.0,,,15,monaco,aston_martin,15,8,7,14,0,,14,10.0,0,15.67,16.8,0,-1.67,-1.13,22.21,43.32,52.52,0,0.0
2025,8,tsunoda,12,71800.0,71415.0,,17,monaco,red_bull,10,20,3,131,2,,10,12.0,0,10.0,10.25,1,5.0,-0.25,22.21,43.32,52.52,0,0.0
2025,9,albon,11,73044.0,72641.0,,19,catalunya,williams,9,10,5,54,0,,42,8.0,0,6.33,8.0,0,1.67,-1.67,29.12,48.54,54.63,0,0.0
2025,9,alonso,10,73102.0,72523.0,72284.0,9,catalunya,aston_martin,R,6,8,14,0,738,0,18.0,0,13.0,13.0,2,-2.0,0.0,29.12,48.54,54.63,0,0.0
2025,9,antonelli,6,72815.0,72585.0,72111.0,18,catalunya,mercedes,18,15,2,147,0,565,48,7.0,0,12.0,10.25,1,-3.0,1.75,29.12,48.54,54.63,0,0.0
2025,9,bearman,15,73074.0,73315.0,,17,catalunya,haas,12,20,6,26,0,,6,16.0,0,14.5,13.0,1,5.0,1.5,29.12,48.54,54.63,0,0.0
2025,9,bortoleto,12,73045.0,72756.0,,12,catalunya,sauber,14,16,10,6,0,,0,21.0,0,16.0,17.0,2,-1.0,-1.0,29.12,48.54,54.63,0,0.0
2025,9,colapinto,19,73334.0,,,15,catalunya,alpine,13,18,9,7,0,,0,20.0,0,14.5,14.5,0,2.5,0.0,29.12,48.54,54.63,0,0.0
2025,9,gasly,8,73081.0,72611.0,72199.0,8,catalunya,alpine,R,17,9,7,0,653,7,14.0,0,13.0,11.0,1,2.0,2.0,29.12,48.54,54.63,0,0.0
2025,9,hadjar,9,73139.0,72461.0,72252.0,7,catalunya,rb,6,5,7,22,0,706,15,10.0,0,8.67,9.8,1,-0.33,-1.13,29.12,48.54,54.63,0,0.0
2025,9,hamilton,5,73058.0,72447.0,72045.0,6,catalunya,ferrari,5,7,4,142,0,499,63,6.0,0,5.67,5.8,0,4.67,-0.13,29.12,48.54,54.63,0,0.0
2025,9,hulkenberg,16,73190.0,,,5,catalunya,sauber,16,13,10,6,0,,6,15.0,0,14.0,14.25,0,1.33,-0.25,29.12,48.54,54.63,0,0.0
2025,9,lawson,13,73039.0,72763.0,,11,catalunya,rb,8,9,7,22,0,,4,17.0,0,11.0,12.5,2,1.0,-1.5,29.12,48.54,54.63,0,0.0
2025,9,leclerc,7,73014.0,72495.0,72131.0,3,catalunya,ferrari,2,2,4,142,0,585,79,5.0,0,5.0,4.4,0,2.0,0.6,29.12,48.54,54.63,0,0.0
2025,9,max_verstappen,3,72798.0,72358.0,71848.0,10,catalunya,red_bull,4,4,3,143,2,302,136,3.0,2,3.0,3.4,0,-0.67,-0.4,29.12,48.54,54.63,0,0.0
2025,9,norris,2,72799.0,72056.0,71755.0,2,catalunya,mclaren,1,1,1,319,6,209,158,2.0,2,1.67,2.4,0,0.67,-0.73,29.12,48.54,54.63,0,0.0
2025,9,ocon,17,73201.0,,,16,catalunya,haas,7,8,6,26,0,,20,9.0,0,9.5,10.25,1,-1.0,-0.75,29.12,48.54,54.63,0,0.0
2025,9,piastri,1,72551.0,71998.0,71546.0,1,catalunya,mclaren,3,3,1,319,6,0,161,1.0,4,2.33,1.8,0,0.33,0.53,29.12,48.54,54.63,0,0.0
2025,9,russell,4,72806.0,72407.0,71848.0,4,catalunya,mercedes,11,14,2,147,0,302,99,4.0,0,7.0,5.6,0,0.33,1.4,29.12,48.54,54.63,0,0.0
2025,9,sainz,18,73203.0,,,14,catalunya,williams,10,11,5,54,0,,12,12.0,0,9.0,8.75,2,-1.33,0.25,29.12,48.54,54.63,0,0.0
2025,9,tsunoda,20,73385.0,,,13,catalunya,red_bull,17,12,3,143,2,,10,13.0,0,12.33,11.5,1,1.67,0.83,29.12,48.54,54.63,0,0.0
2025,10,albon,10,72090.0,71892.0,71907.0,20,villeneuve,williams,R,11,5,54,0,1008,42,8.0,0,7.0,7.0,0,1.5,0.0,24.04,49.25,27.98,0,0.6
2025,10,alonso,6,72073.0,71805.0,71586.0,7,villeneuve,aston_martin,9,10,9,16,0,687,2,18.0,0,10.0,11.5,3,-2.5,-1.5,24.04,49.25,27.98,0,0.6
2025,10,antonelli,4,72279.0,71974.0,71391.0,3,villeneuve,mercedes,R,6,3,159,0,492,48,7.0,0,18.0,10.0,1,-3.0,8.0,24.04,49.25,27.98,0,0.6
2025,10,bearman,14,72306.0,72340.0,,11,villeneuve,haas,17,14,7,26,0,,6,16.0,0,15.33,14.75,1,2.33,0.58,24.04,49.25,27.98,0,0.6
2025,10,bortoleto,16,72385.0,,,14,villeneuve,sauber,12,12,8,16,0,,0,19.0,0,14.67,15.5,2,-0.67,-0.83,24.04,49.25,27.98,0,0.6
2025,10,colapinto,12,72234.0,72142.0,,13,villeneuve,alpine,15,18,10,11,0,,0,21.0,0,14.67,14.67,0,2.67,0.0,24.04,49.25,27.98,0,0.6
2025,10,gasly,20,72667.0,,,15,villeneuve,alpine,8,8,10,11,0,,11,14.0,0,10.5,11.33,2,-1.5,-0.83,24.04,49.25,27.98,0,0.6
2025,10,hadjar,9,72211.0,72003.0,71867.0,16,villeneuve,rb,7,9,6,28,0,968,21,9.0,0,7.33,8.6,1,0.33,-1.27,24.04,49.25,27.98,0,0.6
2025,10,hamilton,5,71952.0,71885.0,71526.0,6,villeneuve,ferrari,6,5,2,165,0,627,71,6.0,0,5.0,6.0,0,3.0,-1.0,24.04,49.25,27.98,0,0.6
2025,10,hulkenberg,13,72323.0,72183.0,,8,villeneuve,sauber,5,15,8,16,0,,16,11.0,0,11.0,12.4,0,4.0,-1.4,24.04,49.25,27.98,0,0.6
2025,10,lawson,19,72525.0,,,19,villeneuve,rb,11,13,6,28,0,,4,17.0,0,11.0,11.25,2,1.33,-0.25,24.04,49.25,27.98,0,0.6
2025,10,leclerc,8,72038.0,71626.0,71682.0,5,villeneuve,ferrari,3,7,2,165,0,783,94,5.0,0,3.67,4.2,0,3.0,-0.53,24.04,49.25,27.98,0,0.6
2025,10,max_verstappen,2,72054.0,71638.0,71059.0,2,villeneuve,red_bull,10,3,4,144,2,160,137,3.0,2,5.0,4.2,0,-2.0,0.8,24.04,49.25,27.98,0,0.6
2025,10,norris,7,71826.0,71599.0,71625.0,18,villeneuve,mclaren,2,2,1,362,7,726,176,2.0,2,1.67,2.2,0,0.67,-0.53,24.04,49.25,27.98,0,0.6
2025,10,ocon,15,72378.0,72634.0,,9,villeneuve,haas,16,16,7,26,0,,20,10.0,0,11.5,12.25,1,0.5,-0.75,24.04,49.25,27.98,0,0.6
2025,10,piastri,3,71939.0,71715.0,71120.0,4,villeneuve,mclaren,1,1,1,362,7,221,186,1.0,5,2.33,1.8,0,-0.67,0.53,24.04,49.25,27.98,0,0.6
2025,10,russell,1,72075.0,71570.0,70899.0,1,villeneuve,mercedes,4,4,3,159,0,0,111,4.0,0,7.33,6.0,0,-0.33,1.33,24.04,49.25,27.98,0,0.6
2025,10,sainz,17,72398.0,,,10,villeneuve,williams,14,17,5,54,0,,12,13.0,0,10.67,9.8,2,0.67,0.87,24.04,49.25,27.98,0,0.6
2025,10,stroll,18,72517.0,,,17,villeneuve,aston_martin,,,9,16,0,,14,12.0,0,15.33,15.8,0,-0.33,-0.47,24.04,49.25,27.98,0,0.6
2025,10,tsunoda,11,72334.0,72102.0,,12,villeneuve,red_bull,13,19,4,144,2,,10,15.0,0,13.33,12.5,1,3.67,0.83,24.04,49.25,27.98,0,0.6
2025,11,albon,12,65143.0,65205.0,,17,red_bull_ring,williams,R,9,5,55,0,,42,8.0,0,9.0,6.33,1,1.0,2.67,30.35,49.17,31.98,0,0.0
2025,11,alonso,11,65197.0,65128.0,,7,red_bull_ring,aston_martin,7,6,8,22,0,,8,16.0,0,8.0,10.5,3,0.0,-2.5,30.35,49.17,31.98,0,0.0
2025,11,antonelli,9,65178.0,65052.0,65276.0,19,red_bull_ring,mercedes,3,4,2,199,1,1305,63,7.0,0,10.5,9.0,2,-1.0,1.5,30.35,49.17,31.98,0,0.0
2025,11,bearman,15,65218.0,65312.0,,11,red_bull_ring,haas,11,13,6,28,0,,6,17.0,0,13.33,14.25,1,2.33,-0.92,30.35,49.17,31.98,0,0.0
2025,11,bortoleto,8,65123.0,64846.0,65132.0,8,red_bull_ring,sauber,14,15,9,20,0,1161,0,19.0,0,13.33,14.5,2,1.0,-1.17,30.35,49.17,31.98,0,0.0
2025,11,colapinto,14,65278.0,65288.0,,15,red_bull_ring,alpine,13,10,10,11,0,,0,20.0,0,13.67,14.25,0,1.67,-0.58,30.35,49.17,31.98,0,0.0
2025,11,gasly,10,65054.0,64846.0,65649.0,13,red_bull_ring,alpine,15,20,10,11,0,1678,11,14.0,0,11.5,12.25,2,2.5,-0.75,30.35,49.17,31.98,0,0.0
2025,11,hadjar,13,65063.0,65226.0,,12,red_bull_ring,rb,16,12,7,28,0,,21,10.0,0,9.67,9.8,1,-1.0,-0.13,30.35,49.17,31.98,0,0.0
2025,11,hamilton,4,65115.0,64896.0,64582.0,4,red_bull_ring,ferrari,6,5,3,183,0,611,79,6.0,0,5.67,5.8,0,0.0,-0.13,30.35,49.17,31.98,0,0.0
2025,11,hulkenberg,20,65606.0,,,9,red_bull_ring,sauber,8,11,9,20,0,,20,11.0,0,9.67,11.0,0,3.33,-1.33,30.35,49.17,31.98,0,0.0
2025,11,lawson,6,65017.0,65041.0,64926.0,6,red_bull_ring,rb,R,19,7,28,0,955,4,18.0,0,9.5,11.0,2,1.5,-1.5,30.35,49.17,31.98,0,0.0
2025,11,leclerc,2,65197.0,64734.0,64492.0,3,red_bull_ring,ferrari,5,8,3,183,0,521,104,5.0,0,3.33,4.6,0,2.33,-1.27,30.35,49.17,31.98,0,0.0
2025,11,max_verstappen,7,65106.0,64836.0,64929.0,18,red_bull_ring,red_bull,2,2,4,162,2,958,155,3.0,2,5.33,4.2,0,-2.33,1.13,30.35,49.17,31.98,0,0.0
2025,11,norris,1,64672.0,64410.0,63971.0,1,red_bull_ring,mclaren,18,7,1,374,7,0,176,2.0,2,7.0,5.0,0,-3.67,2.0,30.35,49.17,31.98,0,0.0
2025,11,ocon,17,65364.0,,,10,red_bull_ring,haas,9,14,6,28,0,,22,9.0,0,10.67,11.0,1,2.0,-0.33,30.35,49.17,31.98,0,0.0
2025,11,piastri,3,64966.0,64556.0,64554.0,2,red_bull_ring,mclaren,4,3,1,374,7,583,198,1.0,5,2.67,2.4,0,-0.33,0.27,30.35,49.17,31.98,0,0.0
2025,11,russell,5,65189.0,64860.0,64763.0,5,red_bull_ring,mercedes,1,1,2,199,1,792,136,4.0,1,5.33,5.2,0,1.0,0.13,30.35,49.17,31.98,0,0.0
2025,11,sainz,19,65582.0,,,20,red_bull_ring,williams,10,16,5,55,0,,13,13.0,0,11.33,10.2,2,3.33,1.13,30.35,49.17,31.98,0,0.0
2025,11,stroll,16,65329.0,,,14,red_bull_ring,aston_martin,17,17,8,22,0,,14,12.0,0,15.67,15.8,0,-1.0,-0.13,30.35,49.17,31.98,0,0.0
2025,11,tsunoda,18,65369.0,,,16,red_bull_ring,red_bull,12,18,4,162,2,,10,15.0,0,14.0,12.4,1,2.33,1.6,30.35,49.17,31.98,0,0.0
2025,12,albon,14,86093.0,85889.0,,8,silverstone,williams,R,12,5,55,0,,42,8.0,0,,7.0,2,,,17.92,23.58,78.37,0,18.1
2025,12,alonso,9,86108.0,85593.0,85621.0,9,silverstone,aston_martin,7,11,8,28,0,729,14,13.0,0,7.67,8.5,3,1.33,-0.83,17.92,23.58,78.37,0,18.1
2025,12,antonelli,7,86265.0,85620.0,85374.0,16,silverstone,mercedes,R,9,3,209,1,482,63,7.0,0,3.0,10.5,2,1.0,-7.5,17.92,23.58,78.37,0,18.1
2025,12,bearman,8,86005.0,85534.0,85471.0,11,silverstone,haas,11,15,7,29,0,579,6,18.0,0,13.0,13.6,1,1.0,-0.6,17.92,23.58,78.37,0,18.1
2025,12,bortoleto,17,86446.0,,,18,silverstone,sauber,8,8,9,26,0,,4,19.0,0,11.33,13.2,2,0.33,-1.87,17.92,23.58,78.37,0,18.1
2025,12,colapinto,20,87060.0,,,20,silverstone,alpine,15,14,10,11,0,,0,20.0,0,14.33,14.4,0,-0.33,-0.07,17.92,23.58,78.37,0,18.1
2025,12,gasly,10,86328.0,85711.0,85785.0,6,silverstone,alpine,13,10,10,11,0,893,11,16.0,0,12.0,12.25,2,0.67,-0.25,17.92,23.58,78.37,0,18.1
2025,12,hadjar,13,86177.0,85864.0,,17,silverstone,rb,12,13,6,36,0,,21,11.0,0,11.67,10.0,1,-0.33,1.67,17.92,23.58,78.37,0,18.1
2025,12,hamilton,5,86296.0,85084.0,85095.0,4,silverstone,ferrari,4,4,2,210,0,203,91,6.0,0,5.33,5.0,0,-0.67,0.33,17.92,23.58,78.37,0,18.1
2025,12,hulkenberg,19,86574.0,,,3,silverstone,sauber,9,20,9,26,0,,22,10.0,0,7.33,10.0,0,8.0,-2.67,17.92,23.58,78.37,0,18.1
2025,12,lawson,16,86440.0,,,19,silverstone,rb,6,6,6,36,0,,12,15.0,0,8.5,9.75,3,1.0,-1.25,17.92,23.58,78.37,0,18.1
2025,12,leclerc,6,86186.0,85133.0,85121.0,14,silverstone,ferrari,3,2,2,210,0,229,119,5.0,0,3.67,3.8,0,2.0,-0.13,17.92,23.58,78.37,0,18.1
2025,12,max_verstappen,1,85886.0,85316.0,84892.0,5,silverstone,red_bull,R,7,4,162,2,0,155,3.0,2,6.0,4.25,0,-3.5,1.75,17.92,23.58,78.37,0,18.1
2025,12,norris,3,86123.0,85231.0,85010.0,1,silverstone,mclaren,1,1,1,417,8,118,201,2.0,3,7.0,4.8,0,-3.67,2.2,17.92,23.58,78.37,0,18.1
2025,12,ocon,15,86136.0,85950.0,,13,silverstone,haas,10,17,7,29,0,,23,9.0,0,11.67,10.5,1,4.0,1.17,17.92,23.58,78.37,0,18.1
2025,12,piastri,2,85963.0,85316.0,84995.0,2,silverstone,mclaren,2,3,1,417,8,103,216,1.0,5,2.33,2.6,0,0.0,-0.27,17.92,23.58,78.37,0,18.1
2025,12,russell,4,86236.0,85637.0,85029.0,10,silverstone,mercedes,5,5,3,209,1,137,146,4.0,1,3.33,5.6,0,0.0,-2.27,17.92,23.58,78.37,0,18.1
2025,12,sainz,11,86175.0,85746.0,,12,silverstone,williams,W,19,5,55,0,,13,14.0,0,12.0,10.5,2,4.5,1.5,17.92,23.58,78.37,0,18.1
2025,12,stroll,18,86504.0,,,7,silverstone,aston_martin,14,16,8,28,0,,14,12.0,0,15.33,15.4,0,2.0,-0.07,17.92,23.58,78.37,0,18.1
2025,12,tsunoda,12,86275.0,85826.0,,15,silverstone,red_bull,16,18,4,162,2,,10,17.0,0,13.67,13.6,1,4.67,0.07,17.92,23.58,78.37,0,18.1
2025,13,albon,5,101772.0,101505.0,101201.0,6,spa,williams,8,13,5,59,0,639,46,8.0,0,8.0,8.5,3,5.0,-0.5,17.03,24.09,84.44,0,45.7
2025,13,alonso,19,102385.0,,,17,spa,aston_martin,9,7,8,36,0,,16,14.0,0,7.67,8.0,3,0.33,-0.33,17.03,24.09,84.44,0,45.7
2025,13,antonelli,18,102139.0,,,16,spa,mercedes,R,10,3,210,1,,63,7.0,0,3.0,10.5,3,1.0,-7.5,17.03,24.09,84.44,0,45.7
2025,13,bearman,12,101617.0,101617.0,,11,spa,haas,11,18,9,29,0,,6,18.0,0,11.0,12.4,1,4.33,-1.4,17.03,24.09,84.44,0,45.7
2025,13,bortoleto,10,101908.0,101336.0,102387.0,9,spa,sauber,R,16,6,41,0,1825,4,19.0,0,11.0,12.0,2,0.5,-1.0,17.03,24.09,84.44,0,45.7
2025,13,colapinto,17,102022.0,,,19,spa,alpine,W,20,10,19,0,,0,20.0,0,14.0,14.0,0,-2.0,0.0,17.03,24.09,84.44,0,45.7
2025,13,gasly,13,101800.0,101633.0,,10,spa,alpine,6,8,10,19,0,,19,13.0,0,11.33,10.5,2,1.33,0.83,17.03,24.09,84.44,0,45.7
2025,13,hadjar,8,101572.0,101281.0,101310.0,20,spa,rb,R,12,7,36,0,748,21,11.0,0,14.0,10.25,1,-1.5,3.75,17.03,24.09,84.44,0,45.7
2025,13,hamilton,16,101939.0,,,7,spa,ferrari,4,5,2,222,0,,103,6.0,0,4.67,5.0,0,0.0,-0.33,17.03,24.09,84.44,0,45.7
2025,13,hulkenberg,14,101844.0,101707.0,,12,spa,sauber,3,19,6,41,0,,37,9.0,0,6.67,8.2,0,10.0,-1.53,17.03,24.09,84.44,0,45.7
2025,13,lawson,9,101748.0,101297.0,101328.0,8,spa,rb,R,15,7,36,0,766,12,16.0,0,6.0,8.33,3,0.0,-2.33,17.03,24.09,84.44,0,45.7
2025,13,leclerc,3,101635.0,101084.0,100900.0,3,spa,ferrari,14,6,2,222,0,338,119,5.0,0,7.33,5.4,0,-2.0,1.93,17.03,24.09,84.44,0,45.7
2025,13,max_verstappen,4,101334.0,100951.0,100903.0,4,spa,red_bull,5,1,4,172,2,341,165,3.0,2,3.5,5.25,1,-2.0,-1.75,17.03,24.09,84.44,0,45.7
2025,13,norris,1,101010.0,100715.0,100562.0,2,spa,mclaren,1,3,1,460,9,0,226,2.0,4,6.67,4.6,0,-3.0,2.07,17.03,24.09,84.44,0,45.7
2025,13,ocon,11,101884.0,101525.0,,15,spa,haas,13,14,9,29,0,,23,10.0,0,10.67,11.0,1,4.33,-0.33,17.03,24.09,84.44,0,45.7
2025,13,piastri,2,101201.0,100626.0,100647.0,1,spa,mclaren,2,2,1,460,9,85,234,1.0,5,2.67,2.4,0,0.0,0.27,17.03,24.09,84.44,0,45.7
2025,13,russell,6,101784.0,101254.0,101260.0,5,spa,mercedes,10,4,3,210,1,698,147,4.0,1,5.33,6.2,0,-2.0,-0.87,17.03,24.09,84.44,0,45.7
2025,13,sainz,15,101691.0,101758.0,,18,spa,williams,12,9,5,59,0,,13,15.0,0,11.0,11.5,2,1.5,-0.5,17.03,24.09,84.44,0,45.7
2025,13,stroll,20,102502.0,,,14,spa,aston_martin,7,17,8,36,0,,20,12.0,0,12.67,13.6,0,4.0,-0.93,17.03,24.09,84.44,0,45.7
2025,13,tsunoda,7,101840.0,101245.0,101284.0,13,spa,red_bull,15,11,4,172,2,722,10,17.0,0,14.33,14.6,1,1.33,-0.27,17.03,24.09,84.44,0,45.7
2025,14,albon,20,76223.0,,,15,hungaroring,williams,6,5,5,70,0,,54,8.0,0,7.0,7.0,3,2.0,0.0,22.08,32.73,57.24,0,0.0
2025,14,alonso,5,75281.0,75395.0,75481.0,5,hungaroring,aston_martin,17,20,8,36,0,109,16,15.0,0,11.0,9.8,3,1.67,1.2,22.08,32.73,57.24,0,0.0
2025,14,antonelli,15,75782.0,76386.0,,10,hungaroring,mercedes,16,19,3,220,1,,63,7.0,0,16.0,9.5,4,3.0,6.5,22.08,32.73,57.24,0,0.0
2025,14,bearman,11,75750.0,75694.0,,20,hungaroring,haas,11,12,9,35,0,,8,18.0,0,11.0,12.2,1,4.0,-1.2,22.08,32.73,57.24,0,0.0
2025,14,bortoleto,7,75586.0,75687.0,75725.0,6,hungaroring,sauber,9,10,6,43,0,353,6,19.0,0,8.5,10.75,3,0.5,-2.25,22.08,32.73,57.24,0,0.0
2025,14,colapinto,14,75875.0,76159.0,,18,hungaroring,alpine,19,15,10,20,0,,0,20.0,0,17.0,15.5,0,-2.5,1.5,22.08,32.73,57.24,0,0.0
2025,14,gasly,17,75966.0,,,19,hungaroring,alpine,10,13,10,20,0,,20,12.0,0,9.67,10.4,2,0.67,-0.73,22.08,32.73,57.24,0,0.0
2025,14,hadjar,10,75516.0,75469.0,75915.0,11,hungaroring,rb,20,8,7,41,0,543,22,11.0,0,16.0,13.75,2,-5.5,2.25,22.08,32.73,57.24,0,0.0
2025,14,hamilton,12,75733.0,75702.0,,12,hungaroring,ferrari,7,18,2,248,0,,109,6.0,0,5.0,5.4,0,4.0,-0.4,22.08,32.73,57.24,0,0.0
2025,14,hulkenberg,19,76081.0,,,13,hungaroring,sauber,12,14,6,43,0,,37,9.0,0,8.0,7.4,0,9.67,0.6,22.08,32.73,57.24,0,0.0
2025,14,lawson,9,75849.0,75630.0,75821.0,8,hungaroring,rb,8,9,7,41,0,449,16,14.0,0,7.0,8.33,4,0.5,-1.33,22.08,32.73,57.24,0,0.0
2025,14,leclerc,1,75582.0,75455.0,75372.0,4,hungaroring,ferrari,3,3,2,248,0,0,139,5.0,0,6.67,5.6,0,-3.0,1.07,22.08,32.73,57.24,0,0.0
2025,14,max_verstappen,8,75736.0,75547.0,75728.0,9,hungaroring,red_bull,4,4,4,192,2,356,185,3.0,2,4.5,5.25,1,-2.0,-0.75,22.08,32.73,57.24,0,0.0
2025,14,norris,3,75523.0,74890.0,75413.0,1,hungaroring,mclaren,2,1,1,516,10,41,250,2.0,4,1.33,4.8,0,0.33,-3.47,22.08,32.73,57.24,0,0.0
2025,14,ocon,18,76023.0,,,16,hungaroring,haas,15,11,9,35,0,,27,10.0,0,12.67,12.6,1,1.33,0.07,22.08,32.73,57.24,0,0.0
2025,14,piastri,2,75211.0,74941.0,75398.0,2,hungaroring,mclaren,1,2,1,516,10,26,266,1.0,6,1.67,2.0,0,0.67,-0.33,22.08,32.73,57.24,0,0.0
2025,14,russell,4,75627.0,75201.0,75425.0,3,hungaroring,mercedes,5,6,3,220,1,53,157,4.0,1,6.67,5.0,0,-1.67,1.67,22.08,32.73,57.24,0,0.0
2025,14,sainz,13,75652.0,75781.0,,14,hungaroring,williams,18,17,5,70,0,,16,16.0,0,15.0,13.5,2,-2.0,1.5,22.08,32.73,57.24,0,0.0
2025,14,stroll,6,75673.0,75129.0,75498.0,7,hungaroring,aston_martin,14,16,8,36,0,126,20,13.0,0,11.67,13.4,0,4.67,-1.73,22.08,32.73,57.24,0,0.0
2025,14,tsunoda,16,75899.0,,,17,hungaroring,red_bull,13,7,4,192,2,,10,17.0,0,14.67,13.8,1,-2.67,0.87,22.08,32.73,57.24,0,0.0
2025,15,albon,15,69792.0,69652.0,,5,zandvoort,williams,15,19,5,70,0,,54,8.0,0,9.67,9.67,3,2.67,0.0,20.08,27.96,71.18,0,0.0
2025,15,alonso,10,69950.0,69366.0,69630.0,8,zandvoort,aston_martin,5,5,6,52,0,968,26,11.0,0,10.33,9.0,3,0.33,1.33,20.08,27.96,71.18,0,0.0
2025,15,antonelli,11,69845.0,69493.0,,16,zandvoort,mercedes,10,15,3,236,1,,64,7.0,0,13.0,9.67,4,4.0,3.33,20.08,27.96,71.18,0,0.0
2025,15,bearman,19,70262.0,,,6,zandvoort,haas,R,11,9,35,0,,8,19.0,0,11.0,11.0,1,4.0,0.0,20.08,27.96,71.18,0,0.0
2025,15,bortoleto,13,70037.0,69622.0,,15,zandvoort,sauber,6,7,7,51,0,,14,17.0,0,7.5,9.25,3,1.0,-1.75,20.08,27.96,71.18,0,0.0
2025,15,colapinto,16,70104.0,,,11,zandvoort,alpine,18,14,10,20,0,,0,20.0,0,18.5,16.25,0,-4.0,2.25,20.08,27.96,71.18,0,0.0
2025,15,gasly,14,69894.0,69637.0,,17,zandvoort,alpine,19,16,10,20,0,,20,14.0,0,11.67,12.6,2,0.67,-0.93,20.08,27.96,71.18,0,0.0
2025,15,hadjar,4,69966.0,69439.0,69208.0,3,zandvoort,rb,11,10,8,45,0,546,22,13.0,0,15.5,14.75,2,-6.5,0.75,20.08,27.96,71.18,0,0.0
2025,15,hamilton,7,69900.0,69261.0,69390.0,20,zandvoort,ferrari,12,12,2,260,0,728,109,6.0,0,7.67,6.6,0,4.0,1.07,20.08,27.96,71.18,0,0.0
2025,15,hulkenberg,17,70195.0,,,14,zandvoort,sauber,13,18,7,51,0,,37,9.0,0,9.33,9.0,0,7.67,0.33,20.08,27.96,71.18,0,0.0
2025,15,lawson,8,69779.0,69383.0,69500.0,12,zandvoort,rb,8,9,8,45,0,838,20,15.0,0,8.0,7.33,4,1.0,0.67,20.08,27.96,71.18,0,0.0
2025,15,leclerc,6,69906.0,69304.0,69340.0,19,zandvoort,ferrari,4,1,2,260,0,678,151,5.0,0,7.0,5.8,0,-3.67,1.2,20.08,27.96,71.18,0,0.0
2025,15,max_verstappen,3,69696.0,69122.0,68925.0,2,zandvoort,red_bull,9,8,4,194,2,263,187,3.0,2,6.0,5.0,1,-1.67,1.0,20.08,27.96,71.18,0,0.0
2025,15,norris,2,69469.0,68874.0,68674.0,18,zandvoort,mclaren,1,3,1,559,11,12,275,2.0,5,1.33,4.6,0,1.0,-3.27,20.08,27.96,71.18,0,0.0
2025,15,ocon,18,70197.0,,,10,zandvoort,haas,16,17,9,35,0,,27,10.0,0,14.67,12.6,1,-0.67,2.07,20.08,27.96,71.18,0,0.0
2025,15,piastri,1,69338.0,68964.0,68662.0,1,zandvoort,mclaren,2,2,1,559,11,0,284,1.0,6,1.67,2.2,0,0.33,-0.53,20.08,27.96,71.18,0,0.0
2025,15,russell,5,69676.0,69313.0,69255.0,4,zandvoort,mercedes,3,4,3,236,1,593,172,4.0,1,6.0,4.8,0,-1.33,1.2,20.08,27.96,71.18,0,0.0
2025,15,sainz,9,69980.0,69472.0,69505.0,13,zandvoort,williams,14,13,5,70,0,843,16,16.0,0,14.67,13.5,2,-1.67,1.17,20.08,27.96,71.18,0,0.0
2025,15,stroll,20,,,,7,zandvoort,aston_martin,7,6,6,52,0,,26,12.0,0,9.33,11.8,0,3.67,-2.47,20.08,27.96,71.18,0,0.0
2025,15,tsunoda,12,69954.0,69622.0,,9,zandvoort,red_bull,17,20,4,194,2,,10,18.0,0,15.0,14.6,1,-2.33,0.4,20.08,27.96,71.18,0,0.0
2025,16,albon,14,79837.0,79583.0,,7,monza,williams,5,15,5,80,0,,64,8.0,0,8.67,8.5,3,4.33,0.17,26.76,43.29,42.6,0,0.0
2025,16,alonso,9,79658.0,79362.0,79424.0,19,monza,aston_martin,8,10,6,62,0,632,30,12.0,0,10.0,9.2,3,1.67,0.8,26.76,43.29,42.6,0,0.0
2025,16,antonelli,7,79747.0,79245.0,79200.0,9,monza,mercedes,16,11,3,248,1,408,64,7.0,0,14.0,14.0,4,1.0,0.0,26.76,43.29,42.6,0,0.0
2025,16,bearman,11,79688.0,79446.0,,12,monza,haas,6,20,9,44,0,,16,16.0,0,8.5,9.75,2,7.5,-1.25,26.76,43.29,42.6,0,0.0
2025,16,bortoleto,8,79688.0,79323.0,79390.0,8,monza,sauber,15,13,8,51,0,598,14,18.0,0,10.0,9.5,3,0.0,0.5,26.76,43.29,42.6,0,0.0
2025,16,colapinto,18,79992.0,,,17,monza,alpine,11,16,10,20,0,,0,20.0,0,16.0,15.75,0,-1.0,0.25,26.76,43.29,42.6,0,0.0
2025,16,gasly,19,80103.0,,,16,monza,alpine,17,14,10,20,0,,20,14.0,0,15.33,13.0,2,-1.0,2.33,26.76,43.29,42.6,0,0.0
2025,16,hadjar,16,79917.0,,,10,monza,rb,3,4,7,60,0,,37,10.0,0,11.33,11.5,2,-4.0,-0.17,26.76,43.29,42.6,0,0.0
2025,16,hamilton,5,79765.0,79371.0,79124.0,6,monza,ferrari,R,7,2,260,0,332,109,6.0,0,9.5,6.75,0,5.5,2.75,26.76,43.29,42.6,0,0.0
2025,16,hulkenberg,12,79777.0,79498.0,,20,monza,sauber,14,17,8,51,0,,37,9.0,0,13.0,10.2,0,3.33,2.8,26.76,43.29,42.6,0,0.0
2025,16,lawson,20,80279.0,,,14,monza,rb,12,8,7,60,0,,20,15.0,0,9.33,8.5,4,-0.67,0.83,26.76,43.29,42.6,0,0.0
2025,16,leclerc,4,79689.0,79310.0,79007.0,4,monza,ferrari,R,6,2,260,0,215,151,5.0,0,3.5,6.0,0,-1.5,-2.5,26.76,43.29,42.6,0,0.0
2025,16,max_verstappen,1,79455.0,79140.0,78792.0,1,monza,red_bull,2,3,4,214,2,0,205,3.0,2,5.0,5.0,1,0.0,0.0,26.76,43.29,42.6,0,0.0
2025,16,norris,2,79517.0,79293.0,78869.0,2,monza,mclaren,18,2,1,584,12,77,275,2.0,5,7.0,4.6,0,-5.0,2.4,26.76,43.29,42.6,0,0.0
2025,16,ocon,15,79816.0,79707.0,,15,monza,haas,10,18,9,44,0,,28,13.0,0,13.67,12.8,1,1.67,0.87,26.76,43.29,42.6,0,0.0
2025,16,piastri,3,79711.0,79286.0,78982.0,3,monza,mclaren,1,1,1,584,12,190,309,1.0,7,1.33,1.6,0,0.33,-0.27,26.76,43.29,42.6,0,0.0
2025,16,russell,6,79414.0,79287.0,79157.0,5,monza,mercedes,4,5,3,248,1,365,184,4.0,1,4.0,5.4,0,1.0,-1.4,26.76,43.29,42.6,0,0.0
2025,16,sainz,13,79644.0,79528.0,,11,monza,williams,13,9,5,80,0,,16,17.0,0,15.0,14.25,2,-2.0,0.75,26.76,43.29,42.6,0,0.0
2025,16,stroll,17,79948.0,,,18,monza,aston_martin,7,19,6,62,0,,32,11.0,0,9.33,9.8,0,4.33,-0.47,26.76,43.29,42.6,0,0.0
2025,16,tsunoda,10,79619.0,79433.0,79519.0,13,monza,red_bull,9,12,4,214,2,727,12,19.0,0,13.0,14.0,1,0.0,-1.0,26.76,43.29,42.6,0,0.0
2025,17,albon,19,103778.0,,,13,baku,williams,7,14,5,86,0,,70,7.0,0,9.0,8.2,3,7.0,0.8,20.55,26.11,59.83,0,0.0
2025,17,alonso,11,102211.0,101857.0,,15,baku,aston_martin,R,8,6,62,0,,30,12.0,0,6.5,9.75,3,1.0,-3.25,20.55,26.11,59.83,0,0.0
2025,17,antonelli,4,102247.0,101464.0,101717.0,4,baku,mercedes,9,6,3,260,1,600,66,8.0,0,11.67,12.75,4,-1.0,-1.08,20.55,26.11,59.83,0,0.0
2025,17,bearman,15,102666.0,,,12,baku,haas,12,11,9,44,0,,16,17.0,0,9.0,10.0,2,6.5,-1.0,20.55,26.11,59.83,0,0.0
2025,17,bortoleto,13,102511.0,102277.0,,11,baku,sauber,8,7,8,55,0,,18,16.0,0,9.67,9.5,3,-0.67,0.17,20.55,26.11,59.83,0,0.0
2025,17,colapinto,16,102779.0,,,19,baku,alpine,17,17,10,20,0,,0,20.0,0,15.33,16.25,0,0.33,-0.92,20.55,26.11,59.83,0,0.0
2025,17,gasly,18,103139.0,,,18,baku,alpine,16,20,10,20,0,,20,14.0,0,17.33,13.6,2,-0.67,3.73,20.55,26.11,59.83,0,0.0
2025,17,hadjar,8,101656.0,101647.0,102372.0,10,baku,rb,10,19,7,61,0,1255,38,9.0,0,8.0,11.0,2,3.0,-3.0,20.55,26.11,59.83,0,0.0
2025,17,hamilton,12,101821.0,102183.0,,8,baku,ferrari,6,10,2,280,0,,117,6.0,0,9.0,7.25,1,2.0,1.75,20.55,26.11,59.83,0,0.0
2025,17,hulkenberg,17,102916.0,,,16,baku,sauber,W,12,8,55,0,,37,10.0,0,13.5,10.5,0,4.0,3.0,20.55,26.11,59.83,0,0.0
2025,17,lawson,3,102257.0,101537.0,101707.0,5,baku,rb,14,18,7,61,0,590,20,15.0,0,11.33,10.5,4,0.33,0.83,20.55,26.11,59.83,0,0.0
2025,17,leclerc,10,101458.0,101519.0,,9,baku,ferrari,4,4,2,280,0,,163,5.0,0,4.0,6.25,1,-1.5,-2.25,20.55,26.11,59.83,0,0.0
2025,17,max_verstappen,1,101331.0,101255.0,101117.0,1,baku,red_bull,1,1,4,239,3,0,230,3.0,3,4.0,4.2,1,0.0,-0.2,20.55,26.11,59.83,0,0.0
2025,17,norris,7,101322.0,101396.0,102239.0,7,baku,mclaren,2,2,1,617,12,1122,293,2.0,5,7.0,4.8,0,-4.67,2.2,20.55,26.11,59.83,0,0.0
2025,17,ocon,20,,,,14,baku,haas,15,15,9,44,0,,28,13.0,0,13.67,13.8,1,3.0,-0.13,20.55,26.11,59.83,0,0.0
2025,17,piastri,9,101839.0,101414.0,,20,baku,mclaren,3,3,1,617,12,,324,1.0,7,2.0,1.8,0,0.0,0.2,20.55,26.11,59.83,0,0.0
2025,17,russell,5,101646.0,101455.0,102070.0,2,baku,mercedes,5,5,3,260,1,953,194,4.0,1,4.0,5.4,0,0.67,-1.4,20.55,26.11,59.83,0,0.0
2025,17,sainz,2,102635.0,101675.0,101595.0,3,baku,williams,11,13,5,86,0,478,16,18.0,0,12.67,13.6,2,-1.0,-0.93,20.55,26.11,59.83,0,0.0
2025,17,stroll,14,102101.0,103061.0,,17,baku,aston_martin,18,16,6,62,0,,32,11.0,0,10.67,10.6,0,3.0,0.07,20.55,26.11,59.83,0,0.0
2025,17,tsunoda,6,102347.0,101788.0,102143.0,6,baku,red_bull,13,9,4,239,3,1026,12,19.0,0,13.0,13.4,1,0.67,-0.4,20.55,26.11,59.83,0,0.0
2025,18,albon,19,,,,14,marina_bay,williams,13,19,5,101,0,,70,8.0,0,8.33,9.2,3,7.67,-0.87,29.07,33.85,74.36,0,3.7
2025,18,alonso,10,90745.0,90054.0,89955.0,7,marina_bay,aston_martin,15,11,7,62,0,797,30,14.0,0,11.5,11.25,4,-1.0,0.25,29.07,33.85,74.36,0,3.7
2025,18,antonelli,4,90036.0,89649.0,89537.0,5,marina_bay,mercedes,4,4,2,290,1,379,78,7.0,0,9.67,11.0,4,-2.67,-1.33,29.07,33.85,74.36,0,3.7
2025,18,bearman,9,90420.0,90076.0,89868.0,9,marina_bay,haas,12,15,9,44,0,710,16,19.0,0,10.0,10.25,2,5.33,-0.25,29.07,33.85,74.36,0,3.7
2025,18,bortoleto,14,90820.0,,,17,marina_bay,sauber,11,13,8,55,0,,18,18.0,0,11.33,9.8,3,-0.33,1.53,29.07,33.85,74.36,0,3.7
2025,18,colapinto,16,90982.0,,,16,marina_bay,alpine,19,16,10,20,0,,0,20.0,0,15.67,16.8,0,0.67,-1.13,29.07,33.85,74.36,0,3.7
2025,18,gasly,18,91261.0,,,19,marina_bay,alpine,18,18,10,20,0,,20,16.0,0,17.0,16.0,2,0.33,1.0,29.07,33.85,74.36,0,3.7
2025,18,hadjar,8,90214.0,90016.0,89846.0,11,marina_bay,rb,10,8,6,72,0,688,39,9.0,0,7.67,10.8,2,2.67,-3.13,29.07,33.85,74.36,0,3.7
2025,18,hamilton,6,89765.0,89936.0,89688.0,8,marina_bay,ferrari,8,12,3,286,0,530,121,6.0,0,7.0,8.25,1,4.0,-1.25,29.07,33.85,74.36,0,3.7
2025,18,hulkenberg,11,90715.0,90141.0,,20,marina_bay,sauber,16,17,8,55,0,,37,10.0,0,15.0,13.75,0,2.0,1.25,29.07,33.85,74.36,0,3.7
2025,18,lawson,12,90681.0,90320.0,,15,marina_bay,rb,5,3,6,72,0,,30,13.0,0,10.33,9.4,4,-0.67,0.93,29.07,33.85,74.36,0,3.7
2025,18,leclerc,7,90370.0,89914.0,89784.0,6,marina_bay,ferrari,9,10,3,286,0,626,165,5.0,0,6.5,5.0,1,0.5,1.5,29.07,33.85,74.36,0,3.7
2025,18,max_verstappen,2,90028.0,89572.0,89340.0,2,marina_bay,red_bull,1,1,4,272,4,182,255,3.0,4,1.33,3.4,1,0.33,-2.07,29.07,33.85,74.36,0,3.7
2025,18,norris,5,89932.0,89809.0,89586.0,3,marina_bay,mclaren,7,7,1,623,12,428,299,2.0,5,9.0,6.0,0,-5.33,3.0,29.07,33.85,74.36,0,3.7
2025,18,ocon,17,90989.0,,,18,marina_bay,haas,14,20,9,44,0,,28,15.0,0,13.0,14.0,1,4.67,-1.0,29.07,33.85,74.36,0,3.7
2025,18,piastri,3,90313.0,89813.0,89524.0,4,marina_bay,mclaren,R,9,1,623,12,366,324,1.0,7,2.0,1.75,0,0.0,0.25,29.07,33.85,74.36,0,3.7
2025,18,russell,1,89928.0,89562.0,89158.0,1,marina_bay,mercedes,2,5,2,290,1,0,212,4.0,1,3.67,3.8,0,1.33,-0.13,29.07,33.85,74.36,0,3.7
2025,18,sainz,20,,,,10,marina_bay,williams,3,2,5,101,0,,31,12.0,0,9.0,11.8,2,-1.0,-2.8,29.07,33.85,74.36,0,3.7
2025,18,stroll,15,90949.0,,,13,marina_bay,aston_martin,17,14,7,62,0,,32,11.0,0,14.0,12.6,0,2.33,1.4,29.07,33.85,74.36,0,3.7
2025,18,tsunoda,13,90574.0,90353.0,,12,marina_bay,red_bull,6,6,4,272,4,,20,17.0,0,9.33,11.6,1,-0.33,-2.27,29.07,33.85,74.36,0,3.7
2025,19,albon,19,94690.0,,,14,americas,williams,14,20,5,102,0,,70,8.0,0,11.33,10.8,3,6.33,0.53,28.27,45.04,22.53,0,0.0
2025,19,alonso,10,93741.0,93237.0,93160.0,10,americas,aston_martin,7,10,7,68,0,650,36,11.0,0,11.0,8.75,4,-0.5,2.25,28.27,45.04,22.53,0,0.0
2025,19,antonelli,7,93501.0,93044.0,93114.0,13,americas,mercedes,5,4,2,325,2,604,88,7.0,0,6.0,8.8,4,-1.33,-2.8,28.27,45.04,22.53,0,0.0
2025,19,bearman,8,93921.0,93238.0,93139.0,9,americas,haas,9,9,9,46,0,629,18,19.0,0,11.0,9.75,2,0.67,1.25,28.27,45.04,22.53,0,0.0
2025,19,bortoleto,16,94125.0,,,18,americas,sauber,17,14,8,55,0,,18,18.0,0,12.0,11.4,3,-0.67,0.6,28.27,45.04,22.53,0,0.0
2025,19,colapinto,15,94039.0,94044.0,,17,americas,alpine,16,16,10,20,0,,0,20.0,0,17.33,16.2,0,-1.0,1.13,28.27,45.04,22.53,0,0.0
2025,19,gasly,14,93599.0,93651.0,,19,americas,alpine,19,19,10,20,0,,20,16.0,0,17.67,17.8,2,1.33,-0.13,28.27,45.04,22.53,0,0.0
2025,19,hadjar,20,,,,16,americas,rb,11,8,6,72,0,,39,9.0,0,10.33,9.0,2,1.33,1.33,28.27,45.04,22.53,0,0.0
2025,19,hamilton,5,93685.0,92914.0,92912.0,4,americas,ferrari,8,6,3,298,0,402,125,6.0,0,7.33,8.5,1,2.0,-1.17,28.27,45.04,22.53,0,0.0
2025,19,hulkenberg,11,93551.0,93334.0,,8,americas,sauber,20,11,8,55,0,,37,10.0,0,18.0,15.75,0,-4.0,2.25,28.27,45.04,22.53,0,0.0
2025,19,lawson,12,93549.0,93360.0,,11,americas,rb,15,12,6,72,0,,30,14.0,0,11.33,10.8,4,-0.33,0.53,28.27,45.04,22.53,0,0.0
2025,19,leclerc,3,93525.0,92869.0,92807.0,3,americas,ferrari,6,7,3,298,0,297,173,5.0,0,6.33,5.75,1,0.67,0.58,28.27,45.04,22.53,0,0.0
2025,19,max_verstappen,1,93207.0,92701.0,92510.0,1,americas,red_bull,2,2,4,290,4,0,273,3.0,4,1.33,3.0,1,0.0,-1.67,28.27,45.04,22.53,0,0.0
2025,19,norris,2,93843.0,92876.0,92801.0,2,americas,mclaren,3,5,1,650,12,291,314,2.0,5,4.0,6.2,0,0.67,-2.2,28.27,45.04,22.53,0,0.0
2025,19,ocon,17,94136.0,,,15,americas,haas,18,17,9,46,0,,28,15.0,0,15.67,14.6,1,1.67,1.07,28.27,45.04,22.53,0,0.0
2025,19,piastri,6,93746.0,93228.0,93084.0,5,americas,mclaren,4,3,1,650,12,574,336,1.0,7,3.5,2.5,1,-0.5,1.0,28.27,45.04,22.53,0,0.0
2025,19,russell,4,93311.0,93058.0,92826.0,6,americas,mercedes,1,1,2,325,2,316,237,4.0,2,2.67,3.0,0,1.0,-0.33,28.27,45.04,22.53,0,0.0
2025,19,sainz,9,93739.0,93124.0,93150.0,20,americas,williams,10,18,5,102,0,640,32,12.0,0,8.0,10.2,2,3.0,-2.2,28.27,45.04,22.53,0,0.0
2025,19,stroll,18,94540.0,,,12,americas,aston_martin,13,15,7,68,0,,32,13.0,0,16.0,12.4,0,-1.0,3.6,28.27,45.04,22.53,0,0.0
2025,19,tsunoda,13,93935.0,93466.0,,7,americas,red_bull,12,13,4,290,4,,20,17.0,0,10.33,11.4,1,-1.0,-1.07,28.27,45.04,22.53,0,0.0
2025,20,albon,17,77490.0,,,12,rodriguez,williams,14,18,5,111,0,,73,8.0,0,13.67,10.6,3,5.33,3.07,26.41,50.59,23.23,0,0.0
2025,20,alonso,14,77232.0,77103.0,,18,rodriguez,aston_martin,10,10,7,69,0,,37,12.0,0,10.67,10.0,4,-0.33,0.67,26.41,50.59,23.23,0,0.0
2025,20,antonelli,6,77291.0,76773.0,76118.0,6,rodriguez,mercedes,13,7,2,341,2,532,89,7.0,0,7.33,9.4,4,-2.33,-2.07,26.41,50.59,23.23,0,0.0
2025,20,bearman,10,77040.0,76787.0,76460.0,4,rodriguez,haas,9,8,9,48,0,874,20,18.0,0,10.0,9.6,2,0.67,0.4,26.41,50.59,23.23,0,0.0
2025,20,bortoleto,16,77412.0,,,10,rodriguez,sauber,18,16,8,59,0,,18,19.0,0,15.33,13.8,3,-1.0,1.53,26.41,50.59,23.23,0,0.0
2025,20,colapinto,20,77670.0,,,16,rodriguez,alpine,17,15,10,20,0,,0,20.0,0,17.33,16.0,0,-1.67,1.33,26.41,50.59,23.23,0,0.0
2025,20,gasly,18,77546.0,,,15,rodriguez,alpine,19,14,10,20,0,,20,17.0,0,18.67,17.8,2,-1.67,0.87,26.41,50.59,23.23,0,0.0
2025,20,hadjar,9,76733.0,76804.0,76252.0,13,rodriguez,rb,16,20,6,72,0,666,39,10.0,0,12.33,10.0,2,-0.33,2.33,26.41,50.59,23.23,0,0.0
2025,20,hamilton,3,76736.0,76458.0,75938.0,8,rodriguez,ferrari,4,5,3,334,0,352,142,6.0,0,6.67,6.5,1,1.0,0.17,26.41,50.59,23.23,0,0.0
2025,20,hulkenberg,13,77251.0,77016.0,,19,rodriguez,sauber,8,11,8,59,0,,41,9.0,0,14.67,14.5,0,-1.67,0.17,26.41,50.59,23.23,0,0.0
2025,20,lawson,15,76961.0,78072.0,,20,rodriguez,rb,11,12,6,72,0,,30,14.0,0,10.33,11.4,4,-1.33,-1.07,26.41,50.59,23.23,0,0.0
2025,20,leclerc,2,77024.0,76658.0,75848.0,2,rodriguez,ferrari,3,3,3,334,0,262,192,5.0,0,6.0,5.5,1,0.67,0.5,26.41,50.59,23.23,0,0.0
2025,20,max_verstappen,5,77076.0,76605.0,76070.0,3,rodriguez,red_bull,1,1,4,331,5,484,306,3.0,5,1.33,1.4,1,0.0,-0.07,26.41,50.59,23.23,0,0.0
2025,20,norris,1,76899.0,76252.0,75586.0,1,rodriguez,mclaren,2,2,1,678,12,0,332,2.0,5,4.0,6.4,0,0.67,-2.4,26.41,50.59,23.23,0,0.0
2025,20,ocon,12,76948.0,76837.0,,9,rodriguez,haas,15,17,9,48,0,,28,15.0,0,15.67,14.4,1,2.33,1.27,26.41,50.59,23.23,0,0.0
2025,20,piastri,8,77158.0,76737.0,76174.0,5,rodriguez,mclaren,5,6,1,678,12,588,346,1.0,7,4.5,3.25,1,0.0,1.25,26.41,50.59,23.23,0,0.0
2025,20,russell,4,76895.0,76537.0,76034.0,7,rodriguez,mercedes,6,4,2,341,2,448,252,4.0,2,3.0,3.6,0,0.33,-0.6,26.41,50.59,23.23,0,0.0
2025,20,sainz,7,77171.0,76607.0,76172.0,17,rodriguez,williams,R,9,5,111,0,586,38,11.0,0,6.5,9.25,2,3.5,-2.75,26.41,50.59,23.23,0,0.0
2025,20,stroll,19,77606.0,,,14,rodriguez,aston_martin,12,19,7,69,0,,32,13.0,0,14.0,13.4,0,2.0,0.6,26.41,50.59,23.23,0,0.0
2025,20,tsunoda,11,77234.0,76816.0,,11,rodriguez,red_bull,7,13,4,331,5,,28,16.0,0,8.33,9.4,1,2.33,-1.07,26.41,50.59,23.23,0,0.0
2025,21,albon,12,70115.0,70053.0,,11,interlagos,williams,12,17,5,111,0,,73,8.0,0,13.33,12.0,3,5.0,1.33,17.35,30.69,70.57,0,0.0
2025,21,alonso,11,70181.0,70001.0,,14,interlagos,aston_martin,R,14,7,69,0,,37,12.0,0,8.5,10.67,4,1.5,-2.17,17.35,30.69,70.57,0,0.0
2025,21,antonelli,2,70192.0,69774.0,69685.0,2,interlagos,mercedes,6,6,3,355,2,174,97,7.0,0,8.0,7.4,4,-2.33,0.6,17.35,30.69,70.57,0,0.0
2025,21,bearman,8,69891.0,69755.0,69977.0,6,interlagos,haas,4,9,8,62,0,466,32,13.0,0,7.33,9.2,2,1.33,-1.87,17.35,30.69,70.57,0,0.0
2025,21,bortoleto,,,,,20,interlagos,sauber,10,16,9,60,0,,19,19.0,0,15.0,12.8,3,0.33,2.2,17.35,30.69,70.57,0,0.0
2025,21,colapinto,18,70632.0,,,15,interlagos,alpine,16,20,10,20,0,,0,20.0,0,16.33,17.0,0,0.67,-0.67,17.35,30.69,70.57,0,0.0
2025,21,gasly,9,69885.0,69857.0,70002.0,10,interlagos,alpine,15,18,10,20,0,491,20,18.0,0,17.67,17.4,2,-0.67,0.27,17.35,30.69,70.57,0,0.0
2025,21,hadjar,5,70083.0,69970.0,69931.0,8,interlagos,rb,13,8,6,72,0,420,39,10.0,0,13.33,12.0,2,-1.33,1.33,17.35,30.69,70.57,0,0.0
2025,21,hamilton,13,70016.0,70100.0,,18,interlagos,ferrari,8,3,2,356,0,,146,6.0,0,6.67,6.8,1,-2.0,-0.13,17.35,30.69,70.57,0,0.0
2025,21,hulkenberg,10,70337.0,69985.0,70039.0,9,interlagos,sauber,R,13,9,60,0,528,41,9.0,0,14.0,14.67,0,-3.0,-0.67,17.35,30.69,70.57,0,0.0
2025,21,lawson,7,70108.0,69950.0,69962.0,7,interlagos,rb,R,15,6,72,0,451,30,15.0,0,13.0,11.25,4,-1.0,1.75,17.35,30.69,70.57,0,0.0
2025,21,leclerc,3,69934.0,69801.0,69805.0,19,interlagos,ferrari,2,2,2,356,0,294,210,5.0,0,3.67,4.8,1,0.33,-1.13,17.35,30.69,70.57,0,0.0
2025,21,max_verstappen,16,70403.0,,,3,interlagos,red_bull,3,5,4,346,5,,321,3.0,5,2.0,1.6,1,0.67,0.4,17.35,30.69,70.57,0,0.0
2025,21,norris,1,69656.0,69616.0,69511.0,1,interlagos,mclaren,1,1,1,713,13,0,357,1.0,6,2.0,3.0,0,0.67,-1.0,17.35,30.69,70.57,0,0.0
2025,21,ocon,17,70438.0,,,12,interlagos,haas,9,11,8,62,0,,30,16.0,0,14.0,14.2,1,1.0,-0.2,17.35,30.69,70.57,0,0.0
2025,21,piastri,4,69928.0,69835.0,69886.0,5,interlagos,mclaren,5,7,1,713,13,375,356,2.0,7,4.67,4.25,1,0.67,0.42,17.35,30.69,70.57,0,0.0
2025,21,russell,6,69935.0,69880.0,69942.0,4,interlagos,mercedes,7,4,3,355,2,431,258,4.0,2,4.67,4.2,0,-1.67,0.47,17.35,30.69,70.57,0,0.0
2025,21,sainz,15,70184.0,70472.0,,13,interlagos,williams,17,12,5,111,0,,38,11.0,0,13.5,10.25,3,1.5,3.25,17.35,30.69,70.57,0,0.0
2025,21,stroll,14,70041.0,70161.0,,16,interlagos,aston_martin,14,19,7,69,0,,32,14.0,0,13.0,14.8,0,4.67,-1.8,17.35,30.69,70.57,0,0.0
2025,21,tsunoda,19,70711.0,,,17,interlagos,red_bull,11,10,4,346,5,,28,17.0,0,10.0,9.8,1,2.0,0.2,17.35,30.69,70.57,0,0.0
2025,22,albon,16,116220.0,,,16,vegas,williams,11,12,5,111,0,,73,8.0,0,12.33,12.8,3,3.33,-0.47,16.73,19.53,37.77,0,0.0
2025,22,alonso,7,113739.0,111865.0,109466.0,11,vegas,aston_martin,14,11,7,72,0,1532,40,12.0,0,12.0,11.5,5,-1.5,0.5,16.73,19.53,37.77,0,0.0
2025,22,antonelli,17,116314.0,,,3,vegas,mercedes,2,2,2,398,2,,122,7.0,0,7.0,6.0,4,-2.0,1.0,16.73,19.53,37.77,0,0.0
2025,22,bearman,14,116016.0,113094.0,,10,vegas,haas,6,8,8,70,0,,40,11.0,0,6.33,8.0,2,2.0,-1.67,16.73,19.53,37.77,0,0.0
2025,22,bortoleto,18,116674.0,,,17,vegas,sauber,R,18,9,62,0,,19,19.0,0,14.0,14.0,3,2.0,0.0,16.73,19.53,37.77,0,0.0
2025,22,colapinto,15,114847.0,113683.0,,15,vegas,alpine,15,16,10,22,0,,0,20.0,0,16.0,16.6,0,1.0,-0.6,16.73,19.53,37.77,0,0.0
2025,22,gasly,10,114432.0,111760.0,111540.0,13,vegas,alpine,10,9,10,22,0,3606,22,18.0,0,14.67,16.2,2,-1.0,-1.53,16.73,19.53,37.77,0,0.0
2025,22,hadjar,8,115613.0,111120.0,109554.0,6,vegas,rb,8,5,6,82,0,1620,43,10.0,0,12.33,11.6,2,-1.33,0.73,16.73,19.53,37.77,0,0.0
2025,22,hamilton,20,117115.0,,,8,vegas,ferrari,R,13,4,362,0,,148,6.0,0,6.0,7.0,1,-2.0,-1.0,16.73,19.53,37.77,0,0.0
2025,22,hulkenberg,11,114555.0,112781.0,,7,vegas,sauber,9,10,9,62,0,,43,9.0,0,8.5,13.25,1,2.0,-4.75,16.73,19.53,37.77,0,0.0
2025,22,lawson,6,114828.0,111621.0,109062.0,14,vegas,rb,7,7,6,82,0,1128,36,14.0,0,9.0,9.5,5,0.5,-0.5,16.73,19.53,37.77,0,0.0
2025,22,leclerc,9,114814.0,111952.0,109872.0,4,vegas,ferrari,R,3,4,362,0,1938,214,5.0,0,2.5,5.0,1,0.0,-2.5,16.73,19.53,37.77,0,0.0
2025,22,max_verstappen,2,113458.0,111593.0,108257.0,1,vegas,red_bull,3,19,3,366,5,323,341,3.0,5,2.33,2.0,1,6.0,0.33,16.73,19.53,37.77,0,0.0
2025,22,norris,1,115473.0,111379.0,107934.0,19,vegas,mclaren,1,1,1,756,14,0,390,1.0,7,1.33,2.8,0,0.0,-1.47,16.73,19.53,37.77,0,0.0
2025,22,ocon,13,114635.0,112987.0,,9,vegas,haas,12,20,8,70,0,,30,16.0,0,12.0,13.6,1,4.0,-1.6,16.73,19.53,37.77,0,0.0
2025,22,piastri,5,114544.0,112126.0,108961.0,20,vegas,mclaren,5,4,1,756,14,1027,366,2.0,7,5.0,4.75,1,0.67,0.25,16.73,19.53,37.77,0,0.0
2025,22,russell,4,113144.0,110935.0,108803.0,2,vegas,mercedes,4,6,2,398,2,869,276,4.0,2,5.67,4.0,0,-1.0,1.67,16.73,19.53,37.77,0,0.0
2025,22,sainz,3,114873.0,111144.0,108296.0,5,vegas,williams,13,15,5,111,0,362,38,13.0,0,15.0,10.75,3,-1.5,4.25,16.73,19.53,37.77,0,0.0
2025,22,stroll,12,114416.0,112850.0,,18,vegas,aston_martin,16,14,7,72,0,,32,15.0,0,14.0,14.4,0,3.33,-0.4,16.73,19.53,37.77,0,0.0
2025,22,tsunoda,19,116798.0,,,12,vegas,red_bull,17,17,3,366,5,,28,17.0,0,11.67,10.6,1,1.67,1.07,16.73,19.53,37.77,0,0.0
2025,23,albon,15,80629.0,80629.0,,11,losail,williams,R,16,5,121,0,,73,8.0,0,11.5,12.75,3,3.0,-1.25,22.6,28.16,69.05,0,0.0
2025,23,alonso,8,80598.0,80219.0,80418.0,7,losail,aston_martin,11,7,8,72,0,1031,40,13.0,0,12.5,10.5,5,-3.5,2.0,22.6,28.16,69.05,0,0.0
2025,23,antonelli,5,80576.0,80084.0,79846.0,5,losail,mercedes,3,17,2,431,2,459,137,7.0,0,3.67,5.8,4,4.67,-2.13,22.6,28.16,69.05,0,0.0
2025,23,bearman,13,80548.0,80438.0,,19,losail,haas,10,14,7,73,0,,41,12.0,0,6.67,7.6,2,3.67,-0.93,22.6,28.16,69.05,0,0.0
2025,23,bortoleto,14,80653.0,80534.0,,13,losail,sauber,R,18,9,68,0,,19,19.0,0,10.0,15.0,4,6.0,-5.0,22.6,28.16,69.05,0,0.0
2025,23,colapinto,20,81137.0,,,14,losail,alpine,15,15,10,22,0,,0,20.0,0,15.33,15.8,0,1.67,-0.47,22.6,28.16,69.05,0,0.0
2025,23,gasly,9,80681.0,80324.0,80477.0,16,losail,alpine,13,10,10,22,0,1090,22,18.0,0,12.67,15.2,2,-0.33,-2.53,22.6,28.16,69.05,0,0.0
2025,23,hadjar,6,80603.0,80350.0,80114.0,18,losail,rb,6,8,6,90,0,727,51,9.0,0,9.0,10.8,2,-2.0,-1.8,22.6,28.16,69.05,0,0.0
2025,23,hamilton,18,80907.0,,,12,losail,ferrari,8,19,4,378,0,,152,6.0,0,8.0,7.0,2,3.0,1.0,22.6,28.16,69.05,0,0.0
2025,23,hulkenberg,11,80630.0,80353.0,,20,losail,sauber,7,11,9,68,0,,49,10.0,0,8.0,11.0,1,2.5,-3.0,22.6,28.16,69.05,0,0.0
2025,23,lawson,12,80539.0,80433.0,,9,losail,rb,14,6,6,90,0,,36,14.0,0,10.5,11.75,5,-4.0,-1.25,22.6,28.16,69.05,0,0.0
2025,23,leclerc,10,80564.0,80343.0,80561.0,8,losail,ferrari,4,9,4,378,0,1174,226,5.0,0,3.0,3.75,2,2.5,-0.75,22.6,28.16,69.05,0,0.0
2025,23,max_verstappen,3,80472.0,79985.0,79651.0,1,losail,red_bull,1,2,3,391,6,264,366,3.0,6,2.33,2.0,1,6.33,0.33,22.6,28.16,69.05,0,0.0
2025,23,norris,2,80157.0,79861.0,79495.0,4,losail,mclaren,D,1,1,756,14,108,390,1.0,7,1.0,1.75,0,0.0,-0.75,22.6,28.16,69.05,0,0.0
2025,23,ocon,17,80864.0,,,15,losail,haas,9,13,7,73,0,,32,15.0,0,10.0,12.6,1,4.67,-2.6,22.6,28.16,69.05,0,0.0
2025,23,piastri,1,80234.0,79650.0,79387.0,2,losail,mclaren,D,5,1,756,14,0,366,2.0,7,5.0,4.75,1,0.5,0.25,22.6,28.16,69.05,0,0.0
2025,23,russell,4,80074.0,80186.0,79662.0,6,losail,mercedes,2,4,2,431,2,275,294,4.0,2,4.33,4.0,0,0.33,0.33,22.6,28.16,69.05,0,0.0
2025,23,sainz,7,80520.0,80251.0,80287.0,3,losail,williams,5,3,5,121,0,900,48,11.0,0,11.67,11.25,3,-1.67,0.42,22.6,28.16,69.05,0,0.0
2025,23,stroll,19,81058.0,,,17,losail,aston_martin,R,12,8,72,0,,32,16.0,0,15.0,13.75,0,1.5,1.25,22.6,28.16,69.05,0,0.0
2025,23,tsunoda,16,80761.0,,,10,losail,red_bull,12,20,3,391,6,,28,17.0,0,13.33,11.8,1,2.33,1.53,22.6,28.16,69.05,0,0.0
2025,24,albon,17,83416.0,,,16,yas_marina,williams,11,14,5,137,0,,73,8.0,0,11.0,12.0,4,2.0,-1.0,26.67,31.06,60.44,0,0.0
2025,24,alonso,6,83071.0,82861.0,82902.0,6,yas_marina,aston_martin,7,8,7,80,0,695,48,12.0,0,10.67,10.5,5,-2.0,0.17,26.67,31.06,60.44,0,0.0
2025,24,antonelli,14,82894.0,83080.0,,15,yas_marina,mercedes,5,5,2,459,2,,150,7.0,0,3.33,5.8,4,4.67,-2.47,26.67,31.06,60.44,0,0.0
2025,24,bearman,11,83254.0,83041.0,,12,yas_marina,haas,R,13,8,73,0,,41,13.0,0,8.0,7.25,2,3.0,0.75,26.67,31.06,60.44,0,0.0
2025,24,bortoleto,7,83374.0,82874.0,82904.0,11,yas_marina,sauber,13,19,9,68,0,697,19,19.0,0,13.0,13.67,5,6.0,-0.67,26.67,31.06,60.44,0,0.0
2025,24,colapinto,20,83890.0,,,20,yas_marina,alpine,14,20,10,22,0,,0,20.0,0,14.67,15.4,0,2.33,-0.73,26.67,31.06,60.44,0,0.0
2025,24,gasly,19,83468.0,,,19,yas_marina,alpine,16,9,10,22,0,,22,18.0,0,13.0,14.6,2,-3.67,-1.6,26.67,31.06,60.44,0,0.0
2025,24,hadjar,9,83373.0,82997.0,83072.0,17,yas_marina,rb,18,6,6,92,0,865,51,10.0,0,10.67,12.2,2,-4.33,-1.53,26.67,31.06,60.44,0,0.0
2025,24,hamilton,16,83394.0,,,8,yas_marina,ferrari,12,17,4,382,0,,152,6.0,0,10.0,8.0,2,8.0,2.0,26.67,31.06,60.44,0,0.0
2025,24,hulkenberg,18,83450.0,,,9,yas_marina,sauber,R,11,9,68,0,,49,11.0,0,8.0,8.0,1,2.5,0.0,26.67,31.06,60.44,0,0.0
2025,24,lawson,13,83265.0,83077.0,,18,yas_marina,rb,9,12,6,92,0,,38,14.0,0,10.0,10.25,5,-1.67,-0.25,26.67,31.06,60.44,0,0.0
2025,24,leclerc,5,83163.0,82948.0,82730.0,4,yas_marina,ferrari,8,10,4,382,0,523,230,5.0,0,6.0,4.25,2,3.5,1.75,26.67,31.06,60.44,0,0.0
2025,24,max_verstappen,1,82877.0,82752.0,82207.0,1,yas_marina,red_bull,1,3,3,426,7,0,396,2.0,7,1.67,1.8,1,6.33,-0.13,26.67,31.06,60.44,0,0.0
2025,24,norris,2,83178.0,82804.0,82408.0,3,yas_marina,mclaren,4,2,1,800,14,201,408,1.0,7,2.5,2.0,0,-1.0,0.5,26.67,31.06,60.44,0,0.0
2025,24,ocon,8,83334.0,83023.0,82913.0,7,yas_marina,haas,15,16,8,73,0,706,32,16.0,0,12.0,12.0,1,4.33,0.0,26.67,31.06,60.44,0,0.0
2025,24,piastri,3,82605.0,83021.0,82437.0,2,yas_marina,mclaren,2,1,1,800,14,230,392,3.0,7,3.5,4.25,1,-1.0,-0.75,26.67,31.06,60.44,0,0.0
2025,24,russell,4,83247.0,82730.0,82645.0,5,yas_marina,mercedes,6,4,2,459,2,438,309,4.0,2,4.0,5.0,0,0.67,-1.0,26.67,31.06,60.44,0,0.0
2025,24,sainz,12,83187.0,83042.0,,13,yas_marina,williams,3,7,5,137,0,,64,9.0,0,7.0,9.5,3,1.33,-2.5,26.67,31.06,60.44,0,0.0
2025,24,stroll,15,83316.0,83097.0,,10,yas_marina,aston_martin,17,18,7,80,0,,32,17.0,0,16.5,14.75,1,-0.5,1.75,26.67,31.06,60.44,0,0.0
2025,24,tsunoda,10,83386.0,83034.0,,14,yas_marina,red_bull,10,15,3,426,7,,33,15.0,0,13.0,11.4,1,4.33,1.6,26.67,31.06,60.44,0,0.0
2026,1,albon,15,81051.0,80941.0,,12,albert_park,williams,,,,,,,,,,,,,,,24.23,36.13,53.97,0,0.0
2026,1,alonso,17,81969.0,,,18,albert_park,aston_martin,,,,,,,,,,,,,,,24.23,36.13,53.97,0,0.0
2026,1,antonelli,2,80120.0,79435.0,78811.0,2,albert_park,mercedes,,,,,,293,,,,,,,,,24.23,36.13,53.97,0,0.0
2026,1,arvid_lindblad,9,80409.0,79971.0,81247.0,8,albert_park,rb,,,,,,2729,,,,,,,,,24.23,36.13,53.97,0,0.0
2026,1,bearman,12,81247.0,80311.0,,7,albert_park,haas,,,,,,,,,,,,,,,24.23,36.13,53.97,0,0.0
2026,1,bortoleto,10,80495.0,80221.0,,9,albert_park,audi,,,,,,,,,,,,,,,24.23,36.13,53.97,0,0.0
2026,1,bottas,19,83244.0,,,19,albert_park,cadillac,,,,,,,,,,,,,,,24.23,36.13,53.97,0,0.0
2026,1,colapinto,16,81200.0,81270.0,,14,albert_park,alpine,,,,,,,,,,,,,,,24.23,36.13,53.97,0,0.0
2026,1,gasly,14,81138.0,80501.0,,10,albert_park,alpine,,,,,,,,,,,,,,,24.23,36.13,53.97,0,0.0
2026,1,hadjar,3,80023.0,79653.0,79303.0,20,albert_park,red_bull,,,,,,785,,,,,,,,,24.23,36.13,53.97,0,0.0
2026,1,hamilton,7,79811.0,79921.0,79478.0,4,albert_park,ferrari,,,,,,960,,,,,,,,,24.23,36.13,53.97,0,0.0
2026,1,hulkenberg,11,81024.0,80303.0,,22,albert_park,audi,,,,,,,,,,,,,,,24.23,36.13,53.97,0,0.0
2026,1,lawson,8,80491.0,80144.0,79994.0,13,albert_park,rb,,,,,,1476,,,,,,,,,24.23,36.13,53.97,0,0.0
2026,1,leclerc,4,80226.0,79357.0,79327.0,3,albert_park,ferrari,,,,,,809,,,,,,,,,24.23,36.13,53.97,0,0.0
2026,1,max_verstappen,,,,,6,albert_park,red_bull,,,,,,,,,,,,,,,24.23,36.13,53.97,0,0.0
2026,1,norris,6,80010.0,79882.0,79475.0,5,albert_park,mclaren,,,,,,957,,,,,,,,,24.23,36.13,53.97,0,0.0
2026,1,ocon,13,80759.0,80491.0,,11,albert_park,haas,,,,,,,,,,,,,,,24.23,36.13,53.97,0,0.0
2026,1,perez,18,82605.0,,,16,albert_park,cadillac,,,,,,,,,,,,,,,24.23,36.13,53.97,0,0.0
2026,1,piastri,5,79664.0,79525.0,79380.0,21,albert_park,mclaren,,,,,,862,,,,,,,,,24.23,36.13,53.97,0,0.0
2026,1,russell,1,79507.0,78934.0,78518.0,1,albert_park,mercedes,,,,,,0,,,,,,,,,24.23,36.13,53.97,0,0.0
2026,1,sainz,,,,,15,albert_park,williams,,,,,,,,,,,,,,,24.23,36.13,53.97,0,0.0
2026,1,stroll,,,,,17,albert_park,aston_martin,,,,,,,,,,,,,,,24.23,36.13,53.97,0,0.0
2026,2,albon,18,94772.0,,,22,shanghai,williams,12,15,9,0,0,,0,12.0,0,12.0,12.0,0,3.0,0.0,15.57,22.62,55.0,0,0.0
2026,2,alonso,19,95203.0,,,17,shanghai,aston_martin,R,17,11,0,0,,0,20.0,0,,,0,,,15.57,22.62,55.0,0,0.0
2026,2,antonelli,1,93305.0,92443.0,92064.0,1,shanghai,mercedes,2,2,1,43,1,0,18,2.0,0,2.0,2.0,0,0.0,0.0,15.57,22.62,55.0,0,0.0
2026,2,arvid_lindblad,15,93906.0,93784.0,,12,shanghai,rb,8,9,6,4,0,,4,8.0,0,8.0,8.0,0,1.0,0.0,15.57,22.62,55.0,0,0.0
2026,2,bearman,10,93687.0,93197.0,93292.0,5,shanghai,haas,7,12,5,6,0,1228,6,7.0,0,7.0,7.0,0,5.0,0.0,15.57,22.62,55.0,0,0.0
2026,2,bortoleto,16,93549.0,93965.0,,21,shanghai,audi,9,10,7,2,0,,2,9.0,0,9.0,9.0,0,1.0,0.0,15.57,22.62,55.0,0,0.0
2026,2,bottas,20,95436.0,,,13,shanghai,cadillac,R,19,10,0,0,,0,21.0,0,,,0,,,15.57,22.62,55.0,0,0.0
2026,2,colapinto,12,93634.0,93357.0,,10,shanghai,alpine,14,16,8,1,0,,0,14.0,0,14.0,14.0,0,2.0,0.0,15.57,22.62,55.0,0,0.0
2026,2,gasly,7,93788.0,93003.0,92873.0,6,shanghai,alpine,10,14,8,1,0,809,1,10.0,0,10.0,10.0,0,4.0,0.0,15.57,22.62,55.0,0,0.0
2026,2,hadjar,9,93632.0,93352.0,93121.0,8,shanghai,red_bull,R,3,4,8,0,1057,0,17.0,0,,,0,,,15.57,22.62,55.0,0,0.0
2026,2,hamilton,3,93522.0,92567.0,92415.0,3,shanghai,ferrari,4,7,2,27,0,351,12,4.0,0,4.0,4.0,0,3.0,0.0,15.57,22.62,55.0,0,0.0
2026,2,hulkenberg,11,94116.0,93354.0,,11,shanghai,audi,W,11,7,2,0,,0,19.0,0,,,0,,,15.57,22.62,55.0,0,0.0
2026,2,lawson,14,94139.0,93765.0,,7,shanghai,rb,13,8,6,4,0,,0,13.0,0,13.0,13.0,0,-5.0,0.0,15.57,22.62,55.0,0,0.0
2026,2,leclerc,4,93175.0,92486.0,92428.0,4,shanghai,ferrari,3,4,2,27,0,364,15,3.0,0,3.0,3.0,0,1.0,0.0,15.57,22.62,55.0,0,0.0
2026,2,max_verstappen,8,93417.0,93098.0,93002.0,16,shanghai,red_bull,6,20,4,8,0,938,8,6.0,0,6.0,6.0,0,14.0,0.0,15.57,22.62,55.0,0,0.0
2026,2,norris,6,93535.0,92910.0,92608.0,20,shanghai,mclaren,5,6,3,10,0,544,10,5.0,0,5.0,5.0,0,1.0,0.0,15.57,22.62,55.0,0,0.0
2026,2,ocon,13,93974.0,93538.0,,14,shanghai,haas,11,13,5,6,0,,0,11.0,0,11.0,11.0,0,2.0,0.0,15.57,22.62,55.0,0,0.0
2026,2,perez,22,96906.0,,,15,shanghai,cadillac,16,18,10,0,0,,0,16.0,0,16.0,16.0,0,2.0,0.0,15.57,22.62,55.0,0,0.0
2026,2,piastri,5,93590.0,93130.0,92550.0,19,shanghai,mclaren,W,5,3,10,0,486,0,18.0,0,,,0,,,15.57,22.62,55.0,0,0.0
2026,2,russell,2,93262.0,92523.0,92286.0,2,shanghai,mercedes,1,1,1,43,1,222,25,1.0,1,1.0,1.0,0,0.0,0.0,15.57,22.62,55.0,0,0.0
2026,2,sainz,17,94317.0,,,9,shanghai,williams,15,21,9,0,0,,0,15.0,0,15.0,15.0,0,6.0,0.0,15.57,22.62,55.0,0,0.0
2026,2,stroll,21,95995.0,,,18,shanghai,aston_martin,R,22,11,0,0,,0,,0,,,0,,,15.57,22.62,55.0,0,0.0
2026,3,albon,17,91088.0,,,20,suzuka,williams,W,22,9,2,0,,0,18.0,0,12.0,12.0,0,3.0,0.0,18.56,34.14,52.5,0,0.0
2026,3,alonso,21,92646.0,,,18,suzuka,aston_martin,R,18,11,0,0,,0,21.0,0,,,1,,,18.56,34.14,52.5,0,0.0
2026,3,antonelli,1,90035.0,89048.0,88778.0,1,suzuka,mercedes,1,1,1,98,2,0,47,2.0,1,1.5,1.5,0,0.0,0.0,18.56,34.14,52.5,0,0.0
2026,3,arvid_lindblad,10,90781.0,90109.0,90319.0,14,suzuka,rb,12,15,6,12,0,1541,4,10.0,0,10.0,10.0,0,2.0,0.0,18.56,34.14,52.5,0,0.0
2026,3,bearman,18,91090.0,,,22,suzuka,haas,5,10,4,17,0,,17,5.0,0,6.0,6.0,0,5.0,0.0,18.56,34.14,52.5,0,0.0
2026,3,bortoleto,9,90359.0,89990.0,90274.0,13,suzuka,audi,W,16,8,2,0,1496,2,14.0,0,9.0,9.0,0,1.0,0.0,18.56,34.14,52.5,0,0.0
2026,3,bottas,20,92330.0,,,19,suzuka,cadillac,13,19,10,0,0,,0,19.0,0,13.0,13.0,1,6.0,0.0,18.56,34.14,52.5,0,0.0
2026,3,colapinto,15,90931.0,90627.0,,16,suzuka,alpine,10,12,7,10,0,,1,15.0,0,12.0,12.0,0,2.0,0.0,18.56,34.14,52.5,0,0.0
2026,3,gasly,7,90584.0,89874.0,89691.0,7,suzuka,alpine,6,7,7,10,0,913,9,7.0,0,8.0,8.0,0,2.5,0.0,18.56,34.14,52.5,0,0.0
2026,3,hadjar,8,90662.0,90104.0,89978.0,12,suzuka,red_bull,8,9,5,12,0,1200,4,11.0,0,8.0,8.0,1,1.0,0.0,18.56,34.14,52.5,0,0.0
2026,3,hamilton,6,90309.0,89589.0,89567.0,6,suzuka,ferrari,3,3,2,67,0,789,33,4.0,0,3.5,3.5,0,1.5,0.0,18.56,34.14,52.5,0,0.0
2026,3,hulkenberg,13,90358.0,90387.0,,11,suzuka,audi,11,11,8,2,0,,0,17.0,0,11.0,11.0,0,0.0,0.0,18.56,34.14,52.5,0,0.0
2026,3,lawson,14,90657.0,90495.0,,9,suzuka,rb,7,14,6,12,0,,8,9.0,0,10.0,10.0,0,1.0,0.0,18.56,34.14,52.5,0,0.0
2026,3,leclerc,4,89915.0,89303.0,89405.0,3,suzuka,ferrari,4,4,2,67,0,627,34,3.0,0,3.5,3.5,0,0.5,0.0,18.56,34.14,52.5,0,0.0
2026,3,max_verstappen,11,90519.0,90262.0,,8,suzuka,red_bull,R,8,5,12,0,,8,8.0,0,6.0,6.0,0,14.0,0.0,18.56,34.14,52.5,0,0.0
2026,3,norris,5,90401.0,89795.0,89409.0,5,suzuka,mclaren,W,6,3,18,0,631,15,6.0,0,5.0,5.0,0,1.0,0.0,18.56,34.14,52.5,0,0.0
2026,3,ocon,12,90915.0,90309.0,,10,suzuka,haas,14,13,4,17,0,,0,16.0,0,12.5,12.5,0,0.5,0.0,18.56,34.14,52.5,0,0.0
2026,3,perez,19,92206.0,,,17,suzuka,cadillac,15,21,10,0,0,,0,20.0,0,15.5,15.5,0,4.0,0.0,18.56,34.14,52.5,0,0.0
2026,3,piastri,3,90200.0,89451.0,89132.0,2,suzuka,mclaren,W,5,3,18,0,354,3,12.0,0,,,0,,,18.56,34.14,52.5,0,0.0
2026,3,russell,2,89967.0,89686.0,89076.0,4,suzuka,mercedes,2,2,1,98,2,298,51,1.0,1,1.5,1.5,0,0.0,0.0,18.56,34.14,52.5,0,0.0
2026,3,sainz,16,90927.0,91033.0,,15,suzuka,williams,9,17,9,2,0,,2,13.0,0,12.0,12.0,0,7.0,0.0,18.56,34.14,52.5,0,0.0
2026,3,stroll,22,92920.0,,,21,suzuka,aston_martin,R,20,11,0,0,,0,22.0,0,,,1,,,18.56,34.14,52.5,0,0.0
2026,4,albon,15,89720.0,89946.0,,10,miami,williams,20,17,9,2,0,,0,18.0,0,16.0,16.0,0,0.0,0.0,27.13,37.01,70.45,0,1.8
2026,4,alonso,17,91098.0,,,15,miami,aston_martin,18,21,11,0,0,,0,21.0,0,18.0,18.0,2,3.0,0.0,27.13,37.01,70.45,0,1.8
2026,4,antonelli,1,88653.0,88289.0,87798.0,1,miami,mercedes,1,1,1,135,3,0,72,1.0,2,1.33,1.33,0,0.0,0.0,27.13,37.01,70.45,0,1.8
2026,4,arvid_lindblad,16,90133.0,,,14,miami,rb,14,10,7,14,0,,4,11.0,0,11.33,11.33,0,0.0,0.0,27.13,37.01,70.45,0,1.8
2026,4,bearman,12,89340.0,89567.0,,11,miami,haas,R,18,4,18,0,,17,7.0,0,6.0,6.0,0,5.0,0.0,27.13,37.01,70.45,0,1.8
2026,4,bortoleto,21,93737.0,,,12,miami,audi,13,9,8,2,0,,2,13.0,0,11.0,11.0,0,-1.5,0.0,27.13,37.01,70.45,0,1.8
2026,4,bottas,19,91629.0,,,18,miami,cadillac,19,20,10,0,0,,0,19.0,0,16.0,16.0,1,3.5,0.0,27.13,37.01,70.45,0,1.8
2026,4,colapinto,8,89584.0,88975.0,88762.0,7,miami,alpine,16,15,5,16,0,964,1,16.0,0,13.33,13.33,0,1.0,0.0,27.13,37.01,70.45,0,1.8
2026,4,gasly,9,89914.0,89070.0,88810.0,21,miami,alpine,7,7,5,16,0,1012,15,8.0,0,7.67,7.67,0,1.67,0.0,27.13,37.01,70.45,0,1.8
2026,4,hadjar,22,,88941.0,88789.0,22,miami,red_bull,12,8,6,16,0,991,4,12.0,0,10.0,10.0,1,-1.5,0.0,27.13,37.01,70.45,0,1.8
2026,4,hamilton,6,89483.0,88477.0,88319.0,6,miami,ferrari,6,6,2,90,0,521,41,4.0,0,4.33,4.33,0,1.0,0.0,27.13,37.01,70.45,0,1.8
2026,4,hulkenberg,10,89645.0,89439.0,,19,miami,audi,11,13,8,2,0,,0,17.0,0,11.0,11.0,0,1.0,0.0,27.13,37.01,70.45,0,1.8
2026,4,lawson,11,89595.0,89499.0,,20,miami,rb,9,14,7,14,0,,10,10.0,0,9.67,9.67,0,2.33,0.0,27.13,37.01,70.45,0,1.8
2026,4,leclerc,3,88938.0,88315.0,88143.0,8,miami,ferrari,3,4,2,90,0,345,49,3.0,0,3.33,3.33,0,0.67,0.0,27.13,37.01,70.45,0,1.8
2026,4,max_verstappen,2,89099.0,88116.0,87964.0,5,miami,red_bull,8,11,6,16,0,166,12,9.0,0,7.0,7.0,1,8.5,0.0,27.13,37.01,70.45,0,1.8
2026,4,norris,4,89183.0,88920.0,88183.0,2,miami,mclaren,5,5,3,46,0,385,25,5.0,0,5.0,5.0,0,0.5,0.0,27.13,37.01,70.45,0,1.8
2026,4,ocon,14,89838.0,89772.0,,13,miami,haas,10,12,4,18,0,,1,15.0,0,11.67,11.67,0,1.0,0.0,27.13,37.01,70.45,0,1.8
2026,4,perez,20,91967.0,,,16,miami,cadillac,17,19,10,0,0,,0,20.0,0,16.0,16.0,0,3.33,0.0,27.13,37.01,70.45,0,1.8
2026,4,piastri,7,89920.0,88332.0,88500.0,3,miami,mclaren,2,3,3,46,0,702,21,6.0,0,2.0,2.0,0,1.0,0.0,27.13,37.01,70.45,0,1.8
2026,4,russell,5,89492.0,88477.0,88197.0,4,miami,mercedes,4,2,1,135,3,399,63,2.0,1,2.33,2.33,0,-0.67,0.0,27.13,37.01,70.45,0,1.8
2026,4,sainz,13,89540.0,89568.0,,9,miami,williams,15,16,9,2,0,,2,14.0,0,13.0,13.0,0,5.0,0.0,27.13,37.01,70.45,0,1.8
2026,4,stroll,18,91164.0,,,17,miami,aston_martin,R,22,11,0,0,,0,22.0,0,,,2,,,27.13,37.01,70.45,0,1.8
2026,5,albon,18,74851.0,,,21,villeneuve,williams,10,15,8,5,0,,1,17.0,0,15.0,14.0,0,1.0,1.0,12.85,17.83,71.7,0,0.0
2026,5,alonso,19,75196.0,,,20,villeneuve,aston_martin,15,17,11,0,0,,0,21.0,0,16.5,16.5,2,2.5,0.0,12.85,17.83,71.7,0,0.0
2026,5,antonelli,2,73380.0,73076.0,72646.0,1,villeneuve,mercedes,1,1,1,180,4,68,100,1.0,3,1.0,1.25,0,0.0,-0.25,12.85,17.83,71.7,0,0.0
2026,5,arvid_lindblad,9,73895.0,73548.0,73280.0,22,villeneuve,rb,14,16,7,14,0,702,4,12.0,0,13.33,12.0,0,0.33,1.33,12.85,17.83,71.7,0,0.0
2026,5,bearman,16,74449.0,74416.0,,10,villeneuve,haas,11,12,6,18,0,,17,8.0,0,8.0,7.67,1,3.0,0.33,12.85,17.83,71.7,0,0.0
2026,5,bortoleto,13,74775.0,74071.0,,13,villeneuve,audi,12,21,9,2,0,,2,15.0,0,12.5,11.33,0,2.5,1.17,12.85,17.83,71.7,0,0.0
2026,5,bottas,22,76272.0,,,16,villeneuve,cadillac,18,19,10,0,0,,0,19.0,0,16.67,16.67,1,2.67,0.0,12.85,17.83,71.7,0,0.0
2026,5,colapinto,10,74466.0,73857.0,73697.0,6,villeneuve,alpine,7,8,5,23,0,1119,7,11.0,0,11.0,11.75,0,0.67,-0.75,12.85,17.83,71.7,0,0.0
2026,5,gasly,14,74698.0,74187.0,,8,villeneuve,alpine,R,9,5,23,0,,16,9.0,0,6.5,7.67,0,0.5,-1.17,12.85,17.83,71.7,0,0.0
2026,5,hadjar,7,73654.0,72975.0,72935.0,5,villeneuve,red_bull,R,22,4,30,0,357,4,13.0,0,10.0,10.0,1,-1.5,0.0,12.85,17.83,71.7,0,0.0
2026,5,hamilton,5,73767.0,73041.0,72868.0,2,villeneuve,ferrari,6,6,2,110,0,290,51,5.0,0,5.0,4.75,0,0.0,0.25,12.85,17.83,71.7,0,0.0
2026,5,hulkenberg,11,74562.0,73886.0,,12,villeneuve,audi,R,10,9,2,0,,0,18.0,0,11.0,11.0,0,1.0,0.0,12.85,17.83,71.7,0,0.0
2026,5,lawson,12,74346.0,73897.0,,7,villeneuve,rb,R,11,7,14,0,,10,10.0,0,8.0,9.67,0,6.0,-1.67,12.85,17.83,71.7,0,0.0
2026,5,leclerc,8,73825.0,73496.0,72976.0,4,villeneuve,ferrari,8,3,2,110,0,398,59,3.0,0,5.0,4.5,0,-1.33,0.5,12.85,17.83,71.7,0,0.0
2026,5,max_verstappen,6,74067.0,73479.0,72907.0,3,villeneuve,red_bull,5,2,4,30,0,329,26,7.0,0,6.5,6.33,1,0.0,0.17,12.85,17.83,71.7,0,0.0
2026,5,norris,3,73503.0,73049.0,72729.0,18,villeneuve,mclaren,2,4,3,94,0,151,51,4.0,0,3.5,4.0,0,1.0,-0.5,12.85,17.83,71.7,0,0.0
2026,5,ocon,17,74845.0,,,14,villeneuve,haas,13,14,6,18,0,,1,16.0,0,12.33,12.0,0,0.67,0.33,12.85,17.83,71.7,0,0.0
2026,5,perez,20,75429.0,,,17,villeneuve,cadillac,16,20,10,0,0,,0,20.0,0,16.0,16.0,0,4.0,0.0,12.85,17.83,71.7,0,0.0
2026,5,piastri,4,73559.0,73285.0,72781.0,11,villeneuve,mclaren,3,7,3,94,0,203,43,6.0,0,2.5,2.5,0,2.5,0.0,12.85,17.83,71.7,0,0.0
2026,5,russell,1,73953.0,73079.0,72578.0,19,villeneuve,mercedes,4,5,1,180,4,0,80,2.0,1,3.33,2.75,0,-0.33,0.58,12.85,17.83,71.7,0,0.0
2026,5,sainz,15,74276.0,74273.0,,9,villeneuve,williams,9,13,8,5,0,,4,14.0,0,11.0,12.0,0,4.33,-1.0,12.85,17.83,71.7,0,0.0
2026,5,stroll,21,76195.0,,,15,villeneuve,aston_martin,17,18,11,0,0,,0,22.0,0,17.0,17.0,3,1.0,0.0,12.85,17.83,71.7,0,0.0
2026,6,albon,11,74321.0,73787.0,,8,monaco,williams,R,18,8,7,0,,1,17.0,0,15.0,14.0,0,1.0,1.0,23.68,37.98,62.2,0,0.0
2026,6,alonso,21,75349.0,,,10,monaco,aston_martin,R,19,11,0,0,,0,22.0,0,16.5,16.5,2,2.5,0.0,23.68,37.98,62.2,0,0.0
2026,6,antonelli,1,73599.0,72704.0,72051.0,1,monaco,mercedes,1,2,1,219,5,0,131,1.0,4,1.0,1.2,0,0.33,-0.2,23.68,37.98,62.2,0,0.0
2026,6,arvid_lindblad,15,74685.0,74248.0,,6,monaco,rb,W,9,6,21,0,,5,14.0,0,14.0,12.0,0,-1.0,2.0,23.68,37.98,62.2,0,0.0
2026,6,bearman,19,74814.0,,,20,monaco,haas,10,16,7,19,0,,18,9.0,0,10.5,8.25,1,3.5,2.25,23.68,37.98,62.2,0,0.0
2026,6,bortoleto,16,74683.0,,,11,monaco,audi,13,13,9,2,0,,2,15.0,0,12.67,11.75,0,1.67,0.92,23.68,37.98,62.2,0,0.0
2026,6,bottas,20,75283.0,,,21,monaco,cadillac,16,21,10,0,0,,0,19.0,0,17.67,16.5,1,2.33,1.17,23.68,37.98,62.2,0,0.0
2026,6,colapinto,14,74573.0,73995.0,,14,monaco,alpine,6,10,5,35,0,,15,11.0,0,9.67,10.6,0,1.33,-0.93,23.68,37.98,62.2,0,0.0
2026,6,gasly,9,74469.0,73762.0,73226.0,7,monaco,alpine,8,14,5,35,0,1175,20,8.0,0,7.5,7.75,1,3.0,-0.25,23.68,37.98,62.2,0,0.0
2026,6,hadjar,5,74408.0,72722.0,72434.0,3,monaco,red_bull,5,7,4,57,0,383,14,12.0,0,8.5,8.33,2,-1.0,0.17,23.68,37.98,62.2,0,0.0
2026,6,hamilton,3,73777.0,72934.0,72279.0,2,monaco,ferrari,2,5,2,147,0,228,72,4.0,0,4.67,4.2,0,1.0,0.47,23.68,37.98,62.2,0,0.0
2026,6,hulkenberg,13,73923.0,73902.0,,13,monaco,audi,12,11,9,2,0,,0,18.0,0,11.5,11.33,1,0.5,0.17,23.68,37.98,62.2,0,0.0
2026,6,lawson,10,74498.0,73471.0,73412.0,5,monaco,rb,7,12,6,21,0,1361,16,10.0,0,8.0,9.0,1,5.0,-1.0,23.68,37.98,62.2,0,0.0
2026,6,leclerc,4,73293.0,72774.0,72351.0,17,monaco,ferrari,4,8,2,147,0,300,75,3.0,0,5.0,4.4,0,0.0,0.6,23.68,37.98,62.2,0,0.0
2026,6,max_verstappen,2,73490.0,72499.0,72094.0,22,monaco,red_bull,3,6,4,57,0,43,43,7.0,0,5.33,5.5,1,1.0,-0.17,23.68,37.98,62.2,0,0.0
2026,6,norris,8,73630.0,72919.0,72765.0,19,monaco,mclaren,R,3,3,106,0,714,58,5.0,0,3.5,4.0,0,1.0,-0.5,23.68,37.98,62.2,0,0.0
2026,6,ocon,17,74722.0,,,9,monaco,haas,14,17,7,19,0,,1,16.0,0,12.33,12.4,0,2.0,-0.07,23.68,37.98,62.2,0,0.0
2026,6,perez,18,74747.0,,,15,monaco,cadillac,R,20,10,0,0,,0,20.0,0,16.5,16.0,0,3.0,0.5,23.68,37.98,62.2,0,0.0
2026,6,piastri,7,74159.0,72983.0,72624.0,4,monaco,mclaren,11,4,3,106,0,573,48,6.0,0,5.33,5.33,0,-0.67,0.0,23.68,37.98,62.2,0,0.0
2026,6,russell,6,74214.0,73238.0,72445.0,12,monaco,mercedes,R,1,1,219,5,394,88,2.0,1,4.0,2.75,0,-0.5,1.25,23.68,37.98,62.2,0,0.0
2026,6,sainz,12,74348.0,73815.0,,16,monaco,williams,9,15,8,7,0,,6,13.0,0,11.0,11.4,0,3.67,-0.4,23.68,37.98,62.2,0,0.0
2026,6,stroll,22,76061.0,,,18,monaco,aston_martin,15,22,11,0,0,,0,21.0,0,16.0,16.0,3,4.0,0.0,23.68,37.98,62.2,0,0.0
