temporada_atual,rodada_atual,id_piloto_atual,posicao_quali_atual,q1_atual,q2_atual,q3_atual,target,id_circuito_atual,id_equipe_atual,grid_anterior,posicao_ultima_corrida,status,pontos_anterior_individual,posicao_equipe_anterior,pontos_equipe_anterior,vitorias_equipe_anterior,dif_para_pole_atual,pontos_anterior,posicao_camp_anterior,num_vitorias_anterior,media_ultimas_3_anterior,media_ultimas_5_anterior,qtde_abandonos_anterior,media_posicao_ganha_anterior,tendencia_desempenho,temp_ar_media,temp_pista_media,umidade_media,corrida_molhada,perc_voltas_chuva
2025,1,albon,6,76245.0,76017.0,75737.0,5,albert_park,williams,,,,,,,,641.0,,,,,,,,,15.71,18.94,78.42,0,32.6
2025,1,albon,6,76245.0,76017.0,75737.0,5,albert_park,williams,,,,,,,,641.0,,,,,,,,,15.71,18.94,78.42,0,32.6
2025,1,alonso,12,76288.0,76453.0,,17,albert_park,aston_martin,,,,,,,,,,,,,,,,,15.71,18.94,78.42,0,32.6
2025,1,alonso,12,76288.0,76453.0,,17,albert_park,aston_martin,,,,,,,,,,,,,,,,,15.71,18.94,78.42,0,32.6
2025,1,antonelli,16,76525.0,,,4,albert_park,mercedes,,,,,,,,,,,,,,,,,15.71,18.94,78.42,0,32.6
2025,1,antonelli,16,76525.0,,,4,albert_park,mercedes,,,,,,,,,,,,,,,,,15.71,18.94,78.42,0,32.6
2025,1,bearman,20,,,,14,albert_park,haas,,,,,,,,,,,,,,,,,15.71,18.94,78.42,0,32.6
2025,1,bearman,20,,,,14,albert_park,haas,,,,,,,,,,,,,,,,,15.71,18.94,78.42,0,32.6
2025,1,bortoleto,15,76516.0,77520.0,,16,albert_park,sauber,,,,,,,,,,,,,,,,,15.71,18.94,78.42,0,32.6
2025,1,bortoleto,15,76516.0,77520.0,,16,albert_park,sauber,,,,,,,,,,,,,,,,,15.71,18.94,78.42,0,32.6
2025,1,doohan,14,76315.0,76863.0,,19,albert_park,alpine,,,,,,,,,,,,,,,,,15.71,18.94,78.42,0,32.6
2025,1,doohan,14,76315.0,76863.0,,19,albert_park,alpine,,,,,,,,,,,,,,,,,15.71,18.94,78.42,0,32.6
2025,1,gasly,9,76328.0,76112.0,75980.0,11,albert_park,alpine,,,,,,,,884.0,,,,,,,,,15.71,18.94,78.42,0,32.6
2025,1,gasly,9,76328.0,76112.0,75980.0,11,albert_park,alpine,,,,,,,,884.0,,,,,,,,,15.71,18.94,78.42,0,32.6
2025,1,hadjar,11,76354.0,76175.0,,20,albert_park,rb,,,,,,,,,,,,,,,,,15.71,18.94,78.42,0,32.6
2025,1,hadjar,11,76354.0,76175.0,,20,albert_park,rb,,,,,,,,,,,,,,,,,15.71,18.94,78.42,0,32.6
2025,1,hamilton,8,76213.0,75919.0,75973.0,10,albert_park,ferrari,,,,,,,,877.0,,,,,,,,,15.71,18.94,78.42,0,32.6
2025,1,hamilton,8,76213.0,75919.0,75973.0,10,albert_park,ferrari,,,,,,,,877.0,,,,,,,,,15.71,18.94,78.42,0,32.6
2025,1,hulkenberg,17,76579.0,,,7,albert_park,sauber,,,,,,,,,,,,,,,,,15.71,18.94,78.42,0,32.6
2025,1,hulkenberg,17,76579.0,,,7,albert_park,sauber,,,,,,,,,,,,,,,,,15.71,18.94,78.42,0,32.6
2025,1,lawson,18,77094.0,,,15,albert_park,red_bull,,,,,,,,,,,,,,,,,15.71,18.94,78.42,0,32.6
2025,1,lawson,18,77094.0,,,15,albert_park,red_bull,,,,,,,,,,,,,,,,,15.71,18.94,78.42,0,32.6
2025,1,leclerc,7,76029.0,75827.0,75755.0,8,albert_park,ferrari,,,,,,,,659.0,,,,,,,,,15.71,18.94,78.42,0,32.6
2025,1,leclerc,7,76029.0,75827.0,75755.0,8,albert_park,ferrari,,,,,,,,659.0,,,,,,,,,15.71,18.94,78.42,0,32.6
2025,1,max_verstappen,3,76018.0,75565.0,75481.0,2,albert_park,red_bull,,,,,,,,385.0,,,,,,,,,15.71,18.94,78.42,0,32.6
2025,1,max_verstappen,3,76018.0,75565.0,75481.0,2,albert_park,red_bull,,,,,,,,385.0,,,,,,,,,15.71,18.94,78.42,0,32.6
2025,1,norris,1,75912.0,75415.0,75096.0,1,albert_park,mclaren,,,,,,,,0.0,,,,,,,,,15.71,18.94,78.42,0,32.6
2025,1,norris,1,75912.0,75415.0,75096.0,1,albert_park,mclaren,,,,,,,,0.0,,,,,,,,,15.71,18.94,78.42,0,32.6
2025,1,ocon,19,77147.0,,,13,albert_park,haas,,,,,,,,,,,,,,,,,15.71,18.94,78.42,0,32.6
2025,1,ocon,19,77147.0,,,13,albert_park,haas,,,,,,,,,,,,,,,,,15.71,18.94,78.42,0,32.6
2025,1,piastri,2,76062.0,75468.0,75180.0,9,albert_park,mclaren,,,,,,,,84.0,,,,,,,,,15.71,18.94,78.42,0,32.6
2025,1,piastri,2,76062.0,75468.0,75180.0,9,albert_park,mclaren,,,,,,,,84.0,,,,,,,,,15.71,18.94,78.42,0,32.6
2025,1,russell,4,75971.0,75798.0,75546.0,3,albert_park,mercedes,,,,,,,,450.0,,,,,,,,,15.71,18.94,78.42,0,32.6
2025,1,russell,4,75971.0,75798.0,75546.0,3,albert_park,mercedes,,,,,,,,450.0,,,,,,,,,15.71,18.94,78.42,0,32.6
2025,1,sainz,10,76360.0,75931.0,76062.0,18,albert_park,williams,,,,,,,,966.0,,,,,,,,,15.71,18.94,78.42,0,32.6
2025,1,sainz,10,76360.0,75931.0,76062.0,18,albert_park,williams,,,,,,,,966.0,,,,,,,,,15.71,18.94,78.42,0,32.6
2025,1,stroll,13,76369.0,76483.0,,6,albert_park,aston_martin,,,,,,,,,,,,,,,,,15.71,18.94,78.42,0,32.6
2025,1,stroll,13,76369.0,76483.0,,6,albert_park,aston_martin,,,,,,,,,,,,,,,,,15.71,18.94,78.42,0,32.6
2025,1,tsunoda,5,76225.0,76009.0,75670.0,12,albert_park,rb,,,,,,,,574.0,,,,,,,,,15.71,18.94,78.42,0,32.6
2025,1,tsunoda,5,76225.0,76009.0,75670.0,12,albert_park,rb,,,,,,,,574.0,,,,,,,,,15.71,18.94,78.42,0,32.6
2025,2,albon,10,91503.0,91595.0,91706.0,7,shanghai,williams,6,5,Finished,10,4,10,0,1065.0,10,5.0,0,5.0,5.0,0.0,1.0,0.0,27.22,35.82,18.23,0,0.0
2025,2,albon,10,91503.0,91595.0,91706.0,7,shanghai,williams,6,5,Finished,10,4,10,0,1065.0,10,5.0,0,5.0,5.0,0.0,1.0,0.0,27.22,35.82,18.23,0,0.0
2025,2,alonso,13,91719.0,91688.0,,17,shanghai,aston_martin,12,17,Retired,0,5,8,0,,0,,0,17.0,17.0,1.0,-5.0,0.0,27.22,35.82,18.23,0,0.0
2025,2,alonso,13,91719.0,91688.0,,17,shanghai,aston_martin,12,17,Retired,0,5,8,0,,0,,0,17.0,17.0,1.0,-5.0,0.0,27.22,35.82,18.23,0,0.0
2025,2,antonelli,8,91676.0,91590.0,91103.0,6,shanghai,mercedes,16,4,Finished,12,2,27,0,462.0,12,4.0,0,4.0,4.0,0.0,12.0,0.0,27.22,35.82,18.23,0,0.0
2025,2,antonelli,8,91676.0,91590.0,91103.0,6,shanghai,mercedes,16,4,Finished,12,2,27,0,462.0,12,4.0,0,4.0,4.0,0.0,12.0,0.0,27.22,35.82,18.23,0,0.0
2025,2,bearman,17,92018.0,,,8,shanghai,haas,20,14,Finished,0,10,0,0,,0,14.0,0,14.0,14.0,0.0,6.0,0.0,27.22,35.82,18.23,0,0.0
2025,2,bearman,17,92018.0,,,8,shanghai,haas,20,14,Finished,0,10,0,0,,0,14.0,0,14.0,14.0,0.0,6.0,0.0,27.22,35.82,18.23,0,0.0
2025,2,bortoleto,19,92141.0,,,14,shanghai,sauber,15,16,Retired,0,6,6,0,,0,,0,16.0,16.0,1.0,-1.0,0.0,27.22,35.82,18.23,0,0.0
2025,2,bortoleto,19,92141.0,,,14,shanghai,sauber,15,16,Retired,0,6,6,0,,0,,0,16.0,16.0,1.0,-1.0,0.0,27.22,35.82,18.23,0,0.0
2025,2,doohan,18,92092.0,,,13,shanghai,alpine,14,19,Retired,0,8,0,0,,0,,0,19.0,19.0,1.0,-5.0,0.0,27.22,35.82,18.23,0,0.0
2025,2,doohan,18,92092.0,,,13,shanghai,alpine,14,19,Retired,0,8,0,0,,0,,0,19.0,19.0,1.0,-5.0,0.0,27.22,35.82,18.23,0,0.0
2025,2,gasly,16,91992.0,,,20,shanghai,alpine,9,11,Finished,0,8,0,0,,0,11.0,0,11.0,11.0,0.0,-2.0,0.0,27.22,35.82,18.23,0,0.0
2025,2,gasly,16,91992.0,,,20,shanghai,alpine,9,11,Finished,0,8,0,0,,0,11.0,0,11.0,11.0,0.0,-2.0,0.0,27.22,35.82,18.23,0,0.0
2025,2,hadjar,7,91162.0,91253.0,91079.0,11,shanghai,rb,11,20,Retired,0,9,0,0,438.0,0,,0,20.0,20.0,1.0,-9.0,0.0,27.22,35.82,18.23,0,0.0
2025,2,hadjar,7,91162.0,91253.0,91079.0,11,shanghai,rb,11,20,Retired,0,9,0,0,438.0,0,,0,20.0,20.0,1.0,-9.0,0.0,27.22,35.82,18.23,0,0.0
2025,2,hamilton,5,91690.0,91501.0,90927.0,19,shanghai,ferrari,8,10,Finished,1,7,5,0,286.0,1,10.0,0,10.0,10.0,0.0,-2.0,0.0,27.22,35.82,18.23,0,0.0
2025,2,hamilton,5,91690.0,91501.0,90927.0,19,shanghai,ferrari,8,10,Finished,1,7,5,0,286.0,1,10.0,0,10.0,10.0,0.0,-2.0,0.0,27.22,35.82,18.23,0,0.0
2025,2,hulkenberg,12,91921.0,91632.0,,15,shanghai,sauber,17,7,Finished,6,6,6,0,,6,7.0,0,7.0,7.0,0.0,10.0,0.0,27.22,35.82,18.23,0,0.0
2025,2,hulkenberg,12,91921.0,91632.0,,15,shanghai,sauber,17,7,Finished,6,6,6,0,,6,7.0,0,7.0,7.0,0.0,10.0,0.0,27.22,35.82,18.23,0,0.0
2025,2,lawson,20,92174.0,,,12,shanghai,red_bull,18,15,Retired,0,3,18,0,,0,,0,15.0,15.0,1.0,3.0,0.0,27.22,35.82,18.23,0,0.0
2025,2,lawson,20,92174.0,,,12,shanghai,red_bull,18,15,Retired,0,3,18,0,,0,,0,15.0,15.0,1.0,3.0,0.0,27.22,35.82,18.23,0,0.0
2025,2,leclerc,6,91579.0,91450.0,91021.0,18,shanghai,ferrari,7,8,Finished,4,7,5,0,380.0,4,8.0,0,8.0,8.0,0.0,-1.0,0.0,27.22,35.82,18.23,0,0.0
2025,2,leclerc,6,91579.0,91450.0,91021.0,18,shanghai,ferrari,7,8,Finished,4,7,5,0,380.0,4,8.0,0,8.0,8.0,0.0,-1.0,0.0,27.22,35.82,18.23,0,0.0
2025,2,max_verstappen,4,91424.0,91142.0,90817.0,4,shanghai,red_bull,3,2,Finished,18,3,18,0,176.0,18,2.0,0,2.0,2.0,0.0,1.0,0.0,27.22,35.82,18.23,0,0.0
2025,2,max_verstappen,4,91424.0,91142.0,90817.0,4,shanghai,red_bull,3,2,Finished,18,3,18,0,176.0,18,2.0,0,2.0,2.0,0.0,1.0,0.0,27.22,35.82,18.23,0,0.0
2025,2,norris,3,90983.0,90787.0,90793.0,2,shanghai,mclaren,1,1,Finished,25,1,27,1,152.0,25,1.0,1,1.0,1.0,0.0,0.0,0.0,27.22,35.82,18.23,0,0.0
2025,2,norris,3,90983.0,90787.0,90793.0,2,shanghai,mclaren,1,1,Finished,25,1,27,1,152.0,25,1.0,1,1.0,1.0,0.0,0.0,0.0,27.22,35.82,18.23,0,0.0
2025,2,ocon,11,91876.0,91625.0,,5,shanghai,haas,19,13,Finished,0,10,0,0,,0,13.0,0,13.0,13.0,0.0,6.0,0.0,27.22,35.82,18.23,0,0.0
2025,2,ocon,11,91876.0,91625.0,,5,shanghai,haas,19,13,Finished,0,10,0,0,,0,13.0,0,13.0,13.0,0.0,6.0,0.0,27.22,35.82,18.23,0,0.0
2025,2,piastri,1,91591.0,91200.0,90641.0,1,shanghai,mclaren,2,9,Finished,2,1,27,1,0.0,2,9.0,0,9.0,9.0,0.0,-7.0,0.0,27.22,35.82,18.23,0,0.0
2025,2,piastri,1,91591.0,91200.0,90641.0,1,shanghai,mclaren,2,9,Finished,2,1,27,1,0.0,2,9.0,0,9.0,9.0,0.0,-7.0,0.0,27.22,35.82,18.23,0,0.0
2025,2,russell,2,91295.0,91307.0,90723.0,3,shanghai,mercedes,4,3,Finished,15,2,27,0,82.0,15,3.0,0,3.0,3.0,0.0,1.0,0.0,27.22,35.82,18.23,0,0.0
2025,2,russell,2,91295.0,91307.0,90723.0,3,shanghai,mercedes,4,3,Finished,15,2,27,0,82.0,15,3.0,0,3.0,3.0,0.0,1.0,0.0,27.22,35.82,18.23,0,0.0
2025,2,sainz,15,91628.0,91840.0,,10,shanghai,williams,10,18,Retired,0,4,10,0,,0,,0,18.0,18.0,1.0,-8.0,0.0,27.22,35.82,18.23,0,0.0
2025,2,sainz,15,91628.0,91840.0,,10,shanghai,williams,10,18,Retired,0,4,10,0,,0,,0,18.0,18.0,1.0,-8.0,0.0,27.22,35.82,18.23,0,0.0
2025,2,stroll,14,91923.0,91773.0,,9,shanghai,aston_martin,13,6,Finished,8,5,8,0,,8,6.0,0,6.0,6.0,0.0,7.0,0.0,27.22,35.82,18.23,0,0.0
2025,2,stroll,14,91923.0,91773.0,,9,shanghai,aston_martin,13,6,Finished,8,5,8,0,,8,6.0,0,6.0,6.0,0.0,7.0,0.0,27.22,35.82,18.23,0,0.0
2025,2,tsunoda,9,91238.0,91260.0,91638.0,16,shanghai,rb,5,12,Finished,0,9,0,0,997.0,0,12.0,0,12.0,12.0,0.0,-7.0,0.0,27.22,35.82,18.23,0,0.0
2025,2,tsunoda,9,91238.0,91260.0,91638.0,16,shanghai,rb,5,12,Finished,0,9,0,0,997.0,0,12.0,0,12.0,12.0,0.0,-7.0,0.0,27.22,35.82,18.23,0,0.0
2025,3,albon,9,88218.0,87783.0,87615.0,9,suzuka,williams,10,7,Finished,6,4,17,0,632.0,16,6.0,0,6.0,6.0,0.0,2.0,0.0,14.43,20.51,76.37,0,0.0
2025,3,albon,9,88218.0,87783.0,87615.0,9,suzuka,williams,10,7,Finished,6,4,17,0,632.0,16,6.0,0,6.0,6.0,0.0,2.0,0.0,14.43,20.51,76.37,0,0.0
2025,3,alonso,13,88337.0,87897.0,,11,suzuka,aston_martin,13,17,Retired,0,7,10,0,,0,,0,17.0,17.0,2.0,-4.5,0.0,14.43,20.51,76.37,0,0.0
2025,3,alonso,13,88337.0,87897.0,,11,suzuka,aston_martin,13,17,Retired,0,7,10,0,,0,,0,17.0,17.0,2.0,-4.5,0.0,14.43,20.51,76.37,0,0.0
2025,3,antonelli,6,87968.0,87639.0,87555.0,6,suzuka,mercedes,8,6,Finished,8,2,57,0,572.0,22,5.0,0,5.0,5.0,0.0,7.0,0.0,14.43,20.51,76.37,0,0.0
2025,3,antonelli,6,87968.0,87639.0,87555.0,6,suzuka,mercedes,8,6,Finished,8,2,57,0,572.0,22,5.0,0,5.0,5.0,0.0,7.0,0.0,14.43,20.51,76.37,0,0.0
2025,3,bearman,10,88228.0,87711.0,87867.0,10,suzuka,haas,17,8,Finished,4,6,14,0,884.0,4,12.0,0,11.0,11.0,0.0,7.5,0.0,14.43,20.51,76.37,0,0.0
2025,3,bearman,10,88228.0,87711.0,87867.0,10,suzuka,haas,17,8,Finished,4,6,14,0,884.0,4,12.0,0,11.0,11.0,0.0,7.5,0.0,14.43,20.51,76.37,0,0.0
2025,3,bortoleto,17,88622.0,,,19,suzuka,sauber,19,14,Lapped,0,8,6,0,,0,19.0,0,15.0,15.0,1.0,2.0,0.0,14.43,20.51,76.37,0,0.0
2025,3,bortoleto,17,88622.0,,,19,suzuka,sauber,19,14,Lapped,0,8,6,0,,0,19.0,0,15.0,15.0,1.0,2.0,0.0,14.43,20.51,76.37,0,0.0
2025,3,doohan,19,88877.0,,,15,suzuka,alpine,18,13,Finished,0,10,0,0,,0,18.0,0,16.0,16.0,1.0,0.0,0.0,14.43,20.51,76.37,0,0.0
2025,3,doohan,19,88877.0,,,15,suzuka,alpine,18,13,Finished,0,10,0,0,,0,18.0,0,16.0,16.0,1.0,0.0,0.0,14.43,20.51,76.37,0,0.0
2025,3,gasly,11,88186.0,87822.0,,13,suzuka,alpine,16,20,Disqualified,0,10,0,0,,0,15.0,0,15.5,15.5,0.0,-3.0,0.0,14.43,20.51,76.37,0,0.0
2025,3,gasly,11,88186.0,87822.0,,13,suzuka,alpine,16,20,Disqualified,0,10,0,0,,0,15.0,0,15.5,15.5,0.0,-3.0,0.0,14.43,20.51,76.37,0,0.0
2025,3,hadjar,7,88278.0,87775.0,87569.0,8,suzuka,rb,7,11,Finished,0,9,3,0,586.0,0,16.0,0,15.5,15.5,1.0,-6.5,0.0,14.43,20.51,76.37,0,0.0
2025,3,hadjar,7,88278.0,87775.0,87569.0,8,suzuka,rb,7,11,Finished,0,9,3,0,586.0,0,16.0,0,15.5,15.5,1.0,-6.5,0.0,14.43,20.51,76.37,0,0.0
2025,3,hamilton,8,87942.0,87610.0,87610.0,7,suzuka,ferrari,5,19,Disqualified,0,5,17,0,627.0,9,9.0,0,14.5,14.5,0.0,-8.0,0.0,14.43,20.51,76.37,0,0.0
2025,3,hamilton,8,87942.0,87610.0,87610.0,7,suzuka,ferrari,5,19,Disqualified,0,5,17,0,627.0,9,9.0,0,14.5,14.5,0.0,-8.0,0.0,14.43,20.51,76.37,0,0.0
2025,3,hulkenberg,16,88570.0,,,16,suzuka,sauber,12,15,Lapped,0,8,6,0,,6,11.0,0,11.0,11.0,0.0,3.5,0.0,14.43,20.51,76.37,0,0.0
2025,3,hulkenberg,16,88570.0,,,16,suzuka,sauber,12,15,Lapped,0,8,6,0,,6,11.0,0,11.0,11.0,0.0,3.5,0.0,14.43,20.51,76.37,0,0.0
2025,3,lawson,14,88554.0,87906.0,,17,suzuka,rb,20,12,Finished,0,9,3,0,,0,17.0,0,13.5,13.5,1.0,5.5,0.0,14.43,20.51,76.37,0,0.0
2025,3,lawson,14,88554.0,87906.0,,17,suzuka,rb,20,12,Finished,0,9,3,0,,0,17.0,0,13.5,13.5,1.0,5.5,0.0,14.43,20.51,76.37,0,0.0
2025,3,leclerc,4,87920.0,87555.0,87299.0,4,suzuka,ferrari,6,18,Disqualified,0,5,17,0,316.0,8,10.0,0,13.0,13.0,0.0,-6.5,0.0,14.43,20.51,76.37,0,0.0
2025,3,leclerc,4,87920.0,87555.0,87299.0,4,suzuka,ferrari,6,18,Disqualified,0,5,17,0,316.0,8,10.0,0,13.0,13.0,0.0,-6.5,0.0,14.43,20.51,76.37,0,0.0
2025,3,max_verstappen,1,87943.0,87502.0,86983.0,1,suzuka,red_bull,4,4,Finished,12,3,36,0,0.0,36,2.0,0,3.0,3.0,0.0,0.5,0.0,14.43,20.51,76.37,0,0.0
2025,3,max_verstappen,1,87943.0,87502.0,86983.0,1,suzuka,red_bull,4,4,Finished,12,3,36,0,0.0,36,2.0,0,3.0,3.0,0.0,0.5,0.0,14.43,20.51,76.37,0,0.0
2025,3,norris,2,87845.0,87146.0,86995.0,2,suzuka,mclaren,3,2,Finished,18,1,78,2,12.0,44,1.0,1,1.5,1.5,0.0,0.5,0.0,14.43,20.51,76.37,0,0.0
2025,3,norris,2,87845.0,87146.0,86995.0,2,suzuka,mclaren,3,2,Finished,18,1,78,2,12.0,44,1.0,1,1.5,1.5,0.0,0.5,0.0,14.43,20.51,76.37,0,0.0
2025,3,ocon,18,88696.0,,,18,suzuka,haas,11,5,Finished,10,6,14,0,,10,7.0,0,9.0,9.0,0.0,6.0,0.0,14.43,20.51,76.37,0,0.0
2025,3,ocon,18,88696.0,,,18,suzuka,haas,11,5,Finished,10,6,14,0,,10,7.0,0,9.0,9.0,0.0,6.0,0.0,14.43,20.51,76.37,0,0.0
2025,3,piastri,3,87687.0,87507.0,87027.0,3,suzuka,mclaren,1,1,Finished,25,1,78,2,44.0,34,4.0,1,5.0,5.0,0.0,-3.5,0.0,14.43,20.51,76.37,0,0.0
2025,3,piastri,3,87687.0,87507.0,87027.0,3,suzuka,mclaren,1,1,Finished,25,1,78,2,44.0,34,4.0,1,5.0,5.0,0.0,-3.5,0.0,14.43,20.51,76.37,0,0.0
2025,3,russell,5,87843.0,87400.0,87318.0,5,suzuka,mercedes,2,3,Finished,15,2,57,0,335.0,35,3.0,0,3.0,3.0,0.0,0.0,0.0,14.43,20.51,76.37,0,0.0
2025,3,russell,5,87843.0,87400.0,87318.0,5,suzuka,mercedes,2,3,Finished,15,2,57,0,335.0,35,3.0,0,3.0,3.0,0.0,0.0,0.0,14.43,20.51,76.37,0,0.0
2025,3,sainz,12,88209.0,87836.0,,14,suzuka,williams,15,10,Finished,1,4,17,0,,1,14.0,0,14.0,14.0,1.0,-1.5,0.0,14.43,20.51,76.37,0,0.0
2025,3,sainz,12,88209.0,87836.0,,14,suzuka,williams,15,10,Finished,1,4,17,0,,1,14.0,0,14.0,14.0,1.0,-1.5,0.0,14.43,20.51,76.37,0,0.0
2025,3,stroll,20,89271.0,,,20,suzuka,aston_martin,14,9,Finished,2,7,10,0,,10,8.0,0,7.5,7.5,0.0,6.0,0.0,14.43,20.51,76.37,0,0.0
2025,3,stroll,20,89271.0,,,20,suzuka,aston_martin,14,9,Finished,2,7,10,0,,10,8.0,0,7.5,7.5,0.0,6.0,0.0,14.43,20.51,76.37,0,0.0
2025,3,tsunoda,15,87967.0,88000.0,,12,suzuka,red_bull,9,16,Lapped,0,3,36,0,,3,13.0,0,14.0,14.0,0.0,-7.0,0.0,14.43,20.51,76.37,0,0.0
2025,3,tsunoda,15,87967.0,88000.0,,12,suzuka,red_bull,9,16,Lapped,0,3,36,0,,3,13.0,0,14.0,14.0,0.0,-7.0,0.0,14.43,20.51,76.37,0,0.0
2025,4,albon,15,92040.0,,,12,bahrain,williams,9,9,Finished,2,5,19,0,,18,7.0,0,7.0,7.0,0.0,1.33,0.0,27.05,31.87,45.33,0,0.0
2025,4,albon,15,92040.0,,,12,bahrain,williams,9,9,Finished,2,5,19,0,,18,7.0,0,7.0,7.0,0.0,1.33,0.0,27.05,31.87,45.33,0,0.0
2025,4,alonso,13,91634.0,91886.0,,15,bahrain,aston_martin,12,11,Finished,0,7,10,0,,0,17.0,0,15.0,15.0,2.0,-2.67,0.0,27.05,31.87,45.33,0,0.0
2025,4,alonso,13,91634.0,91886.0,,15,bahrain,aston_martin,12,11,Finished,0,7,10,0,,0,17.0,0,15.0,15.0,2.0,-2.67,0.0,27.05,31.87,45.33,0,0.0
2025,4,antonelli,4,91415.0,90716.0,90213.0,11,bahrain,mercedes,6,6,Finished,8,2,75,0,372.0,30,5.0,0,5.33,5.33,0.0,4.67,0.0,27.05,31.87,45.33,0,0.0
2025,4,antonelli,4,91415.0,90716.0,90213.0,11,bahrain,mercedes,6,6,Finished,8,2,75,0,372.0,30,5.0,0,5.33,5.33,0.0,4.67,0.0,27.05,31.87,45.33,0,0.0
2025,4,bearman,20,92373.0,,,10,bahrain,haas,10,10,Finished,1,6,15,0,,5,12.0,0,10.67,10.67,0.0,5.0,0.0,27.05,31.87,45.33,0,0.0
2025,4,bearman,20,92373.0,,,10,bahrain,haas,10,10,Finished,1,6,15,0,,5,12.0,0,10.67,10.67,0.0,5.0,0.0,27.05,31.87,45.33,0,0.0
2025,4,bortoleto,18,92186.0,,,18,bahrain,sauber,17,19,Finished,0,9,6,0,,0,20.0,0,16.33,16.33,1.0,0.67,0.0,27.05,31.87,45.33,0,0.0
2025,4,bortoleto,18,92186.0,,,18,bahrain,sauber,17,19,Finished,0,9,6,0,,0,20.0,0,16.33,16.33,1.0,0.67,0.0,27.05,31.87,45.33,0,0.0
2025,4,doohan,11,91414.0,91245.0,,14,bahrain,alpine,19,15,Finished,0,10,0,0,,0,19.0,0,15.67,15.67,1.0,1.33,0.0,27.05,31.87,45.33,0,0.0
2025,4,doohan,11,91414.0,91245.0,,14,bahrain,alpine,19,15,Finished,0,10,0,0,,0,19.0,0,15.67,15.67,1.0,1.33,0.0,27.05,31.87,45.33,0,0.0
2025,4,gasly,5,91462.0,90643.0,90216.0,7,bahrain,alpine,11,13,Finished,0,10,0,0,375.0,0,16.0,0,14.67,14.67,0.0,-2.67,0.0,27.05,31.87,45.33,0,0.0
2025,4,gasly,5,91462.0,90643.0,90216.0,7,bahrain,alpine,11,13,Finished,0,10,0,0,375.0,0,16.0,0,14.67,14.67,0.0,-2.67,0.0,27.05,31.87,45.33,0,0.0
2025,4,hadjar,12,91591.0,91271.0,,13,bahrain,rb,7,8,Finished,4,8,7,0,,4,13.0,0,13.0,13.0,1.0,-4.67,0.0,27.05,31.87,45.33,0,0.0
2025,4,hadjar,12,91591.0,91271.0,,13,bahrain,rb,7,8,Finished,4,8,7,0,,4,13.0,0,13.0,13.0,1.0,-4.67,0.0,27.05,31.87,45.33,0,0.0
2025,4,hamilton,9,91219.0,91009.0,90772.0,5,bahrain,ferrari,8,7,Finished,6,4,35,0,931.0,15,8.0,0,12.0,12.0,0.0,-5.0,0.0,27.05,31.87,45.33,0,0.0
2025,4,hamilton,9,91219.0,91009.0,90772.0,5,bahrain,ferrari,8,7,Finished,6,4,35,0,931.0,15,8.0,0,12.0,12.0,0.0,-5.0,0.0,27.05,31.87,45.33,0,0.0
2025,4,hulkenberg,16,92067.0,,,20,bahrain,sauber,16,16,Finished,0,9,6,0,,6,11.0,0,12.67,12.67,0.0,2.33,0.0,27.05,31.87,45.33,0,0.0
2025,4,hulkenberg,16,92067.0,,,20,bahrain,sauber,16,16,Finished,0,9,6,0,,6,11.0,0,12.67,12.67,0.0,2.33,0.0,27.05,31.87,45.33,0,0.0
2025,4,lawson,17,92165.0,,,16,bahrain,rb,13,17,Finished,0,8,7,0,,0,18.0,0,14.67,14.67,1.0,2.33,0.0,27.05,31.87,45.33,0,0.0
2025,4,lawson,17,92165.0,,,16,bahrain,rb,13,17,Finished,0,8,7,0,,0,18.0,0,14.67,14.67,1.0,2.33,0.0,27.05,31.87,45.33,0,0.0
2025,4,leclerc,3,91454.0,90724.0,90175.0,4,bahrain,ferrari,4,4,Finished,12,4,35,0,334.0,20,6.0,0,10.0,10.0,0.0,-4.33,0.0,27.05,31.87,45.33,0,0.0
2025,4,leclerc,3,91454.0,90724.0,90175.0,4,bahrain,ferrari,4,4,Finished,12,4,35,0,334.0,20,6.0,0,10.0,10.0,0.0,-4.33,0.0,27.05,31.87,45.33,0,0.0
2025,4,max_verstappen,7,91303.0,91019.0,90423.0,6,bahrain,red_bull,1,1,Finished,25,3,61,1,582.0,61,2.0,1,2.33,2.33,0.0,0.33,0.0,27.05,31.87,45.33,0,0.0
2025,4,max_verstappen,7,91303.0,91019.0,90423.0,6,bahrain,red_bull,1,1,Finished,25,3,61,1,582.0,61,2.0,1,2.33,2.33,0.0,0.33,0.0,27.05,31.87,45.33,0,0.0
2025,4,norris,6,91107.0,90560.0,90267.0,3,bahrain,mclaren,2,2,Finished,18,1,111,2,426.0,62,1.0,1,1.67,1.67,0.0,0.33,0.0,27.05,31.87,45.33,0,0.0
2025,4,norris,6,91107.0,90560.0,90267.0,3,bahrain,mclaren,2,2,Finished,18,1,111,2,426.0,62,1.0,1,1.67,1.67,0.0,0.33,0.0,27.05,31.87,45.33,0,0.0
2025,4,ocon,14,91594.0,,,8,bahrain,haas,18,18,Finished,0,6,15,0,,10,9.0,0,12.0,12.0,0.0,4.0,0.0,27.05,31.87,45.33,0,0.0
2025,4,ocon,14,91594.0,,,8,bahrain,haas,18,18,Finished,0,6,15,0,,10,9.0,0,12.0,12.0,0.0,4.0,0.0,27.05,31.87,45.33,0,0.0
2025,4,piastri,1,91392.0,90454.0,89841.0,1,bahrain,mclaren,3,3,Finished,15,1,111,2,0.0,49,3.0,1,4.33,4.33,0.0,-2.33,0.0,27.05,31.87,45.33,0,0.0
2025,4,piastri,1,91392.0,90454.0,89841.0,1,bahrain,mclaren,3,3,Finished,15,1,111,2,0.0,49,3.0,1,4.33,4.33,0.0,-2.33,0.0,27.05,31.87,45.33,0,0.0
2025,4,russell,2,91494.0,90664.0,90009.0,2,bahrain,mercedes,5,5,Finished,10,2,75,0,168.0,45,4.0,0,3.67,3.67,0.0,0.0,0.0,27.05,31.87,45.33,0,0.0
2025,4,russell,2,91494.0,90664.0,90009.0,2,bahrain,mercedes,5,5,Finished,10,2,75,0,168.0,45,4.0,0,3.67,3.67,0.0,0.0,0.0,27.05,31.87,45.33,0,0.0
2025,4,sainz,8,91591.0,90844.0,90680.0,19,bahrain,williams,15,14,Finished,0,5,19,0,839.0,1,15.0,0,14.0,14.0,1.0,-0.67,0.0,27.05,31.87,45.33,0,0.0
2025,4,sainz,8,91591.0,90844.0,90680.0,19,bahrain,williams,15,14,Finished,0,5,19,0,839.0,1,15.0,0,14.0,14.0,1.0,-0.67,0.0,27.05,31.87,45.33,0,0.0
2025,4,stroll,19,92283.0,,,17,bahrain,aston_martin,20,20,Lapped,0,7,10,0,,10,10.0,0,11.67,11.67,0.0,4.0,0.0,27.05,31.87,45.33,0,0.0
2025,4,stroll,19,92283.0,,,17,bahrain,aston_martin,20,20,Lapped,0,7,10,0,,10,10.0,0,11.67,11.67,0.0,4.0,0.0,27.05,31.87,45.33,0,0.0
2025,4,tsunoda,10,91751.0,91228.0,91303.0,9,bahrain,red_bull,14,12,Finished,0,3,61,1,1462.0,3,14.0,0,13.33,13.33,0.0,-4.0,0.0,27.05,31.87,45.33,0,0.0
2025,4,tsunoda,10,91751.0,91228.0,91303.0,9,bahrain,red_bull,14,12,Finished,0,3,61,1,1462.0,3,14.0,0,13.33,13.33,0.0,-4.0,0.0,27.05,31.87,45.33,0,0.0
2025,5,albon,11,88279.0,88109.0,,9,jeddah,williams,15,12,Finished,0,6,19,0,,18,8.0,0,9.33,8.25,0.0,2.0,1.08,29.48,37.82,62.73,0,0.0
2025,5,albon,11,88279.0,88109.0,,9,jeddah,williams,15,12,Finished,0,6,19,0,,18,8.0,0,9.33,8.25,0.0,2.0,1.08,29.48,37.82,62.73,0,0.0
2025,5,alonso,13,88548.0,88303.0,,11,jeddah,aston_martin,13,15,Finished,0,7,10,0,,0,17.0,0,14.33,15.0,2.0,-1.67,-0.67,29.48,37.82,62.73,0,0.0
2025,5,alonso,13,88548.0,88303.0,,11,jeddah,aston_martin,13,15,Finished,0,7,10,0,,0,17.0,0,14.33,15.0,2.0,-1.67,-0.67,29.48,37.82,62.73,0,0.0
2025,5,antonelli,5,88128.0,87798.0,87866.0,6,jeddah,mercedes,5,11,Finished,0,2,93,0,572.0,30,6.0,0,7.67,6.75,0.0,-1.33,0.92,29.48,37.82,62.73,0,0.0
2025,5,antonelli,5,88128.0,87798.0,87866.0,6,jeddah,mercedes,5,11,Finished,0,2,93,0,572.0,30,6.0,0,7.67,6.75,0.0,-1.33,0.92,29.48,37.82,62.73,0,0.0
2025,5,bearman,15,88536.0,88648.0,,13,jeddah,haas,20,10,Finished,1,5,20,0,,6,13.0,0,9.33,10.5,0.0,6.33,-1.17,29.48,37.82,62.73,0,0.0
2025,5,bearman,15,88536.0,88648.0,,13,jeddah,haas,20,10,Finished,1,5,20,0,,6,13.0,0,9.33,10.5,0.0,6.33,-1.17,29.48,37.82,62.73,0,0.0
2025,5,bortoleto,20,89462.0,,,18,jeddah,sauber,18,18,Finished,0,10,6,0,,0,20.0,0,17.0,16.75,1.0,1.0,0.25,29.48,37.82,62.73,0,0.0
2025,5,bortoleto,20,89462.0,,,18,jeddah,sauber,18,18,Finished,0,10,6,0,,0,20.0,0,17.0,16.75,1.0,1.0,0.25,29.48,37.82,62.73,0,0.0
2025,5,doohan,17,88739.0,,,17,jeddah,alpine,11,14,Finished,0,9,6,0,,0,19.0,0,14.0,15.25,1.0,2.0,-1.25,29.48,37.82,62.73,0,0.0
2025,5,doohan,17,88739.0,,,17,jeddah,alpine,11,14,Finished,0,9,6,0,,0,19.0,0,14.0,15.25,1.0,2.0,-1.25,29.48,37.82,62.73,0,0.0
2025,5,gasly,9,88421.0,88025.0,88367.0,20,jeddah,alpine,4,7,Finished,6,9,6,0,1073.0,6,11.0,0,13.33,12.75,0.0,-3.0,0.58,29.48,37.82,62.73,0,0.0
2025,5,gasly,9,88421.0,88025.0,88367.0,20,jeddah,alpine,4,7,Finished,6,9,6,0,1073.0,6,11.0,0,13.33,12.75,0.0,-3.0,0.58,29.48,37.82,62.73,0,0.0
2025,5,hadjar,14,88571.0,88418.0,,10,jeddah,rb,12,13,Finished,0,8,7,0,,4,15.0,0,10.67,13.0,1.0,-2.0,-2.33,29.48,37.82,62.73,0,0.0
2025,5,hadjar,14,88571.0,88418.0,,10,jeddah,rb,12,13,Finished,0,8,7,0,,4,15.0,0,10.67,13.0,1.0,-2.0,-2.33,29.48,37.82,62.73,0,0.0
2025,5,hamilton,7,88372.0,88102.0,88201.0,7,jeddah,ferrari,9,5,Finished,10,4,57,0,907.0,25,7.0,0,10.33,10.25,0.0,-3.0,0.08,29.48,37.82,62.73,0,0.0
2025,5,hamilton,7,88372.0,88102.0,88201.0,7,jeddah,ferrari,9,5,Finished,10,4,57,0,907.0,25,7.0,0,10.33,10.25,0.0,-3.0,0.08,29.48,37.82,62.73,0,0.0
2025,5,hulkenberg,18,88782.0,,,15,jeddah,sauber,16,20,Disqualified,0,10,6,0,,6,12.0,0,17.0,14.5,0.0,-2.33,2.5,29.48,37.82,62.73,0,0.0
2025,5,hulkenberg,18,88782.0,,,15,jeddah,sauber,16,20,Disqualified,0,10,6,0,,6,12.0,0,17.0,14.5,0.0,-2.33,2.5,29.48,37.82,62.73,0,0.0
2025,5,lawson,12,88561.0,88191.0,,12,jeddah,rb,17,16,Finished,0,8,7,0,,0,18.0,0,15.0,15.0,1.0,1.67,0.0,29.48,37.82,62.73,0,0.0
2025,5,lawson,12,88561.0,88191.0,,12,jeddah,rb,17,16,Finished,0,8,7,0,,0,18.0,0,15.0,15.0,1.0,1.67,0.0,29.48,37.82,62.73,0,0.0
2025,5,leclerc,4,88552.0,87866.0,87670.0,3,jeddah,ferrari,2,4,Finished,12,4,57,0,376.0,32,5.0,0,8.67,8.5,0.0,-4.67,0.17,29.48,37.82,62.73,0,0.0
2025,5,leclerc,4,88552.0,87866.0,87670.0,3,jeddah,ferrari,2,4,Finished,12,4,57,0,376.0,32,5.0,0,8.67,8.5,0.0,-4.67,0.17,29.48,37.82,62.73,0,0.0
2025,5,max_verstappen,1,87778.0,87529.0,87294.0,2,jeddah,red_bull,7,6,Finished,8,3,71,1,0.0,69,3.0,1,3.67,3.25,0.0,0.33,0.42,29.48,37.82,62.73,0,0.0
2025,5,max_verstappen,1,87778.0,87529.0,87294.0,2,jeddah,red_bull,7,6,Finished,8,3,71,1,0.0,69,3.0,1,3.67,3.25,0.0,0.33,0.42,29.48,37.82,62.73,0,0.0
2025,5,norris,10,87805.0,87481.0,,4,jeddah,mclaren,6,3,Finished,15,1,151,3,,77,1.0,1,2.33,2.0,0.0,1.33,0.33,29.48,37.82,62.73,0,0.0
2025,5,norris,10,87805.0,87481.0,,4,jeddah,mclaren,6,3,Finished,15,1,151,3,,77,1.0,1,2.33,2.0,0.0,1.33,0.33,29.48,37.82,62.73,0,0.0
2025,5,ocon,19,89092.0,,,14,jeddah,haas,14,8,Finished,4,5,20,0,,14,9.0,0,10.33,11.0,0.0,4.0,-0.67,29.48,37.82,62.73,0,0.0
2025,5,ocon,19,89092.0,,,14,jeddah,haas,14,8,Finished,4,5,20,0,,14,9.0,0,10.33,11.0,0.0,4.0,-0.67,29.48,37.82,62.73,0,0.0
2025,5,piastri,2,87901.0,87545.0,87304.0,1,jeddah,mclaren,1,1,Finished,25,1,151,3,10.0,74,2.0,2,1.67,3.5,0.0,0.0,-1.83,29.48,37.82,62.73,0,0.0
2025,5,piastri,2,87901.0,87545.0,87304.0,1,jeddah,mclaren,1,1,Finished,25,1,151,3,10.0,74,2.0,2,1.67,3.5,0.0,0.0,-1.83,29.48,37.82,62.73,0,0.0
2025,5,russell,3,88282.0,87599.0,87407.0,5,jeddah,mercedes,3,2,Finished,18,2,93,0,113.0,63,4.0,0,3.33,3.25,0.0,0.0,0.08,29.48,37.82,62.73,0,0.0
2025,5,russell,3,88282.0,87599.0,87407.0,5,jeddah,mercedes,3,2,Finished,18,2,93,0,113.0,63,4.0,0,3.33,3.25,0.0,0.0,0.08,29.48,37.82,62.73,0,0.0
2025,5,sainz,6,88354.0,88024.0,88164.0,8,jeddah,williams,8,19,Retired,0,6,19,0,870.0,1,16.0,0,14.33,15.25,2.0,-1.67,-0.92,29.48,37.82,62.73,0,0.0
2025,5,sainz,6,88354.0,88024.0,88164.0,8,jeddah,williams,8,19,Retired,0,6,19,0,870.0,1,16.0,0,14.33,15.25,2.0,-1.67,-0.92,29.48,37.82,62.73,0,0.0
2025,5,stroll,16,88645.0,,,16,jeddah,aston_martin,19,17,Finished,0,7,10,0,,10,10.0,0,15.33,13.0,0.0,2.33,2.33,29.48,37.82,62.73,0,0.0
2025,5,stroll,16,88645.0,,,16,jeddah,aston_martin,19,17,Finished,0,7,10,0,,10,10.0,0,15.33,13.0,0.0,2.33,2.33,29.48,37.82,62.73,0,0.0
2025,5,tsunoda,8,88226.0,87990.0,88204.0,19,jeddah,red_bull,10,9,Finished,2,3,71,1,910.0,5,14.0,0,12.33,12.25,0.0,-1.33,0.08,29.48,37.82,62.73,0,0.0
2025,5,tsunoda,8,88226.0,87990.0,88204.0,19,jeddah,red_bull,10,9,Finished,2,3,71,1,910.0,5,14.0,0,12.33,12.25,0.0,-1.33,0.08,29.48,37.82,62.73,0,0.0
2025,6,albon,7,87042.0,86855.0,86682.0,5,miami,williams,11,9,Finished,2,5,25,0,478.0,20,8.0,0,10.0,8.4,0.0,1.67,1.6,26.57,38.69,63.02,0,3.4
2025,6,albon,7,87042.0,86855.0,86682.0,5,miami,williams,11,9,Finished,2,5,25,0,478.0,20,8.0,0,10.0,8.4,0.0,1.67,1.6,26.57,38.69,63.02,0,3.4
2025,6,alonso,17,87604.0,,,15,miami,aston_martin,13,11,Finished,0,7,10,0,,0,17.0,0,12.33,14.2,2.0,0.33,-1.87,26.57,38.69,63.02,0,3.4
2025,6,alonso,17,87604.0,,,15,miami,aston_martin,13,11,Finished,0,7,10,0,,0,17.0,0,12.33,14.2,2.0,0.33,-1.87,26.57,38.69,63.02,0,3.4
2025,6,antonelli,3,87077.0,86606.0,86271.0,6,miami,mercedes,5,6,Finished,8,2,111,0,67.0,38,6.0,0,7.67,6.6,0.0,-2.33,1.07,26.57,38.69,63.02,0,3.4
2025,6,antonelli,3,87077.0,86606.0,86271.0,6,miami,mercedes,5,6,Finished,8,2,111,0,67.0,38,6.0,0,7.67,6.6,0.0,-2.33,1.07,26.57,38.69,63.02,0,3.4
2025,6,bearman,20,87999.0,,,19,miami,haas,15,13,Finished,0,6,20,0,,6,13.0,0,11.0,11.0,0.0,4.0,0.0,26.57,38.69,63.02,0,3.4
2025,6,bearman,20,87999.0,,,19,miami,haas,15,13,Finished,0,6,20,0,,6,13.0,0,11.0,11.0,0.0,4.0,0.0,26.57,38.69,63.02,0,3.4
2025,6,bortoleto,13,87343.0,87151.0,,18,miami,sauber,20,18,Lapped,0,10,6,0,,0,20.0,0,18.33,17.0,1.0,0.0,1.33,26.57,38.69,63.02,0,3.4
2025,6,bortoleto,13,87343.0,87151.0,,18,miami,sauber,20,18,Lapped,0,10,6,0,,0,20.0,0,18.33,17.0,1.0,0.0,1.33,26.57,38.69,63.02,0,3.4
2025,6,doohan,14,87422.0,87186.0,,20,miami,alpine,17,17,Lapped,0,9,6,0,,0,19.0,0,15.33,15.6,1.0,0.33,-0.27,26.57,38.69,63.02,0,3.4
2025,6,doohan,14,87422.0,87186.0,,20,miami,alpine,17,17,Lapped,0,9,6,0,,0,19.0,0,15.33,15.6,1.0,0.33,-0.27,26.57,38.69,63.02,0,3.4
2025,6,gasly,18,87710.0,,,13,miami,alpine,9,20,Retired,0,9,6,0,,6,11.0,0,13.33,14.2,1.0,-5.33,-0.87,26.57,38.69,63.02,0,3.4
2025,6,gasly,18,87710.0,,,13,miami,alpine,9,20,Retired,0,9,6,0,,6,11.0,0,13.33,14.2,1.0,-5.33,-0.87,26.57,38.69,63.02,0,3.4
2025,6,hadjar,11,87301.0,86987.0,,11,miami,rb,14,10,Finished,1,8,8,0,,5,14.0,0,10.33,12.4,1.0,0.67,-2.07,26.57,38.69,63.02,0,3.4
2025,6,hadjar,11,87301.0,86987.0,,11,miami,rb,14,10,Finished,1,8,8,0,,5,14.0,0,10.33,12.4,1.0,0.67,-2.07,26.57,38.69,63.02,0,3.4
2025,6,hamilton,12,87279.0,87006.0,,8,miami,ferrari,7,7,Finished,6,4,78,0,,31,7.0,0,6.33,9.6,0.0,1.67,-3.27,26.57,38.69,63.02,0,3.4
2025,6,hamilton,12,87279.0,87006.0,,8,miami,ferrari,7,7,Finished,6,4,78,0,,31,7.0,0,6.33,9.6,0.0,1.67,-3.27,26.57,38.69,63.02,0,3.4
2025,6,hulkenberg,16,87473.0,,,14,miami,sauber,18,15,Lapped,0,10,6,0,,6,12.0,0,17.0,14.6,0.0,-0.33,2.4,26.57,38.69,63.02,0,3.4
2025,6,hulkenberg,16,87473.0,,,14,miami,sauber,18,15,Lapped,0,10,6,0,,6,12.0,0,17.0,14.6,0.0,-0.33,2.4,26.57,38.69,63.02,0,3.4
2025,6,lawson,15,87444.0,87363.0,,17,miami,rb,12,12,Finished,0,8,8,0,,0,18.0,0,15.0,14.4,1.0,-1.0,0.6,26.57,38.69,63.02,0,3.4
2025,6,lawson,15,87444.0,87363.0,,17,miami,rb,12,12,Finished,0,8,8,0,,0,18.0,0,15.0,14.4,1.0,-1.0,0.6,26.57,38.69,63.02,0,3.4
2025,6,leclerc,8,87417.0,86948.0,86754.0,7,miami,ferrari,4,3,Finished,15,4,78,0,550.0,47,5.0,0,3.67,7.4,0.0,-0.33,-3.73,26.57,38.69,63.02,0,3.4
2025,6,leclerc,8,87417.0,86948.0,86754.0,7,miami,ferrari,4,3,Finished,15,4,78,0,550.0,47,5.0,0,3.67,7.4,0.0,-0.33,-3.73,26.57,38.69,63.02,0,3.4
2025,6,max_verstappen,1,86870.0,86643.0,86204.0,4,miami,red_bull,1,2,Finished,18,3,89,1,0.0,87,3.0,1,3.0,3.0,0.0,0.0,0.0,26.57,38.69,63.02,0,3.4
2025,6,max_verstappen,1,86870.0,86643.0,86204.0,4,miami,red_bull,1,2,Finished,18,3,89,1,0.0,87,3.0,1,3.0,3.0,0.0,0.0,0.0,26.57,38.69,63.02,0,3.4
2025,6,norris,2,86955.0,86499.0,86269.0,2,miami,mclaren,10,4,Finished,12,1,188,4,65.0,89,2.0,1,3.0,2.4,0.0,3.0,0.6,26.57,38.69,63.02,0,3.4
2025,6,norris,2,86955.0,86499.0,86269.0,2,miami,mclaren,10,4,Finished,12,1,188,4,65.0,89,2.0,1,3.0,2.4,0.0,3.0,0.6,26.57,38.69,63.02,0,3.4
2025,6,ocon,9,87450.0,86967.0,86824.0,12,miami,haas,19,14,Finished,0,6,20,0,620.0,14,9.0,0,13.33,11.6,0.0,3.67,1.73,26.57,38.69,63.02,0,3.4
2025,6,ocon,9,87450.0,86967.0,86824.0,12,miami,haas,19,14,Finished,0,6,20,0,620.0,14,9.0,0,13.33,11.6,0.0,3.67,1.73,26.57,38.69,63.02,0,3.4
2025,6,piastri,4,87006.0,86269.0,86375.0,1,miami,mclaren,2,1,Finished,25,1,188,4,171.0,99,1.0,3,1.67,3.0,0.0,0.33,-1.33,26.57,38.69,63.02,0,3.4
2025,6,piastri,4,87006.0,86269.0,86375.0,1,miami,mclaren,2,1,Finished,25,1,188,4,171.0,99,1.0,3,1.67,3.0,0.0,0.33,-1.33,26.57,38.69,63.02,0,3.4
2025,6,russell,5,87014.0,86575.0,86385.0,3,miami,mercedes,3,5,Finished,10,2,111,0,181.0,73,4.0,0,4.0,3.6,0.0,-0.33,0.4,26.57,38.69,63.02,0,3.4
2025,6,russell,5,87014.0,86575.0,86385.0,3,miami,mercedes,3,5,Finished,10,2,111,0,181.0,73,4.0,0,4.0,3.6,0.0,-0.33,0.4,26.57,38.69,63.02,0,3.4
2025,6,sainz,6,87098.0,86847.0,86569.0,9,miami,williams,6,8,Finished,4,5,25,0,365.0,5,15.0,0,13.67,13.8,2.0,-4.0,-0.13,26.57,38.69,63.02,0,3.4
2025,6,sainz,6,87098.0,86847.0,86569.0,9,miami,williams,6,8,Finished,4,5,25,0,365.0,5,15.0,0,13.67,13.8,2.0,-4.0,-0.13,26.57,38.69,63.02,0,3.4
2025,6,stroll,19,87830.0,,,16,miami,aston_martin,16,16,Lapped,0,7,10,0,,10,10.0,0,17.67,13.6,0.0,0.67,4.07,26.57,38.69,63.02,0,3.4
2025,6,stroll,19,87830.0,,,16,miami,aston_martin,16,16,Lapped,0,7,10,0,,10,10.0,0,17.67,13.6,0.0,0.67,4.07,26.57,38.69,63.02,0,3.4
2025,6,tsunoda,10,87298.0,86959.0,86943.0,10,miami,red_bull,8,19,Retired,0,3,89,1,739.0,5,16.0,0,13.33,13.6,1.0,-2.67,-0.27,26.57,38.69,63.02,0,3.4
2025,6,tsunoda,10,87298.0,86959.0,86943.0,10,miami,red_bull,8,19,Retired,0,3,89,1,739.0,5,16.0,0,13.33,13.6,1.0,-2.67,-0.27,26.57,38.69,63.02,0,3.4
2025,7,albon,7,76123.0,75521.0,75473.0,5,imola,williams,7,5,Finished,10,5,37,0,803.0,30,8.0,0,8.67,8.4,0.0,2.33,0.27,23.96,42.66,38.31,0,0.0
2025,7,albon,7,76123.0,75521.0,75473.0,5,imola,williams,7,5,Finished,10,5,37,0,803.0,30,8.0,0,8.67,8.4,0.0,2.33,0.27,23.96,42.66,38.31,0,0.0
2025,7,alonso,5,75695.0,75442.0,75431.0,11,imola,aston_martin,17,15,Lapped,0,7,14,0,761.0,0,17.0,0,13.67,13.8,2.0,0.67,-0.13,23.96,42.66,38.31,0,0.0
2025,7,alonso,5,75695.0,75442.0,75431.0,11,imola,aston_martin,17,15,Lapped,0,7,14,0,761.0,0,17.0,0,13.67,13.8,2.0,0.67,-0.13,23.96,42.66,38.31,0,0.0
2025,7,antonelli,13,75943.0,75772.0,,19,imola,mercedes,3,6,Finished,8,2,141,0,,48,6.0,0,7.67,7.0,0.0,-3.33,0.67,23.96,42.66,38.31,0,0.0
2025,7,antonelli,13,75943.0,75772.0,,19,imola,mercedes,3,6,Finished,8,2,141,0,,48,6.0,0,7.67,7.0,0.0,-3.33,0.67,23.96,42.66,38.31,0,0.0
2025,7,bearman,19,76918.0,,,17,imola,haas,19,19,Retired,0,6,20,0,,6,15.0,0,14.0,12.0,1.0,4.0,2.0,23.96,42.66,38.31,0,0.0
2025,7,bearman,19,76918.0,,,17,imola,haas,19,19,Retired,0,6,20,0,,6,15.0,0,14.0,12.0,1.0,4.0,2.0,23.96,42.66,38.31,0,0.0
2025,7,bortoleto,14,76340.0,76260.0,,18,imola,sauber,13,18,Retired,0,10,6,0,,0,20.0,0,18.0,17.4,2.0,-1.0,0.6,23.96,42.66,38.31,0,0.0
2025,7,bortoleto,14,76340.0,76260.0,,18,imola,sauber,13,18,Retired,0,10,6,0,,0,20.0,0,18.0,17.4,2.0,-1.0,0.6,23.96,42.66,38.31,0,0.0
2025,7,colapinto,15,76256.0,,,16,imola,alpine,,,,,9,7,0,,,,,,,,,,23.96,42.66,38.31,0,0.0
2025,7,colapinto,15,76256.0,,,16,imola,alpine,,,,,9,7,0,,,,,,,,,,23.96,42.66,38.31,0,0.0
2025,7,gasly,10,75937.0,75505.0,75787.0,13,imola,alpine,20,13,Finished,0,9,7,0,1117.0,7,12.0,0,13.33,14.6,1.0,-2.33,-1.27,23.96,42.66,38.31,0,0.0
2025,7,gasly,10,75937.0,75505.0,75787.0,13,imola,alpine,20,13,Finished,0,9,7,0,1117.0,7,12.0,0,13.33,14.6,1.0,-2.33,-1.27,23.96,42.66,38.31,0,0.0
2025,7,hadjar,9,76253.0,75510.0,75746.0,9,imola,rb,11,11,Finished,0,8,8,0,1076.0,5,16.0,0,11.33,10.6,1.0,1.0,0.73,23.96,42.66,38.31,0,0.0
2025,7,hadjar,9,76253.0,75510.0,75746.0,9,imola,rb,11,11,Finished,0,8,8,0,1076.0,5,16.0,0,11.33,10.6,1.0,1.0,0.73,23.96,42.66,38.31,0,0.0
2025,7,hamilton,12,76163.0,75765.0,,4,imola,ferrari,12,8,Finished,4,4,94,0,,41,7.0,0,6.67,9.2,0.0,2.67,-2.53,23.96,42.66,38.31,0,0.0
2025,7,hamilton,12,76163.0,75765.0,,4,imola,ferrari,12,8,Finished,4,4,94,0,,41,7.0,0,6.67,9.2,0.0,2.67,-2.53,23.96,42.66,38.31,0,0.0
2025,7,hulkenberg,17,76518.0,,,12,imola,sauber,16,14,Lapped,0,10,6,0,,6,14.0,0,16.33,16.0,0.0,0.33,0.33,23.96,42.66,38.31,0,0.0
2025,7,hulkenberg,17,76518.0,,,12,imola,sauber,16,14,Lapped,0,10,6,0,,6,14.0,0,16.33,16.0,0.0,0.33,0.33,23.96,42.66,38.31,0,0.0
2025,7,lawson,16,76379.0,,,14,imola,rb,15,17,Retired,0,8,8,0,,0,18.0,0,15.0,14.8,2.0,-0.33,0.2,23.96,42.66,38.31,0,0.0
2025,7,lawson,16,76379.0,,,14,imola,rb,15,17,Retired,0,8,8,0,,0,18.0,0,15.0,14.8,2.0,-0.33,0.2,23.96,42.66,38.31,0,0.0
2025,7,leclerc,11,76108.0,75604.0,,6,imola,ferrari,8,7,Finished,6,4,94,0,,53,5.0,0,4.67,7.2,0.0,0.0,-2.53,23.96,42.66,38.31,0,0.0
2025,7,leclerc,11,76108.0,75604.0,,6,imola,ferrari,8,7,Finished,6,4,94,0,,53,5.0,0,4.67,7.2,0.0,0.0,-2.53,23.96,42.66,38.31,0,0.0
2025,7,max_verstappen,2,75175.0,75394.0,74704.0,1,imola,red_bull,1,4,Finished,12,3,105,1,34.0,99,3.0,1,4.0,3.4,0.0,-1.0,0.6,23.96,42.66,38.31,0,0.0
2025,7,max_verstappen,2,75175.0,75394.0,74704.0,1,imola,red_bull,1,4,Finished,12,3,105,1,34.0,99,3.0,1,4.0,3.4,0.0,-1.0,0.6,23.96,42.66,38.31,0,0.0
2025,7,norris,4,75894.0,75261.0,74962.0,2,imola,mclaren,2,2,Finished,18,1,246,5,292.0,115,2.0,1,3.0,2.6,0.0,3.0,0.4,23.96,42.66,38.31,0,0.0
2025,7,norris,4,75894.0,75261.0,74962.0,2,imola,mclaren,2,2,Finished,18,1,246,5,292.0,115,2.0,1,3.0,2.6,0.0,3.0,0.4,23.96,42.66,38.31,0,0.0
2025,7,ocon,18,76613.0,,,20,imola,haas,9,12,Finished,0,6,20,0,,14,9.0,0,11.33,11.4,0.0,2.67,-0.07,23.96,42.66,38.31,0,0.0
2025,7,ocon,18,76613.0,,,20,imola,haas,9,12,Finished,0,6,20,0,,14,9.0,0,11.33,11.4,0.0,2.67,-0.07,23.96,42.66,38.31,0,0.0
2025,7,piastri,1,75500.0,75214.0,74670.0,3,imola,mclaren,4,1,Finished,25,1,246,5,0.0,131,1.0,4,1.0,1.4,0.0,1.33,-0.4,23.96,42.66,38.31,0,0.0
2025,7,piastri,1,75500.0,75214.0,74670.0,3,imola,mclaren,4,1,Finished,25,1,246,5,0.0,131,1.0,4,1.0,1.4,0.0,1.33,-0.4,23.96,42.66,38.31,0,0.0
2025,7,russell,3,75852.0,75334.0,74807.0,7,imola,mercedes,5,3,Finished,15,2,141,0,137.0,93,4.0,0,3.33,3.6,0.0,0.33,-0.27,23.96,42.66,38.31,0,0.0
2025,7,russell,3,75852.0,75334.0,74807.0,7,imola,mercedes,5,3,Finished,15,2,141,0,137.0,93,4.0,0,3.33,3.6,0.0,0.33,-0.27,23.96,42.66,38.31,0,0.0
2025,7,sainz,6,75987.0,75198.0,75432.0,8,imola,williams,6,9,Finished,2,5,37,0,762.0,7,13.0,0,12.0,12.0,2.0,-5.33,0.0,23.96,42.66,38.31,0,0.0
2025,7,sainz,6,75987.0,75198.0,75432.0,8,imola,williams,6,9,Finished,2,5,37,0,762.0,7,13.0,0,12.0,12.0,2.0,-5.33,0.0,23.96,42.66,38.31,0,0.0
2025,7,stroll,8,75817.0,75497.0,75581.0,15,imola,aston_martin,18,16,Lapped,0,7,14,0,911.0,14,10.0,0,16.33,15.6,0.0,1.33,0.73,23.96,42.66,38.31,0,0.0
2025,7,stroll,8,75817.0,75497.0,75581.0,15,imola,aston_martin,18,16,Lapped,0,7,14,0,911.0,14,10.0,0,16.33,15.6,0.0,1.33,0.73,23.96,42.66,38.31,0,0.0
2025,7,tsunoda,20,,,,10,imola,red_bull,10,10,Finished,1,3,105,1,,9,11.0,0,12.67,13.2,1.0,-3.33,-0.53,23.96,42.66,38.31,0,0.0
2025,7,tsunoda,20,,,,10,imola,red_bull,10,10,Finished,1,3,105,1,,9,11.0,0,12.67,13.2,1.0,-3.33,-0.53,23.96,42.66,38.31,0,0.0
2025,8,albon,10,71629.0,70732.0,71213.0,9,monaco,williams,7,5,Finished,10,5,51,0,1259.0,40,8.0,0,6.33,8.0,0.0,2.0,-1.67,22.21,43.32,52.52,0,0.0
2025,8,albon,10,71629.0,70732.0,71213.0,9,monaco,williams,7,5,Finished,10,5,51,0,1259.0,40,8.0,0,6.33,8.0,0.0,2.0,-1.67,22.21,43.32,52.52,0,0.0
2025,8,alonso,7,71674.0,71182.0,70924.0,19,monaco,aston_martin,5,11,Finished,0,7,14,0,970.0,0,17.0,0,12.33,12.6,2.0,-0.67,-0.27,22.21,43.32,52.52,0,0.0
2025,8,alonso,7,71674.0,71182.0,70924.0,19,monaco,aston_martin,5,11,Finished,0,7,14,0,970.0,0,17.0,0,12.33,12.6,2.0,-0.67,-0.27,22.21,43.32,52.52,0,0.0
2025,8,antonelli,15,71880.0,,,18,monaco,mercedes,13,19,Retired,0,2,147,0,,48,7.0,0,10.33,9.6,1.0,-3.33,0.73,22.21,43.32,52.52,0,0.0
2025,8,antonelli,15,71880.0,,,18,monaco,mercedes,13,19,Retired,0,2,147,0,,48,7.0,0,10.33,9.6,1.0,-3.33,0.73,22.21,43.32,52.52,0,0.0
2025,8,bearman,17,71979.0,,,12,monaco,haas,19,17,Finished,0,6,20,0,,6,16.0,0,16.33,13.8,1.0,1.33,2.53,22.21,43.32,52.52,0,0.0
2025,8,bearman,17,71979.0,,,12,monaco,haas,19,17,Finished,0,6,20,0,,6,16.0,0,16.33,13.8,1.0,1.33,2.53,22.21,43.32,52.52,0,0.0
2025,8,bortoleto,16,71902.0,,,14,monaco,sauber,14,18,Finished,0,10,6,0,,0,20.0,0,18.0,18.2,2.0,-2.33,-0.2,22.21,43.32,52.52,0,0.0
2025,8,bortoleto,16,71902.0,,,14,monaco,sauber,14,18,Finished,0,10,6,0,,0,20.0,0,18.0,18.2,2.0,-2.33,-0.2,22.21,43.32,52.52,0,0.0
2025,8,colapinto,20,72597.0,,,13,monaco,alpine,16,16,Finished,0,9,7,0,,0,21.0,0,16.0,16.0,0.0,0.0,0.0,22.21,43.32,52.52,0,0.0
2025,8,colapinto,20,72597.0,,,13,monaco,alpine,16,16,Finished,0,9,7,0,,0,21.0,0,16.0,16.0,0.0,0.0,0.0,22.21,43.32,52.52,0,0.0
2025,8,gasly,18,71994.0,,,20,monaco,alpine,10,13,Finished,0,9,7,0,,7,13.0,0,15.33,13.2,1.0,-2.33,2.13,22.21,43.32,52.52,0,0.0
2025,8,gasly,18,71994.0,,,20,monaco,alpine,10,13,Finished,0,9,7,0,,7,13.0,0,15.33,13.2,1.0,-2.33,2.13,22.21,43.32,52.52,0,0.0
2025,8,hadjar,6,71811.0,71040.0,70923.0,6,monaco,rb,9,9,Finished,2,8,10,0,969.0,7,14.0,0,10.0,10.2,1.0,1.33,-0.2,22.21,43.32,52.52,0,0.0
2025,8,hadjar,6,71811.0,71040.0,70923.0,6,monaco,rb,9,9,Finished,2,8,10,0,969.0,7,14.0,0,10.0,10.2,1.0,1.33,-0.2,22.21,43.32,52.52,0,0.0
2025,8,hamilton,4,71575.0,70883.0,70382.0,5,monaco,ferrari,12,4,Finished,12,4,114,0,428.0,53,6.0,0,6.33,6.2,0.0,4.0,0.13,22.21,43.32,52.52,0,0.0
2025,8,hamilton,4,71575.0,70883.0,70382.0,5,monaco,ferrari,12,4,Finished,12,4,114,0,428.0,53,6.0,0,6.33,6.2,0.0,4.0,0.13,22.21,43.32,52.52,0,0.0
2025,8,hulkenberg,13,71871.0,71596.0,,16,monaco,sauber,17,12,Finished,0,10,6,0,,6,15.0,0,13.67,15.4,0.0,3.33,-1.73,22.21,43.32,52.52,0,0.0
2025,8,hulkenberg,13,71871.0,71596.0,,16,monaco,sauber,17,12,Finished,0,10,6,0,,6,15.0,0,13.67,15.4,0.0,3.33,-1.73,22.21,43.32,52.52,0,0.0
2025,8,lawson,9,71818.0,71250.0,71129.0,8,monaco,rb,15,14,Finished,0,8,10,0,1175.0,0,18.0,0,14.33,15.2,2.0,-0.33,-0.87,22.21,43.32,52.52,0,0.0
2025,8,lawson,9,71818.0,71250.0,71129.0,8,monaco,rb,15,14,Finished,0,8,10,0,1175.0,0,18.0,0,14.33,15.2,2.0,-0.33,-0.87,22.21,43.32,52.52,0,0.0
2025,8,leclerc,2,71229.0,70581.0,70063.0,2,monaco,ferrari,11,6,Finished,8,4,114,0,109.0,61,5.0,0,5.33,4.8,0.0,2.33,0.53,22.21,43.32,52.52,0,0.0
2025,8,leclerc,2,71229.0,70581.0,70063.0,2,monaco,ferrari,11,6,Finished,8,4,114,0,109.0,61,5.0,0,5.33,4.8,0.0,2.33,0.53,22.21,43.32,52.52,0,0.0
2025,8,max_verstappen,5,71431.0,70875.0,70669.0,4,monaco,red_bull,2,1,Finished,25,3,131,2,715.0,124,3.0,2,2.33,2.8,0.0,-1.0,-0.47,22.21,43.32,52.52,0,0.0
2025,8,max_verstappen,5,71431.0,70875.0,70669.0,4,monaco,red_bull,2,1,Finished,25,3,131,2,715.0,124,3.0,2,2.33,2.8,0.0,-1.0,-0.47,22.21,43.32,52.52,0,0.0
2025,8,norris,1,71285.0,70570.0,69954.0,1,monaco,mclaren,4,2,Finished,18,1,279,5,0.0,133,2.0,1,2.67,2.6,0.0,2.67,0.07,22.21,43.32,52.52,0,0.0
2025,8,norris,1,71285.0,70570.0,69954.0,1,monaco,mclaren,4,2,Finished,18,1,279,5,0.0,133,2.0,1,2.67,2.6,0.0,2.67,0.07,22.21,43.32,52.52,0,0.0
2025,8,ocon,8,71839.0,71262.0,70942.0,7,monaco,haas,18,20,Retired,0,6,20,0,988.0,14,9.0,0,15.33,14.4,1.0,0.0,0.93,22.21,43.32,52.52,0,0.0
2025,8,ocon,8,71839.0,71262.0,70942.0,7,monaco,haas,18,20,Retired,0,6,20,0,988.0,14,9.0,0,15.33,14.4,1.0,0.0,0.93,22.21,43.32,52.52,0,0.0
2025,8,piastri,3,71308.0,70858.0,70129.0,3,monaco,mclaren,1,3,Finished,15,1,279,5,175.0,146,1.0,4,1.67,1.8,0.0,0.67,-0.13,22.21,43.32,52.52,0,0.0
2025,8,piastri,3,71308.0,70858.0,70129.0,3,monaco,mclaren,1,3,Finished,15,1,279,5,175.0,146,1.0,4,1.67,1.8,0.0,0.67,-0.13,22.21,43.32,52.52,0,0.0
2025,8,russell,14,71507.0,,,11,monaco,mercedes,3,7,Finished,6,2,147,0,,99,4.0,0,5.0,4.4,0.0,-1.33,0.6,22.21,43.32,52.52,0,0.0
2025,8,russell,14,71507.0,,,11,monaco,mercedes,3,7,Finished,6,2,147,0,,99,4.0,0,5.0,4.4,0.0,-1.33,0.6,22.21,43.32,52.52,0,0.0
2025,8,sainz,11,71707.0,71362.0,,10,monaco,williams,6,8,Finished,4,5,51,0,,11,11.0,0,8.33,11.6,2.0,-2.33,-3.27,22.21,43.32,52.52,0,0.0
2025,8,sainz,11,71707.0,71362.0,,10,monaco,williams,6,8,Finished,4,5,51,0,,11,11.0,0,8.33,11.6,2.0,-2.33,-3.27,22.21,43.32,52.52,0,0.0
2025,8,stroll,19,72563.0,,,15,monaco,aston_martin,8,15,Finished,0,7,14,0,,14,10.0,0,15.67,16.8,0.0,-1.67,-1.13,22.21,43.32,52.52,0,0.0
2025,8,stroll,19,72563.0,,,15,monaco,aston_martin,8,15,Finished,0,7,14,0,,14,10.0,0,15.67,16.8,0.0,-1.67,-1.13,22.21,43.32,52.52,0,0.0
2025,8,tsunoda,12,71800.0,71415.0,,17,monaco,red_bull,20,10,Finished,1,3,131,2,,10,12.0,0,13.0,12.0,1.0,-0.33,1.0,22.21,43.32,52.52,0,0.0
2025,8,tsunoda,12,71800.0,71415.0,,17,monaco,red_bull,20,10,Finished,1,3,131,2,,10,12.0,0,13.0,12.0,1.0,-0.33,1.0,22.21,43.32,52.52,0,0.0
2025,9,albon,11,73044.0,72641.0,,19,catalunya,williams,10,9,Lapped,2,5,54,0,,42,8.0,0,6.33,8.0,0.0,1.67,-1.67,29.12,48.54,54.63,0,0.0
2025,9,albon,11,73044.0,72641.0,,19,catalunya,williams,10,9,Lapped,2,5,54,0,,42,8.0,0,6.33,8.0,0.0,1.67,-1.67,29.12,48.54,54.63,0,0.0
2025,9,alonso,10,73102.0,72523.0,72284.0,9,catalunya,aston_martin,6,19,Retired,0,8,14,0,738.0,0,18.0,0,15.0,14.2,3.0,-5.67,0.8,29.12,48.54,54.63,0,0.0
2025,9,alonso,10,73102.0,72523.0,72284.0,9,catalunya,aston_martin,6,19,Retired,0,8,14,0,738.0,0,18.0,0,15.0,14.2,3.0,-5.67,0.8,29.12,48.54,54.63,0,0.0
2025,9,antonelli,6,72815.0,72585.0,72111.0,18,catalunya,mercedes,15,18,Lapped,0,2,147,0,565.0,48,7.0,0,14.33,12.0,1.0,-4.0,2.33,29.12,48.54,54.63,0,0.0
2025,9,antonelli,6,72815.0,72585.0,72111.0,18,catalunya,mercedes,15,18,Lapped,0,2,147,0,565.0,48,7.0,0,14.33,12.0,1.0,-4.0,2.33,29.12,48.54,54.63,0,0.0
2025,9,bearman,15,73074.0,73315.0,,17,catalunya,haas,20,12,Lapped,0,6,26,0,,6,16.0,0,16.0,14.2,1.0,3.33,1.8,29.12,48.54,54.63,0,0.0
2025,9,bearman,15,73074.0,73315.0,,17,catalunya,haas,20,12,Lapped,0,6,26,0,,6,16.0,0,16.0,14.2,1.0,3.33,1.8,29.12,48.54,54.63,0,0.0
2025,9,bortoleto,12,73045.0,72756.0,,12,catalunya,sauber,16,14,Lapped,0,10,6,0,,0,21.0,0,16.67,17.2,2.0,-2.33,-0.53,29.12,48.54,54.63,0,0.0
2025,9,bortoleto,12,73045.0,72756.0,,12,catalunya,sauber,16,14,Lapped,0,10,6,0,,0,21.0,0,16.67,17.2,2.0,-2.33,-0.53,29.12,48.54,54.63,0,0.0
2025,9,colapinto,19,73334.0,,,15,catalunya,alpine,18,13,Lapped,0,9,7,0,,0,20.0,0,14.5,14.5,0.0,2.5,0.0,29.12,48.54,54.63,0,0.0
2025,9,colapinto,19,73334.0,,,15,catalunya,alpine,18,13,Lapped,0,9,7,0,,0,20.0,0,14.5,14.5,0.0,2.5,0.0,29.12,48.54,54.63,0,0.0
2025,9,gasly,8,73081.0,72611.0,72199.0,8,catalunya,alpine,17,20,Retired,0,9,7,0,653.0,7,14.0,0,15.33,14.6,2.0,0.33,0.73,29.12,48.54,54.63,0,0.0
2025,9,gasly,8,73081.0,72611.0,72199.0,8,catalunya,alpine,17,20,Retired,0,9,7,0,653.0,7,14.0,0,15.33,14.6,2.0,0.33,0.73,29.12,48.54,54.63,0,0.0
2025,9,hadjar,9,73139.0,72461.0,72252.0,7,catalunya,rb,5,6,Lapped,8,7,22,0,706.0,15,10.0,0,8.67,9.8,1.0,-0.33,-1.13,29.12,48.54,54.63,0,0.0
2025,9,hadjar,9,73139.0,72461.0,72252.0,7,catalunya,rb,5,6,Lapped,8,7,22,0,706.0,15,10.0,0,8.67,9.8,1.0,-0.33,-1.13,29.12,48.54,54.63,0,0.0
2025,9,hamilton,5,73058.0,72447.0,72045.0,6,catalunya,ferrari,7,5,Finished,10,4,142,0,499.0,63,6.0,0,5.67,5.8,0.0,4.67,-0.13,29.12,48.54,54.63,0,0.0
2025,9,hamilton,5,73058.0,72447.0,72045.0,6,catalunya,ferrari,7,5,Finished,10,4,142,0,499.0,63,6.0,0,5.67,5.8,0.0,4.67,-0.13,29.12,48.54,54.63,0,0.0
2025,9,hulkenberg,16,73190.0,,,5,catalunya,sauber,13,16,Lapped,0,10,6,0,,6,15.0,0,14.0,15.4,0.0,1.33,-1.4,29.12,48.54,54.63,0,0.0
2025,9,hulkenberg,16,73190.0,,,5,catalunya,sauber,13,16,Lapped,0,10,6,0,,6,15.0,0,14.0,15.4,0.0,1.33,-1.4,29.12,48.54,54.63,0,0.0
2025,9,lawson,13,73039.0,72763.0,,11,catalunya,rb,9,8,Lapped,4,7,22,0,,4,17.0,0,13.0,13.4,2.0,0.0,-0.4,29.12,48.54,54.63,0,0.0
2025,9,lawson,13,73039.0,72763.0,,11,catalunya,rb,9,8,Lapped,4,7,22,0,,4,17.0,0,13.0,13.4,2.0,0.0,-0.4,29.12,48.54,54.63,0,0.0
2025,9,leclerc,7,73014.0,72495.0,72131.0,3,catalunya,ferrari,2,2,Finished,18,4,142,0,585.0,79,5.0,0,5.0,4.4,0.0,2.0,0.6,29.12,48.54,54.63,0,0.0
2025,9,leclerc,7,73014.0,72495.0,72131.0,3,catalunya,ferrari,2,2,Finished,18,4,142,0,585.0,79,5.0,0,5.0,4.4,0.0,2.0,0.6,29.12,48.54,54.63,0,0.0
2025,9,max_verstappen,3,72798.0,72358.0,71848.0,10,catalunya,red_bull,4,4,Finished,12,3,143,2,302.0,136,3.0,2,3.0,3.4,0.0,-0.67,-0.4,29.12,48.54,54.63,0,0.0
2025,9,max_verstappen,3,72798.0,72358.0,71848.0,10,catalunya,red_bull,4,4,Finished,12,3,143,2,302.0,136,3.0,2,3.0,3.4,0.0,-0.67,-0.4,29.12,48.54,54.63,0,0.0
2025,9,norris,2,72799.0,72056.0,71755.0,2,catalunya,mclaren,1,1,Finished,25,1,319,6,209.0,158,2.0,2,1.67,2.4,0.0,0.67,-0.73,29.12,48.54,54.63,0,0.0
2025,9,norris,2,72799.0,72056.0,71755.0,2,catalunya,mclaren,1,1,Finished,25,1,319,6,209.0,158,2.0,2,1.67,2.4,0.0,0.67,-0.73,29.12,48.54,54.63,0,0.0
2025,9,ocon,17,73201.0,,,16,catalunya,haas,8,7,Lapped,6,6,26,0,,20,9.0,0,13.0,12.2,1.0,-1.33,0.8,29.12,48.54,54.63,0,0.0
2025,9,ocon,17,73201.0,,,16,catalunya,haas,8,7,Lapped,6,6,26,0,,20,9.0,0,13.0,12.2,1.0,-1.33,0.8,29.12,48.54,54.63,0,0.0
2025,9,piastri,1,72551.0,71998.0,71546.0,1,catalunya,mclaren,3,3,Finished,15,1,319,6,0.0,161,1.0,4,2.33,1.8,0.0,0.33,0.53,29.12,48.54,54.63,0,0.0
2025,9,piastri,1,72551.0,71998.0,71546.0,1,catalunya,mclaren,3,3,Finished,15,1,319,6,0.0,161,1.0,4,2.33,1.8,0.0,0.33,0.53,29.12,48.54,54.63,0,0.0
2025,9,russell,4,72806.0,72407.0,71848.0,4,catalunya,mercedes,14,11,Lapped,0,2,147,0,302.0,99,4.0,0,7.0,5.6,0.0,0.33,1.4,29.12,48.54,54.63,0,0.0
2025,9,russell,4,72806.0,72407.0,71848.0,4,catalunya,mercedes,14,11,Lapped,0,2,147,0,302.0,99,4.0,0,7.0,5.6,0.0,0.33,1.4,29.12,48.54,54.63,0,0.0
2025,9,sainz,18,73203.0,,,14,catalunya,williams,11,10,Lapped,1,5,54,0,,12,12.0,0,9.0,10.8,2.0,-1.33,-1.8,29.12,48.54,54.63,0,0.0
2025,9,sainz,18,73203.0,,,14,catalunya,williams,11,10,Lapped,1,5,54,0,,12,12.0,0,9.0,10.8,2.0,-1.33,-1.8,29.12,48.54,54.63,0,0.0
2025,9,tsunoda,20,73385.0,,,13,catalunya,red_bull,12,17,Lapped,0,3,143,2,,10,13.0,0,12.33,13.0,1.0,1.67,-0.67,29.12,48.54,54.63,0,0.0
2025,9,tsunoda,20,73385.0,,,13,catalunya,red_bull,12,17,Lapped,0,3,143,2,,10,13.0,0,12.33,13.0,1.0,1.67,-0.67,29.12,48.54,54.63,0,0.0
2025,10,albon,10,72090.0,71892.0,71907.0,20,villeneuve,williams,11,19,Retired,0,5,54,0,1008.0,42,8.0,0,11.0,9.4,1.0,-1.67,1.6,24.04,49.25,27.98,0,0.6
2025,10,albon,10,72090.0,71892.0,71907.0,20,villeneuve,williams,11,19,Retired,0,5,54,0,1008.0,42,8.0,0,11.0,9.4,1.0,-1.67,1.6,24.04,49.25,27.98,0,0.6
2025,10,alonso,6,72073.0,71805.0,71586.0,7,villeneuve,aston_martin,10,9,Finished,2,9,16,0,687.0,2,18.0,0,13.0,13.0,3.0,-6.0,0.0,24.04,49.25,27.98,0,0.6
2025,10,alonso,6,72073.0,71805.0,71586.0,7,villeneuve,aston_martin,10,9,Finished,2,9,16,0,687.0,2,18.0,0,13.0,13.0,3.0,-6.0,0.0,24.04,49.25,27.98,0,0.6
2025,10,antonelli,4,72279.0,71974.0,71391.0,3,villeneuve,mercedes,6,18,Retired,0,3,159,0,492.0,48,7.0,0,18.33,13.4,2.0,-7.0,4.93,24.04,49.25,27.98,0,0.6
2025,10,antonelli,4,72279.0,71974.0,71391.0,3,villeneuve,mercedes,6,18,Retired,0,3,159,0,492.0,48,7.0,0,18.33,13.4,2.0,-7.0,4.93,24.04,49.25,27.98,0,0.6
2025,10,bearman,14,72306.0,72340.0,,11,villeneuve,haas,14,17,Finished,0,7,26,0,,6,16.0,0,15.33,15.6,1.0,2.33,-0.27,24.04,49.25,27.98,0,0.6
2025,10,bearman,14,72306.0,72340.0,,11,villeneuve,haas,14,17,Finished,0,7,26,0,,6,16.0,0,15.33,15.6,1.0,2.33,-0.27,24.04,49.25,27.98,0,0.6
2025,10,bortoleto,16,72385.0,,,14,villeneuve,sauber,12,12,Finished,0,8,16,0,,0,19.0,0,14.67,16.0,2.0,-0.67,-1.33,24.04,49.25,27.98,0,0.6
2025,10,bortoleto,16,72385.0,,,14,villeneuve,sauber,12,12,Finished,0,8,16,0,,0,19.0,0,14.67,16.0,2.0,-0.67,-1.33,24.04,49.25,27.98,0,0.6
2025,10,colapinto,12,72234.0,72142.0,,13,villeneuve,alpine,18,15,Finished,0,10,11,0,,0,21.0,0,14.67,14.67,0.0,2.67,0.0,24.04,49.25,27.98,0,0.6
2025,10,colapinto,12,72234.0,72142.0,,13,villeneuve,alpine,18,15,Finished,0,10,11,0,,0,21.0,0,14.67,14.67,0.0,2.67,0.0,24.04,49.25,27.98,0,0.6
2025,10,gasly,20,72667.0,,,15,villeneuve,alpine,8,8,Finished,4,10,11,0,,11,14.0,0,13.67,14.8,2.0,-2.0,-1.13,24.04,49.25,27.98,0,0.6
2025,10,gasly,20,72667.0,,,15,villeneuve,alpine,8,8,Finished,4,10,11,0,,11,14.0,0,13.67,14.8,2.0,-2.0,-1.13,24.04,49.25,27.98,0,0.6
2025,10,hadjar,9,72211.0,72003.0,71867.0,16,villeneuve,rb,9,7,Finished,6,6,28,0,968.0,21,9.0,0,7.33,8.6,1.0,0.33,-1.27,24.04,49.25,27.98,0,0.6
2025,10,hadjar,9,72211.0,72003.0,71867.0,16,villeneuve,rb,9,7,Finished,6,6,28,0,968.0,21,9.0,0,7.33,8.6,1.0,0.33,-1.27,24.04,49.25,27.98,0,0.6
2025,10,hamilton,5,71952.0,71885.0,71526.0,6,villeneuve,ferrari,5,6,Finished,8,2,165,0,627.0,71,6.0,0,5.0,6.0,0.0,3.0,-1.0,24.04,49.25,27.98,0,0.6
2025,10,hamilton,5,71952.0,71885.0,71526.0,6,villeneuve,ferrari,5,6,Finished,8,2,165,0,627.0,71,6.0,0,5.0,6.0,0.0,3.0,-1.0,24.04,49.25,27.98,0,0.6
2025,10,hulkenberg,13,72323.0,72183.0,,8,villeneuve,sauber,15,5,Finished,10,8,16,0,,16,11.0,0,11.0,12.4,0.0,4.0,-1.4,24.04,49.25,27.98,0,0.6
2025,10,hulkenberg,13,72323.0,72183.0,,8,villeneuve,sauber,15,5,Finished,10,8,16,0,,16,11.0,0,11.0,12.4,0.0,4.0,-1.4,24.04,49.25,27.98,0,0.6
2025,10,lawson,19,72525.0,,,19,villeneuve,rb,13,11,Finished,0,6,28,0,,4,17.0,0,11.0,12.4,2.0,1.33,-1.4,24.04,49.25,27.98,0,0.6
2025,10,lawson,19,72525.0,,,19,villeneuve,rb,13,11,Finished,0,6,28,0,,4,17.0,0,11.0,12.4,2.0,1.33,-1.4,24.04,49.25,27.98,0,0.6
2025,10,leclerc,8,72038.0,71626.0,71682.0,5,villeneuve,ferrari,7,3,Finished,15,2,165,0,783.0,94,5.0,0,3.67,4.2,0.0,3.0,-0.53,24.04,49.25,27.98,0,0.6
2025,10,leclerc,8,72038.0,71626.0,71682.0,5,villeneuve,ferrari,7,3,Finished,15,2,165,0,783.0,94,5.0,0,3.67,4.2,0.0,3.0,-0.53,24.04,49.25,27.98,0,0.6
2025,10,max_verstappen,2,72054.0,71638.0,71059.0,2,villeneuve,red_bull,3,10,Finished,1,4,144,2,160.0,137,3.0,2,5.0,4.2,0.0,-2.0,0.8,24.04,49.25,27.98,0,0.6
2025,10,max_verstappen,2,72054.0,71638.0,71059.0,2,villeneuve,red_bull,3,10,Finished,1,4,144,2,160.0,137,3.0,2,5.0,4.2,0.0,-2.0,0.8,24.04,49.25,27.98,0,0.6
2025,10,norris,7,71826.0,71599.0,71625.0,18,villeneuve,mclaren,2,2,Finished,18,1,362,7,726.0,176,2.0,2,1.67,2.2,0.0,0.67,-0.53,24.04,49.25,27.98,0,0.6
2025,10,norris,7,71826.0,71599.0,71625.0,18,villeneuve,mclaren,2,2,Finished,18,1,362,7,726.0,176,2.0,2,1.67,2.2,0.0,0.67,-0.53,24.04,49.25,27.98,0,0.6
2025,10,ocon,15,72378.0,72634.0,,9,villeneuve,haas,16,16,Finished,0,7,26,0,,20,10.0,0,14.33,13.8,1.0,-0.33,0.53,24.04,49.25,27.98,0,0.6
2025,10,ocon,15,72378.0,72634.0,,9,villeneuve,haas,16,16,Finished,0,7,26,0,,20,10.0,0,14.33,13.8,1.0,-0.33,0.53,24.04,49.25,27.98,0,0.6
2025,10,piastri,3,71939.0,71715.0,71120.0,4,villeneuve,mclaren,1,1,Finished,25,1,362,7,221.0,186,1.0,5,2.33,1.8,0.0,-0.67,0.53,24.04,49.25,27.98,0,0.6
2025,10,piastri,3,71939.0,71715.0,71120.0,4,villeneuve,mclaren,1,1,Finished,25,1,362,7,221.0,186,1.0,5,2.33,1.8,0.0,-0.67,0.53,24.04,49.25,27.98,0,0.6
2025,10,russell,1,72075.0,71570.0,70899.0,1,villeneuve,mercedes,4,4,Finished,12,3,159,0,0.0,111,4.0,0,7.33,6.0,0.0,-0.33,1.33,24.04,49.25,27.98,0,0.6
2025,10,russell,1,72075.0,71570.0,70899.0,1,villeneuve,mercedes,4,4,Finished,12,3,159,0,0.0,111,4.0,0,7.33,6.0,0.0,-0.33,1.33,24.04,49.25,27.98,0,0.6
2025,10,sainz,17,72398.0,,,10,villeneuve,williams,17,14,Finished,0,5,54,0,,12,13.0,0,10.67,9.8,2.0,0.67,0.87,24.04,49.25,27.98,0,0.6
2025,10,sainz,17,72398.0,,,10,villeneuve,williams,17,14,Finished,0,5,54,0,,12,13.0,0,10.67,9.8,2.0,0.67,0.87,24.04,49.25,27.98,0,0.6
2025,10,stroll,18,72517.0,,,17,villeneuve,aston_martin,,,,,9,16,0,,14,12.0,0,15.33,15.8,0.0,-0.33,-0.47,24.04,49.25,27.98,0,0.6
2025,10,stroll,18,72517.0,,,17,villeneuve,aston_martin,,,,,9,16,0,,14,12.0,0,15.33,15.8,0.0,-0.33,-0.47,24.04,49.25,27.98,0,0.6
2025,10,tsunoda,11,72334.0,72102.0,,12,villeneuve,red_bull,19,13,Finished,0,4,144,2,,10,15.0,0,13.33,13.8,1.0,3.67,-0.47,24.04,49.25,27.98,0,0.6
2025,10,tsunoda,11,72334.0,72102.0,,12,villeneuve,red_bull,19,13,Finished,0,4,144,2,,10,15.0,0,13.33,13.8,1.0,3.67,-0.47,24.04,49.25,27.98,0,0.6
2025,11,albon,12,65143.0,65205.0,,17,red_bull_ring,williams,9,20,Retired,0,5,55,0,,42,8.0,0,16.0,11.6,2.0,-6.0,4.4,30.35,49.17,31.98,0,0.0
2025,11,albon,12,65143.0,65205.0,,17,red_bull_ring,williams,9,20,Retired,0,5,55,0,,42,8.0,0,16.0,11.6,2.0,-6.0,4.4,30.35,49.17,31.98,0,0.0
2025,11,alonso,11,65197.0,65128.0,,7,red_bull_ring,aston_martin,6,7,Finished,6,8,22,0,,8,16.0,0,11.67,12.2,3.0,-4.33,-0.53,30.35,49.17,31.98,0,0.0
2025,11,alonso,11,65197.0,65128.0,,7,red_bull_ring,aston_martin,6,7,Finished,6,8,22,0,,8,16.0,0,11.67,12.2,3.0,-4.33,-0.53,30.35,49.17,31.98,0,0.0
2025,11,antonelli,9,65178.0,65052.0,65276.0,19,red_bull_ring,mercedes,4,3,Finished,15,2,199,1,1305.0,63,7.0,0,13.0,12.8,2.0,-4.67,0.2,30.35,49.17,31.98,0,0.0
2025,11,antonelli,9,65178.0,65052.0,65276.0,19,red_bull_ring,mercedes,4,3,Finished,15,2,199,1,1305.0,63,7.0,0,13.0,12.8,2.0,-4.67,0.2,30.35,49.17,31.98,0,0.0
2025,11,bearman,15,65218.0,65312.0,,11,red_bull_ring,haas,13,11,Lapped,0,6,28,0,,6,17.0,0,13.33,15.2,1.0,2.33,-1.87,30.35,49.17,31.98,0,0.0
2025,11,bearman,15,65218.0,65312.0,,11,red_bull_ring,haas,13,11,Lapped,0,6,28,0,,6,17.0,0,13.33,15.2,1.0,2.33,-1.87,30.35,49.17,31.98,0,0.0
2025,11,bortoleto,8,65123.0,64846.0,65132.0,8,red_bull_ring,sauber,15,14,Lapped,0,9,20,0,1161.0,0,19.0,0,13.33,15.2,2.0,1.0,-1.87,30.35,49.17,31.98,0,0.0
2025,11,bortoleto,8,65123.0,64846.0,65132.0,8,red_bull_ring,sauber,15,14,Lapped,0,9,20,0,1161.0,0,19.0,0,13.33,15.2,2.0,1.0,-1.87,30.35,49.17,31.98,0,0.0
2025,11,colapinto,14,65278.0,65288.0,,15,red_bull_ring,alpine,10,13,Lapped,0,10,11,0,,0,20.0,0,13.67,14.25,0.0,1.67,-0.58,30.35,49.17,31.98,0,0.0
2025,11,colapinto,14,65278.0,65288.0,,15,red_bull_ring,alpine,10,13,Lapped,0,10,11,0,,0,20.0,0,13.67,14.25,0.0,1.67,-0.58,30.35,49.17,31.98,0,0.0
2025,11,gasly,10,65054.0,64846.0,65649.0,13,red_bull_ring,alpine,20,15,Lapped,0,10,11,0,1678.0,11,14.0,0,14.33,13.8,2.0,0.67,0.53,30.35,49.17,31.98,0,0.0
2025,11,gasly,10,65054.0,64846.0,65649.0,13,red_bull_ring,alpine,20,15,Lapped,0,10,11,0,1678.0,11,14.0,0,14.33,13.8,2.0,0.67,0.53,30.35,49.17,31.98,0,0.0
2025,11,hadjar,13,65063.0,65226.0,,12,red_bull_ring,rb,12,16,Lapped,0,7,28,0,,21,10.0,0,9.67,9.8,1.0,-1.0,-0.13,30.35,49.17,31.98,0,0.0
2025,11,hadjar,13,65063.0,65226.0,,12,red_bull_ring,rb,12,16,Lapped,0,7,28,0,,21,10.0,0,9.67,9.8,1.0,-1.0,-0.13,30.35,49.17,31.98,0,0.0
2025,11,hamilton,4,65115.0,64896.0,64582.0,4,red_bull_ring,ferrari,5,6,Finished,8,3,183,0,611.0,79,6.0,0,5.67,5.8,0.0,0.0,-0.13,30.35,49.17,31.98,0,0.0
2025,11,hamilton,4,65115.0,64896.0,64582.0,4,red_bull_ring,ferrari,5,6,Finished,8,3,183,0,611.0,79,6.0,0,5.67,5.8,0.0,0.0,-0.13,30.35,49.17,31.98,0,0.0
2025,11,hulkenberg,20,65606.0,,,9,red_bull_ring,sauber,11,8,Finished,4,9,20,0,,20,11.0,0,9.67,11.0,0.0,3.33,-1.33,30.35,49.17,31.98,0,0.0
2025,11,hulkenberg,20,65606.0,,,9,red_bull_ring,sauber,11,8,Finished,4,9,20,0,,20,11.0,0,9.67,11.0,0.0,3.33,-1.33,30.35,49.17,31.98,0,0.0
2025,11,lawson,6,65017.0,65041.0,64926.0,6,red_bull_ring,rb,19,19,Retired,0,7,28,0,955.0,4,18.0,0,12.67,13.8,3.0,1.0,-1.13,30.35,49.17,31.98,0,0.0
2025,11,lawson,6,65017.0,65041.0,64926.0,6,red_bull_ring,rb,19,19,Retired,0,7,28,0,955.0,4,18.0,0,12.67,13.8,3.0,1.0,-1.13,30.35,49.17,31.98,0,0.0
2025,11,leclerc,2,65197.0,64734.0,64492.0,3,red_bull_ring,ferrari,8,5,Finished,10,3,183,0,521.0,104,5.0,0,3.33,4.6,0.0,2.33,-1.27,30.35,49.17,31.98,0,0.0
2025,11,leclerc,2,65197.0,64734.0,64492.0,3,red_bull_ring,ferrari,8,5,Finished,10,3,183,0,521.0,104,5.0,0,3.33,4.6,0.0,2.33,-1.27,30.35,49.17,31.98,0,0.0
2025,11,max_verstappen,7,65106.0,64836.0,64929.0,18,red_bull_ring,red_bull,2,2,Finished,18,4,162,2,958.0,155,3.0,2,5.33,4.2,0.0,-2.33,1.13,30.35,49.17,31.98,0,0.0
2025,11,max_verstappen,7,65106.0,64836.0,64929.0,18,red_bull_ring,red_bull,2,2,Finished,18,4,162,2,958.0,155,3.0,2,5.33,4.2,0.0,-2.33,1.13,30.35,49.17,31.98,0,0.0
2025,11,norris,1,64672.0,64410.0,63971.0,1,red_bull_ring,mclaren,7,18,Retired,0,1,374,7,0.0,176,2.0,2,7.0,5.0,1.0,-3.67,2.0,30.35,49.17,31.98,0,0.0
2025,11,norris,1,64672.0,64410.0,63971.0,1,red_bull_ring,mclaren,7,18,Retired,0,1,374,7,0.0,176,2.0,2,7.0,5.0,1.0,-3.67,2.0,30.35,49.17,31.98,0,0.0
2025,11,ocon,17,65364.0,,,10,red_bull_ring,haas,14,9,Lapped,2,6,28,0,,22,9.0,0,10.67,12.8,1.0,2.0,-2.13,30.35,49.17,31.98,0,0.0
2025,11,ocon,17,65364.0,,,10,red_bull_ring,haas,14,9,Lapped,2,6,28,0,,22,9.0,0,10.67,12.8,1.0,2.0,-2.13,30.35,49.17,31.98,0,0.0
2025,11,piastri,3,64966.0,64556.0,64554.0,2,red_bull_ring,mclaren,3,4,Finished,12,1,374,7,583.0,198,1.0,5,2.67,2.4,0.0,-0.33,0.27,30.35,49.17,31.98,0,0.0
2025,11,piastri,3,64966.0,64556.0,64554.0,2,red_bull_ring,mclaren,3,4,Finished,12,1,374,7,583.0,198,1.0,5,2.67,2.4,0.0,-0.33,0.27,30.35,49.17,31.98,0,0.0
2025,11,russell,5,65189.0,64860.0,64763.0,5,red_bull_ring,mercedes,1,1,Finished,25,2,199,1,792.0,136,4.0,1,5.33,5.2,0.0,1.0,0.13,30.35,49.17,31.98,0,0.0
2025,11,russell,5,65189.0,64860.0,64763.0,5,red_bull_ring,mercedes,1,1,Finished,25,2,199,1,792.0,136,4.0,1,5.33,5.2,0.0,1.0,0.13,30.35,49.17,31.98,0,0.0
2025,11,sainz,19,65582.0,,,20,red_bull_ring,williams,16,10,Lapped,1,5,55,0,,13,13.0,0,11.33,10.2,2.0,3.33,1.13,30.35,49.17,31.98,0,0.0
2025,11,sainz,19,65582.0,,,20,red_bull_ring,williams,16,10,Lapped,1,5,55,0,,13,13.0,0,11.33,10.2,2.0,3.33,1.13,30.35,49.17,31.98,0,0.0
2025,11,stroll,16,65329.0,,,14,red_bull_ring,aston_martin,17,17,Lapped,0,8,22,0,,14,12.0,0,15.67,15.8,0.0,-1.0,-0.13,30.35,49.17,31.98,0,0.0
2025,11,stroll,16,65329.0,,,14,red_bull_ring,aston_martin,17,17,Lapped,0,8,22,0,,14,12.0,0,15.67,15.8,0.0,-1.0,-0.13,30.35,49.17,31.98,0,0.0
2025,11,tsunoda,18,65369.0,,,16,red_bull_ring,red_bull,18,12,Lapped,0,4,162,2,,10,15.0,0,14.0,12.4,1.0,2.33,1.6,30.35,49.17,31.98,0,0.0
2025,11,tsunoda,18,65369.0,,,16,red_bull_ring,red_bull,18,12,Lapped,0,4,162,2,,10,15.0,0,14.0,12.4,1.0,2.33,1.6,30.35,49.17,31.98,0,0.0
2025,12,albon,14,86093.0,85889.0,,8,silverstone,williams,12,17,Retired,0,5,55,0,,42,8.0,0,18.67,14.0,3.0,-8.0,4.67,17.92,23.58,78.37,0,18.1
2025,12,albon,14,86093.0,85889.0,,8,silverstone,williams,12,17,Retired,0,5,55,0,,42,8.0,0,18.67,14.0,3.0,-8.0,4.67,17.92,23.58,78.37,0,18.1
2025,12,alonso,9,86108.0,85593.0,85621.0,9,silverstone,aston_martin,11,7,Lapped,6,8,28,0,729.0,14,13.0,0,7.67,10.6,3.0,1.33,-2.93,17.92,23.58,78.37,0,18.1
2025,12,alonso,9,86108.0,85593.0,85621.0,9,silverstone,aston_martin,11,7,Lapped,6,8,28,0,729.0,14,13.0,0,7.67,10.6,3.0,1.33,-2.93,17.92,23.58,78.37,0,18.1
2025,12,antonelli,7,86265.0,85620.0,85374.0,16,silverstone,mercedes,9,19,Retired,0,3,209,1,482.0,63,7.0,0,13.33,15.4,3.0,-7.0,-2.07,17.92,23.58,78.37,0,18.1
2025,12,antonelli,7,86265.0,85620.0,85374.0,16,silverstone,mercedes,9,19,Retired,0,3,209,1,482.0,63,7.0,0,13.33,15.4,3.0,-7.0,-2.07,17.92,23.58,78.37,0,18.1
2025,12,bearman,8,86005.0,85534.0,85471.0,11,silverstone,haas,15,11,Lapped,0,7,29,0,579.0,6,18.0,0,13.0,13.6,1.0,1.0,-0.6,17.92,23.58,78.37,0,18.1
2025,12,bearman,8,86005.0,85534.0,85471.0,11,silverstone,haas,15,11,Lapped,0,7,29,0,579.0,6,18.0,0,13.0,13.6,1.0,1.0,-0.6,17.92,23.58,78.37,0,18.1
2025,12,bortoleto,17,86446.0,,,18,silverstone,sauber,8,8,Lapped,4,9,26,0,,4,19.0,0,11.33,13.2,2.0,0.33,-1.87,17.92,23.58,78.37,0,18.1
2025,12,bortoleto,17,86446.0,,,18,silverstone,sauber,8,8,Lapped,4,9,26,0,,4,19.0,0,11.33,13.2,2.0,0.33,-1.87,17.92,23.58,78.37,0,18.1
2025,12,colapinto,20,87060.0,,,20,silverstone,alpine,14,15,Lapped,0,10,11,0,,0,20.0,0,14.33,14.4,0.0,-0.33,-0.07,17.92,23.58,78.37,0,18.1
2025,12,colapinto,20,87060.0,,,20,silverstone,alpine,14,15,Lapped,0,10,11,0,,0,20.0,0,14.33,14.4,0.0,-0.33,-0.07,17.92,23.58,78.37,0,18.1
2025,12,gasly,10,86328.0,85711.0,85785.0,6,silverstone,alpine,10,13,Lapped,0,10,11,0,893.0,11,16.0,0,12.0,13.8,2.0,0.67,-1.8,17.92,23.58,78.37,0,18.1
2025,12,gasly,10,86328.0,85711.0,85785.0,6,silverstone,alpine,10,13,Lapped,0,10,11,0,893.0,11,16.0,0,12.0,13.8,2.0,0.67,-1.8,17.92,23.58,78.37,0,18.1
2025,12,hadjar,13,86177.0,85864.0,,17,silverstone,rb,13,12,Lapped,0,6,36,0,,21,11.0,0,11.67,10.0,1.0,-0.33,1.67,17.92,23.58,78.37,0,18.1
2025,12,hadjar,13,86177.0,85864.0,,17,silverstone,rb,13,12,Lapped,0,6,36,0,,21,11.0,0,11.67,10.0,1.0,-0.33,1.67,17.92,23.58,78.37,0,18.1
2025,12,hamilton,5,86296.0,85084.0,85095.0,4,silverstone,ferrari,4,4,Finished,12,2,210,0,203.0,91,6.0,0,5.33,5.0,0.0,-0.67,0.33,17.92,23.58,78.37,0,18.1
2025,12,hamilton,5,86296.0,85084.0,85095.0,4,silverstone,ferrari,4,4,Finished,12,2,210,0,203.0,91,6.0,0,5.33,5.0,0.0,-0.67,0.33,17.92,23.58,78.37,0,18.1
2025,12,hulkenberg,19,86574.0,,,3,silverstone,sauber,20,9,Lapped,2,9,26,0,,22,10.0,0,7.33,10.0,0.0,8.0,-2.67,17.92,23.58,78.37,0,18.1
2025,12,hulkenberg,19,86574.0,,,3,silverstone,sauber,20,9,Lapped,2,9,26,0,,22,10.0,0,7.33,10.0,0.0,8.0,-2.67,17.92,23.58,78.37,0,18.1
2025,12,lawson,16,86440.0,,,19,silverstone,rb,6,6,Finished,8,6,36,0,,12,15.0,0,12.0,11.6,3.0,0.67,0.4,17.92,23.58,78.37,0,18.1
2025,12,lawson,16,86440.0,,,19,silverstone,rb,6,6,Finished,8,6,36,0,,12,15.0,0,12.0,11.6,3.0,0.67,0.4,17.92,23.58,78.37,0,18.1
2025,12,leclerc,6,86186.0,85133.0,85121.0,14,silverstone,ferrari,2,3,Finished,15,2,210,0,229.0,119,5.0,0,3.67,3.8,0.0,2.0,-0.13,17.92,23.58,78.37,0,18.1
2025,12,leclerc,6,86186.0,85133.0,85121.0,14,silverstone,ferrari,2,3,Finished,15,2,210,0,229.0,119,5.0,0,3.67,3.8,0.0,2.0,-0.13,17.92,23.58,78.37,0,18.1
2025,12,max_verstappen,1,85886.0,85316.0,84892.0,5,silverstone,red_bull,7,18,Retired,0,4,162,2,0.0,155,3.0,2,10.0,7.0,1.0,-6.0,3.0,17.92,23.58,78.37,0,18.1
2025,12,max_verstappen,1,85886.0,85316.0,84892.0,5,silverstone,red_bull,7,18,Retired,0,4,162,2,0.0,155,3.0,2,10.0,7.0,1.0,-6.0,3.0,17.92,23.58,78.37,0,18.1
2025,12,norris,3,86123.0,85231.0,85010.0,1,silverstone,mclaren,1,1,Finished,25,1,417,8,118.0,201,2.0,3,7.0,4.8,1.0,-3.67,2.2,17.92,23.58,78.37,0,18.1
2025,12,norris,3,86123.0,85231.0,85010.0,1,silverstone,mclaren,1,1,Finished,25,1,417,8,118.0,201,2.0,3,7.0,4.8,1.0,-3.67,2.2,17.92,23.58,78.37,0,18.1
2025,12,ocon,15,86136.0,85950.0,,13,silverstone,haas,17,10,Lapped,1,7,29,0,,23,9.0,0,11.67,12.4,1.0,4.0,-0.73,17.92,23.58,78.37,0,18.1
2025,12,ocon,15,86136.0,85950.0,,13,silverstone,haas,17,10,Lapped,1,7,29,0,,23,9.0,0,11.67,12.4,1.0,4.0,-0.73,17.92,23.58,78.37,0,18.1
2025,12,piastri,2,85963.0,85316.0,84995.0,2,silverstone,mclaren,3,2,Finished,18,1,417,8,103.0,216,1.0,5,2.33,2.6,0.0,0.0,-0.27,17.92,23.58,78.37,0,18.1
2025,12,piastri,2,85963.0,85316.0,84995.0,2,silverstone,mclaren,3,2,Finished,18,1,417,8,103.0,216,1.0,5,2.33,2.6,0.0,0.0,-0.27,17.92,23.58,78.37,0,18.1
2025,12,russell,4,86236.0,85637.0,85029.0,10,silverstone,mercedes,5,5,Finished,10,3,209,1,137.0,146,4.0,1,3.33,5.6,0.0,0.0,-2.27,17.92,23.58,78.37,0,18.1
2025,12,russell,4,86236.0,85637.0,85029.0,10,silverstone,mercedes,5,5,Finished,10,3,209,1,137.0,146,4.0,1,3.33,5.6,0.0,0.0,-2.27,17.92,23.58,78.37,0,18.1
2025,12,sainz,11,86175.0,85746.0,,12,silverstone,williams,19,20,Did not start,0,5,55,0,,13,14.0,0,14.67,12.4,2.0,2.67,2.27,17.92,23.58,78.37,0,18.1
2025,12,sainz,11,86175.0,85746.0,,12,silverstone,williams,19,20,Did not start,0,5,55,0,,13,14.0,0,14.67,12.4,2.0,2.67,2.27,17.92,23.58,78.37,0,18.1
2025,12,stroll,18,86504.0,,,7,silverstone,aston_martin,16,14,Lapped,0,8,28,0,,14,12.0,0,15.33,15.4,0.0,2.0,-0.07,17.92,23.58,78.37,0,18.1
2025,12,stroll,18,86504.0,,,7,silverstone,aston_martin,16,14,Lapped,0,8,28,0,,14,12.0,0,15.33,15.4,0.0,2.0,-0.07,17.92,23.58,78.37,0,18.1
2025,12,tsunoda,12,86275.0,85826.0,,15,silverstone,red_bull,18,16,Lapped,0,4,162,2,,10,17.0,0,13.67,13.6,1.0,4.67,0.07,17.92,23.58,78.37,0,18.1
2025,12,tsunoda,12,86275.0,85826.0,,15,silverstone,red_bull,18,16,Lapped,0,4,162,2,,10,17.0,0,13.67,13.6,1.0,4.67,0.07,17.92,23.58,78.37,0,18.1
2025,13,albon,5,101772.0,101505.0,101201.0,6,spa,williams,13,8,Finished,4,5,59,0,639.0,46,8.0,0,15.0,14.6,3.0,-3.67,0.4,17.03,24.09,84.44,0,45.7
2025,13,albon,5,101772.0,101505.0,101201.0,6,spa,williams,13,8,Finished,4,5,59,0,639.0,46,8.0,0,15.0,14.6,3.0,-3.67,0.4,17.03,24.09,84.44,0,45.7
2025,13,alonso,19,102385.0,,,17,spa,aston_martin,7,9,Finished,2,8,36,0,,16,14.0,0,7.67,10.2,3.0,0.33,-2.53,17.03,24.09,84.44,0,45.7
2025,13,alonso,19,102385.0,,,17,spa,aston_martin,7,9,Finished,2,8,36,0,,16,14.0,0,7.67,10.2,3.0,0.33,-2.53,17.03,24.09,84.44,0,45.7
2025,13,antonelli,18,102139.0,,,16,spa,mercedes,10,16,Retired,0,3,210,1,,63,7.0,0,12.67,14.8,4.0,-5.0,-2.13,17.03,24.09,84.44,0,45.7
2025,13,antonelli,18,102139.0,,,16,spa,mercedes,10,16,Retired,0,3,210,1,,63,7.0,0,12.67,14.8,4.0,-5.0,-2.13,17.03,24.09,84.44,0,45.7
2025,13,bearman,12,101617.0,101617.0,,11,spa,haas,18,11,Finished,0,9,29,0,,6,18.0,0,11.0,12.4,1.0,4.33,-1.4,17.03,24.09,84.44,0,45.7
2025,13,bearman,12,101617.0,101617.0,,11,spa,haas,18,11,Finished,0,9,29,0,,6,18.0,0,11.0,12.4,1.0,4.33,-1.4,17.03,24.09,84.44,0,45.7
2025,13,bortoleto,10,101908.0,101336.0,102387.0,9,spa,sauber,16,18,Retired,0,6,41,0,1825.0,4,19.0,0,13.33,13.2,3.0,-0.33,0.13,17.03,24.09,84.44,0,45.7
2025,13,bortoleto,10,101908.0,101336.0,102387.0,9,spa,sauber,16,18,Retired,0,6,41,0,1825.0,4,19.0,0,13.33,13.2,3.0,-0.33,0.13,17.03,24.09,84.44,0,45.7
2025,13,colapinto,17,102022.0,,,19,spa,alpine,20,20,Did not start,0,10,19,0,,0,20.0,0,16.0,15.2,0.0,-1.33,0.8,17.03,24.09,84.44,0,45.7
2025,13,colapinto,17,102022.0,,,19,spa,alpine,20,20,Did not start,0,10,19,0,,0,20.0,0,16.0,15.2,0.0,-1.33,0.8,17.03,24.09,84.44,0,45.7
2025,13,gasly,13,101800.0,101633.0,,10,spa,alpine,8,6,Finished,8,10,19,0,,19,13.0,0,11.33,12.4,2.0,1.33,-1.07,17.03,24.09,84.44,0,45.7
2025,13,gasly,13,101800.0,101633.0,,10,spa,alpine,8,6,Finished,8,10,19,0,,19,13.0,0,11.33,12.4,2.0,1.33,-1.07,17.03,24.09,84.44,0,45.7
2025,13,hadjar,8,101572.0,101281.0,101310.0,20,spa,rb,12,17,Retired,0,7,36,0,748.0,21,11.0,0,15.0,11.6,2.0,-2.67,3.4,17.03,24.09,84.44,0,45.7
2025,13,hadjar,8,101572.0,101281.0,101310.0,20,spa,rb,12,17,Retired,0,7,36,0,748.0,21,11.0,0,15.0,11.6,2.0,-2.67,3.4,17.03,24.09,84.44,0,45.7
2025,13,hamilton,16,101939.0,,,7,spa,ferrari,5,4,Finished,12,2,222,0,,103,6.0,0,4.67,5.0,0.0,0.0,-0.33,17.03,24.09,84.44,0,45.7
2025,13,hamilton,16,101939.0,,,7,spa,ferrari,5,4,Finished,12,2,222,0,,103,6.0,0,4.67,5.0,0.0,0.0,-0.33,17.03,24.09,84.44,0,45.7
2025,13,hulkenberg,14,101844.0,101707.0,,12,spa,sauber,19,3,Finished,15,6,41,0,,37,9.0,0,6.67,8.2,0.0,10.0,-1.53,17.03,24.09,84.44,0,45.7
2025,13,hulkenberg,14,101844.0,101707.0,,12,spa,sauber,19,3,Finished,15,6,41,0,,37,9.0,0,6.67,8.2,0.0,10.0,-1.53,17.03,24.09,84.44,0,45.7
2025,13,lawson,9,101748.0,101297.0,101328.0,8,spa,rb,15,19,Retired,0,7,36,0,766.0,12,16.0,0,14.67,12.6,4.0,-1.33,2.07,17.03,24.09,84.44,0,45.7
2025,13,lawson,9,101748.0,101297.0,101328.0,8,spa,rb,15,19,Retired,0,7,36,0,766.0,12,16.0,0,14.67,12.6,4.0,-1.33,2.07,17.03,24.09,84.44,0,45.7
2025,13,leclerc,3,101635.0,101084.0,100900.0,3,spa,ferrari,6,14,Finished,0,2,222,0,338.0,119,5.0,0,7.33,5.4,0.0,-2.0,1.93,17.03,24.09,84.44,0,45.7
2025,13,leclerc,3,101635.0,101084.0,100900.0,3,spa,ferrari,6,14,Finished,0,2,222,0,338.0,119,5.0,0,7.33,5.4,0.0,-2.0,1.93,17.03,24.09,84.44,0,45.7
2025,13,max_verstappen,4,101334.0,100951.0,100903.0,4,spa,red_bull,1,5,Finished,10,4,172,2,341.0,165,3.0,2,8.33,7.8,1.0,-5.0,0.53,17.03,24.09,84.44,0,45.7
2025,13,max_verstappen,4,101334.0,100951.0,100903.0,4,spa,red_bull,1,5,Finished,10,4,172,2,341.0,165,3.0,2,8.33,7.8,1.0,-5.0,0.53,17.03,24.09,84.44,0,45.7
2025,13,norris,1,101010.0,100715.0,100562.0,2,spa,mclaren,3,1,Finished,25,1,460,9,0.0,226,2.0,4,6.67,4.6,1.0,-3.0,2.07,17.03,24.09,84.44,0,45.7
2025,13,norris,1,101010.0,100715.0,100562.0,2,spa,mclaren,3,1,Finished,25,1,460,9,0.0,226,2.0,4,6.67,4.6,1.0,-3.0,2.07,17.03,24.09,84.44,0,45.7
2025,13,ocon,11,101884.0,101525.0,,15,spa,haas,14,13,Finished,0,9,29,0,,23,10.0,0,10.67,11.0,1.0,4.33,-0.33,17.03,24.09,84.44,0,45.7
2025,13,ocon,11,101884.0,101525.0,,15,spa,haas,14,13,Finished,0,9,29,0,,23,10.0,0,10.67,11.0,1.0,4.33,-0.33,17.03,24.09,84.44,0,45.7
2025,13,piastri,2,101201.0,100626.0,100647.0,1,spa,mclaren,2,2,Finished,18,1,460,9,85.0,234,1.0,5,2.67,2.4,0.0,0.0,0.27,17.03,24.09,84.44,0,45.7
2025,13,piastri,2,101201.0,100626.0,100647.0,1,spa,mclaren,2,2,Finished,18,1,460,9,85.0,234,1.0,5,2.67,2.4,0.0,0.0,0.27,17.03,24.09,84.44,0,45.7
2025,13,russell,6,101784.0,101254.0,101260.0,5,spa,mercedes,4,10,Finished,1,3,210,1,698.0,147,4.0,1,5.33,6.2,0.0,-2.0,-0.87,17.03,24.09,84.44,0,45.7
2025,13,russell,6,101784.0,101254.0,101260.0,5,spa,mercedes,4,10,Finished,1,3,210,1,698.0,147,4.0,1,5.33,6.2,0.0,-2.0,-0.87,17.03,24.09,84.44,0,45.7
2025,13,sainz,15,101691.0,101758.0,,18,spa,williams,9,12,Finished,0,5,59,0,,13,15.0,0,14.0,13.2,2.0,0.67,0.8,17.03,24.09,84.44,0,45.7
2025,13,sainz,15,101691.0,101758.0,,18,spa,williams,9,12,Finished,0,5,59,0,,13,15.0,0,14.0,13.2,2.0,0.67,0.8,17.03,24.09,84.44,0,45.7
2025,13,stroll,20,102502.0,,,14,spa,aston_martin,17,7,Finished,6,8,36,0,,20,12.0,0,12.67,13.6,0.0,4.0,-0.93,17.03,24.09,84.44,0,45.7
2025,13,stroll,20,102502.0,,,14,spa,aston_martin,17,7,Finished,6,8,36,0,,20,12.0,0,12.67,13.6,0.0,4.0,-0.93,17.03,24.09,84.44,0,45.7
2025,13,tsunoda,7,101840.0,101245.0,101284.0,13,spa,red_bull,11,15,Lapped,0,4,172,2,722.0,10,17.0,0,14.33,14.6,1.0,1.33,-0.27,17.03,24.09,84.44,0,45.7
2025,13,tsunoda,7,101840.0,101245.0,101284.0,13,spa,red_bull,11,15,Lapped,0,4,172,2,722.0,10,17.0,0,14.33,14.6,1.0,1.33,-0.27,17.03,24.09,84.44,0,45.7
2025,14,albon,20,76223.0,,,15,hungaroring,williams,5,6,Finished,8,5,70,0,,54,8.0,0,10.33,14.0,3.0,-0.33,-3.67,22.08,32.73,57.24,0,0.0
2025,14,albon,20,76223.0,,,15,hungaroring,williams,5,6,Finished,8,5,70,0,,54,8.0,0,10.33,14.0,3.0,-0.33,-3.67,22.08,32.73,57.24,0,0.0
2025,14,alonso,5,75281.0,75395.0,75481.0,5,hungaroring,aston_martin,20,17,Finished,0,8,36,0,109.0,16,15.0,0,11.0,9.8,3.0,1.67,1.2,22.08,32.73,57.24,0,0.0
2025,14,alonso,5,75281.0,75395.0,75481.0,5,hungaroring,aston_martin,20,17,Finished,0,8,36,0,109.0,16,15.0,0,11.0,9.8,3.0,1.67,1.2,22.08,32.73,57.24,0,0.0
2025,14,antonelli,15,75782.0,76386.0,,10,hungaroring,mercedes,19,16,Finished,0,3,220,1,,63,7.0,0,17.0,14.4,4.0,-4.33,2.6,22.08,32.73,57.24,0,0.0
2025,14,antonelli,15,75782.0,76386.0,,10,hungaroring,mercedes,19,16,Finished,0,3,220,1,,63,7.0,0,17.0,14.4,4.0,-4.33,2.6,22.08,32.73,57.24,0,0.0
2025,14,bearman,11,75750.0,75694.0,,20,hungaroring,haas,12,11,Finished,0,9,35,0,,8,18.0,0,11.0,12.2,1.0,4.0,-1.2,22.08,32.73,57.24,0,0.0
2025,14,bearman,11,75750.0,75694.0,,20,hungaroring,haas,12,11,Finished,0,9,35,0,,8,18.0,0,11.0,12.2,1.0,4.0,-1.2,22.08,32.73,57.24,0,0.0
2025,14,bortoleto,7,75586.0,75687.0,75725.0,6,hungaroring,sauber,10,9,Finished,2,6,43,0,353.0,6,19.0,0,11.67,12.2,3.0,-0.33,-0.53,22.08,32.73,57.24,0,0.0
2025,14,bortoleto,7,75586.0,75687.0,75725.0,6,hungaroring,sauber,10,9,Finished,2,6,43,0,353.0,6,19.0,0,11.67,12.2,3.0,-0.33,-0.53,22.08,32.73,57.24,0,0.0
2025,14,colapinto,14,75875.0,76159.0,,18,hungaroring,alpine,15,19,Finished,0,10,20,0,,0,20.0,0,18.0,16.4,0.0,-1.67,1.6,22.08,32.73,57.24,0,0.0
2025,14,colapinto,14,75875.0,76159.0,,18,hungaroring,alpine,15,19,Finished,0,10,20,0,,0,20.0,0,18.0,16.4,0.0,-1.67,1.6,22.08,32.73,57.24,0,0.0
2025,14,gasly,17,75966.0,,,19,hungaroring,alpine,13,10,Finished,1,10,20,0,,20,12.0,0,9.67,10.4,2.0,0.67,-0.73,22.08,32.73,57.24,0,0.0
2025,14,gasly,17,75966.0,,,19,hungaroring,alpine,13,10,Finished,1,10,20,0,,20,12.0,0,9.67,10.4,2.0,0.67,-0.73,22.08,32.73,57.24,0,0.0
2025,14,hadjar,10,75516.0,75469.0,75915.0,11,hungaroring,rb,8,20,Lapped,0,7,41,0,543.0,22,11.0,0,16.33,14.4,2.0,-5.33,1.93,22.08,32.73,57.24,0,0.0
2025,14,hadjar,10,75516.0,75469.0,75915.0,11,hungaroring,rb,8,20,Lapped,0,7,41,0,543.0,22,11.0,0,16.33,14.4,2.0,-5.33,1.93,22.08,32.73,57.24,0,0.0
2025,14,hamilton,12,75733.0,75702.0,,12,hungaroring,ferrari,18,7,Finished,6,2,248,0,,109,6.0,0,5.0,5.4,0.0,4.0,-0.4,22.08,32.73,57.24,0,0.0
2025,14,hamilton,12,75733.0,75702.0,,12,hungaroring,ferrari,18,7,Finished,6,2,248,0,,109,6.0,0,5.0,5.4,0.0,4.0,-0.4,22.08,32.73,57.24,0,0.0
2025,14,hulkenberg,19,76081.0,,,13,hungaroring,sauber,14,12,Finished,0,6,43,0,,37,9.0,0,8.0,7.4,0.0,9.67,0.6,22.08,32.73,57.24,0,0.0
2025,14,hulkenberg,19,76081.0,,,13,hungaroring,sauber,14,12,Finished,0,6,43,0,,37,9.0,0,8.0,7.4,0.0,9.67,0.6,22.08,32.73,57.24,0,0.0
2025,14,lawson,9,75849.0,75630.0,75821.0,8,hungaroring,rb,9,8,Finished,4,7,41,0,449.0,16,14.0,0,11.0,12.6,4.0,-1.0,-1.6,22.08,32.73,57.24,0,0.0
2025,14,lawson,9,75849.0,75630.0,75821.0,8,hungaroring,rb,9,8,Finished,4,7,41,0,449.0,16,14.0,0,11.0,12.6,4.0,-1.0,-1.6,22.08,32.73,57.24,0,0.0
2025,14,leclerc,1,75582.0,75455.0,75372.0,4,hungaroring,ferrari,3,3,Finished,15,2,248,0,0.0,139,5.0,0,6.67,5.6,0.0,-3.0,1.07,22.08,32.73,57.24,0,0.0
2025,14,leclerc,1,75582.0,75455.0,75372.0,4,hungaroring,ferrari,3,3,Finished,15,2,248,0,0.0,139,5.0,0,6.67,5.6,0.0,-3.0,1.07,22.08,32.73,57.24,0,0.0
2025,14,max_verstappen,8,75736.0,75547.0,75728.0,9,hungaroring,red_bull,4,4,Finished,12,4,192,2,356.0,185,3.0,2,9.0,7.8,1.0,-5.0,1.2,22.08,32.73,57.24,0,0.0
2025,14,max_verstappen,8,75736.0,75547.0,75728.0,9,hungaroring,red_bull,4,4,Finished,12,4,192,2,356.0,185,3.0,2,9.0,7.8,1.0,-5.0,1.2,22.08,32.73,57.24,0,0.0
2025,14,norris,3,75523.0,74890.0,75413.0,1,hungaroring,mclaren,1,2,Finished,18,1,516,10,41.0,250,2.0,4,1.33,4.8,1.0,0.33,-3.47,22.08,32.73,57.24,0,0.0
2025,14,norris,3,75523.0,74890.0,75413.0,1,hungaroring,mclaren,1,2,Finished,18,1,516,10,41.0,250,2.0,4,1.33,4.8,1.0,0.33,-3.47,22.08,32.73,57.24,0,0.0
2025,14,ocon,18,76023.0,,,16,hungaroring,haas,11,15,Finished,0,9,35,0,,27,10.0,0,12.67,12.6,1.0,1.33,0.07,22.08,32.73,57.24,0,0.0
2025,14,ocon,18,76023.0,,,16,hungaroring,haas,11,15,Finished,0,9,35,0,,27,10.0,0,12.67,12.6,1.0,1.33,0.07,22.08,32.73,57.24,0,0.0
2025,14,piastri,2,75211.0,74941.0,75398.0,2,hungaroring,mclaren,2,1,Finished,25,1,516,10,26.0,266,1.0,6,1.67,2.0,0.0,0.67,-0.33,22.08,32.73,57.24,0,0.0
2025,14,piastri,2,75211.0,74941.0,75398.0,2,hungaroring,mclaren,2,1,Finished,25,1,516,10,26.0,266,1.0,6,1.67,2.0,0.0,0.67,-0.33,22.08,32.73,57.24,0,0.0
2025,14,russell,4,75627.0,75201.0,75425.0,3,hungaroring,mercedes,6,5,Finished,10,3,220,1,53.0,157,4.0,1,6.67,5.0,0.0,-1.67,1.67,22.08,32.73,57.24,0,0.0
2025,14,russell,4,75627.0,75201.0,75425.0,3,hungaroring,mercedes,6,5,Finished,10,3,220,1,53.0,157,4.0,1,6.67,5.0,0.0,-1.67,1.67,22.08,32.73,57.24,0,0.0
2025,14,sainz,13,75652.0,75781.0,,14,hungaroring,williams,17,18,Finished,0,5,70,0,,16,16.0,0,16.67,14.8,2.0,-1.67,1.87,22.08,32.73,57.24,0,0.0
2025,14,sainz,13,75652.0,75781.0,,14,hungaroring,williams,17,18,Finished,0,5,70,0,,16,16.0,0,16.67,14.8,2.0,-1.67,1.87,22.08,32.73,57.24,0,0.0
2025,14,stroll,6,75673.0,75129.0,75498.0,7,hungaroring,aston_martin,16,14,Finished,0,8,36,0,126.0,20,13.0,0,11.67,13.4,0.0,4.67,-1.73,22.08,32.73,57.24,0,0.0
2025,14,stroll,6,75673.0,75129.0,75498.0,7,hungaroring,aston_martin,16,14,Finished,0,8,36,0,126.0,20,13.0,0,11.67,13.4,0.0,4.67,-1.73,22.08,32.73,57.24,0,0.0
2025,14,tsunoda,16,75899.0,,,17,hungaroring,red_bull,7,13,Finished,0,4,192,2,,10,17.0,0,14.67,13.8,1.0,-2.67,0.87,22.08,32.73,57.24,0,0.0
2025,14,tsunoda,16,75899.0,,,17,hungaroring,red_bull,7,13,Finished,0,4,192,2,,10,17.0,0,14.67,13.8,1.0,-2.67,0.87,22.08,32.73,57.24,0,0.0
2025,15,albon,15,69792.0,69652.0,,5,zandvoort,williams,19,15,Lapped,0,5,70,0,,54,8.0,0,9.67,13.2,3.0,2.67,-3.53,20.08,27.96,71.18,0,0.0
2025,15,albon,15,69792.0,69652.0,,5,zandvoort,williams,19,15,Lapped,0,5,70,0,,54,8.0,0,9.67,13.2,3.0,2.67,-3.53,20.08,27.96,71.18,0,0.0
2025,15,alonso,10,69950.0,69366.0,69630.0,8,zandvoort,aston_martin,5,5,Finished,10,6,52,0,968.0,26,11.0,0,10.33,9.0,3.0,0.33,1.33,20.08,27.96,71.18,0,0.0
2025,15,alonso,10,69950.0,69366.0,69630.0,8,zandvoort,aston_martin,5,5,Finished,10,6,52,0,968.0,26,11.0,0,10.33,9.0,3.0,0.33,1.33,20.08,27.96,71.18,0,0.0
2025,15,antonelli,11,69845.0,69493.0,,16,zandvoort,mercedes,15,10,Lapped,1,3,236,1,,64,7.0,0,14.0,12.8,4.0,0.67,1.2,20.08,27.96,71.18,0,0.0
2025,15,antonelli,11,69845.0,69493.0,,16,zandvoort,mercedes,15,10,Lapped,1,3,236,1,,64,7.0,0,14.0,12.8,4.0,0.67,1.2,20.08,27.96,71.18,0,0.0
2025,15,bearman,19,70262.0,,,6,zandvoort,haas,11,20,Retired,0,9,35,0,,8,19.0,0,14.0,12.8,2.0,-0.33,1.2,20.08,27.96,71.18,0,0.0
2025,15,bearman,19,70262.0,,,6,zandvoort,haas,11,20,Retired,0,9,35,0,,8,19.0,0,14.0,12.8,2.0,-0.33,1.2,20.08,27.96,71.18,0,0.0
2025,15,bortoleto,13,70037.0,69622.0,,15,zandvoort,sauber,7,6,Finished,8,7,51,0,,14,17.0,0,11.0,11.0,3.0,0.0,0.0,20.08,27.96,71.18,0,0.0
2025,15,bortoleto,13,70037.0,69622.0,,15,zandvoort,sauber,7,6,Finished,8,7,51,0,,14,17.0,0,11.0,11.0,3.0,0.0,0.0,20.08,27.96,71.18,0,0.0
2025,15,colapinto,16,70104.0,,,11,zandvoort,alpine,14,18,Lapped,0,10,20,0,,0,20.0,0,19.0,17.0,0.0,-2.67,2.0,20.08,27.96,71.18,0,0.0
2025,15,colapinto,16,70104.0,,,11,zandvoort,alpine,14,18,Lapped,0,10,20,0,,0,20.0,0,19.0,17.0,0.0,-2.67,2.0,20.08,27.96,71.18,0,0.0
2025,15,gasly,14,69894.0,69637.0,,17,zandvoort,alpine,16,19,Lapped,0,10,20,0,,20,14.0,0,11.67,12.6,2.0,0.67,-0.93,20.08,27.96,71.18,0,0.0
2025,15,gasly,14,69894.0,69637.0,,17,zandvoort,alpine,16,19,Lapped,0,10,20,0,,20,14.0,0,11.67,12.6,2.0,0.67,-0.93,20.08,27.96,71.18,0,0.0
2025,15,hadjar,4,69966.0,69439.0,69208.0,3,zandvoort,rb,10,11,Lapped,0,8,45,0,546.0,22,13.0,0,16.0,15.2,2.0,-6.0,0.8,20.08,27.96,71.18,0,0.0
2025,15,hadjar,4,69966.0,69439.0,69208.0,3,zandvoort,rb,10,11,Lapped,0,8,45,0,546.0,22,13.0,0,16.0,15.2,2.0,-6.0,0.8,20.08,27.96,71.18,0,0.0
2025,15,hamilton,7,69900.0,69261.0,69390.0,20,zandvoort,ferrari,12,12,Lapped,0,2,260,0,728.0,109,6.0,0,7.67,6.6,0.0,4.0,1.07,20.08,27.96,71.18,0,0.0
2025,15,hamilton,7,69900.0,69261.0,69390.0,20,zandvoort,ferrari,12,12,Lapped,0,2,260,0,728.0,109,6.0,0,7.67,6.6,0.0,4.0,1.07,20.08,27.96,71.18,0,0.0
2025,15,hulkenberg,17,70195.0,,,14,zandvoort,sauber,18,13,Lapped,0,7,51,0,,37,9.0,0,9.33,9.0,0.0,7.67,0.33,20.08,27.96,71.18,0,0.0
2025,15,hulkenberg,17,70195.0,,,14,zandvoort,sauber,18,13,Lapped,0,7,51,0,,37,9.0,0,9.33,9.0,0.0,7.67,0.33,20.08,27.96,71.18,0,0.0
2025,15,lawson,8,69779.0,69383.0,69500.0,12,zandvoort,rb,9,8,Finished,4,8,45,0,838.0,20,15.0,0,11.67,12.0,4.0,-0.67,-0.33,20.08,27.96,71.18,0,0.0
2025,15,lawson,8,69779.0,69383.0,69500.0,12,zandvoort,rb,9,8,Finished,4,8,45,0,838.0,20,15.0,0,11.67,12.0,4.0,-0.67,-0.33,20.08,27.96,71.18,0,0.0
2025,15,leclerc,6,69906.0,69304.0,69340.0,19,zandvoort,ferrari,1,4,Finished,12,2,260,0,678.0,151,5.0,0,7.0,5.8,0.0,-3.67,1.2,20.08,27.96,71.18,0,0.0
2025,15,leclerc,6,69906.0,69304.0,69340.0,19,zandvoort,ferrari,1,4,Finished,12,2,260,0,678.0,151,5.0,0,7.0,5.8,0.0,-3.67,1.2,20.08,27.96,71.18,0,0.0
2025,15,max_verstappen,3,69696.0,69122.0,68925.0,2,zandvoort,red_bull,8,9,Finished,2,4,194,2,263.0,187,3.0,2,6.0,7.6,1.0,-1.67,-1.6,20.08,27.96,71.18,0,0.0
2025,15,max_verstappen,3,69696.0,69122.0,68925.0,2,zandvoort,red_bull,8,9,Finished,2,4,194,2,263.0,187,3.0,2,6.0,7.6,1.0,-1.67,-1.6,20.08,27.96,71.18,0,0.0
2025,15,norris,2,69469.0,68874.0,68674.0,18,zandvoort,mclaren,3,1,Finished,25,1,559,11,12.0,275,2.0,5,1.33,4.6,1.0,1.0,-3.27,20.08,27.96,71.18,0,0.0
2025,15,norris,2,69469.0,68874.0,68674.0,18,zandvoort,mclaren,3,1,Finished,25,1,559,11,12.0,275,2.0,5,1.33,4.6,1.0,1.0,-3.27,20.08,27.96,71.18,0,0.0
2025,15,ocon,18,70197.0,,,10,zandvoort,haas,17,16,Lapped,0,9,35,0,,27,10.0,0,14.67,12.6,1.0,-0.67,2.07,20.08,27.96,71.18,0,0.0
2025,15,ocon,18,70197.0,,,10,zandvoort,haas,17,16,Lapped,0,9,35,0,,27,10.0,0,14.67,12.6,1.0,-0.67,2.07,20.08,27.96,71.18,0,0.0
2025,15,piastri,1,69338.0,68964.0,68662.0,1,zandvoort,mclaren,2,2,Finished,18,1,559,11,0.0,284,1.0,6,1.67,2.2,0.0,0.33,-0.53,20.08,27.96,71.18,0,0.0
2025,15,piastri,1,69338.0,68964.0,68662.0,1,zandvoort,mclaren,2,2,Finished,18,1,559,11,0.0,284,1.0,6,1.67,2.2,0.0,0.33,-0.53,20.08,27.96,71.18,0,0.0
2025,15,russell,5,69676.0,69313.0,69255.0,4,zandvoort,mercedes,4,3,Finished,15,3,236,1,593.0,172,4.0,1,6.0,4.8,0.0,-1.33,1.2,20.08,27.96,71.18,0,0.0
2025,15,russell,5,69676.0,69313.0,69255.0,4,zandvoort,mercedes,4,3,Finished,15,3,236,1,593.0,172,4.0,1,6.0,4.8,0.0,-1.33,1.2,20.08,27.96,71.18,0,0.0
2025,15,sainz,9,69980.0,69472.0,69505.0,13,zandvoort,williams,13,14,Lapped,0,5,70,0,843.0,16,16.0,0,14.67,14.8,2.0,-1.67,-0.13,20.08,27.96,71.18,0,0.0
2025,15,sainz,9,69980.0,69472.0,69505.0,13,zandvoort,williams,13,14,Lapped,0,5,70,0,843.0,16,16.0,0,14.67,14.8,2.0,-1.67,-0.13,20.08,27.96,71.18,0,0.0
2025,15,stroll,20,,,,7,zandvoort,aston_martin,6,7,Finished,6,6,52,0,,26,12.0,0,9.33,11.8,0.0,3.67,-2.47,20.08,27.96,71.18,0,0.0
2025,15,stroll,20,,,,7,zandvoort,aston_martin,6,7,Finished,6,6,52,0,,26,12.0,0,9.33,11.8,0.0,3.67,-2.47,20.08,27.96,71.18,0,0.0
2025,15,tsunoda,12,69954.0,69622.0,,9,zandvoort,red_bull,20,17,Lapped,0,4,194,2,,10,18.0,0,15.0,14.6,1.0,-2.33,0.4,20.08,27.96,71.18,0,0.0
2025,15,tsunoda,12,69954.0,69622.0,,9,zandvoort,red_bull,20,17,Lapped,0,4,194,2,,10,18.0,0,15.0,14.6,1.0,-2.33,0.4,20.08,27.96,71.18,0,0.0
2025,16,albon,14,79837.0,79583.0,,7,monza,williams,15,5,Finished,10,5,80,0,,64,8.0,0,8.67,10.2,3.0,4.33,-1.53,26.76,43.29,42.6,0,0.0
2025,16,albon,14,79837.0,79583.0,,7,monza,williams,15,5,Finished,10,5,80,0,,64,8.0,0,8.67,10.2,3.0,4.33,-1.53,26.76,43.29,42.6,0,0.0
2025,16,alonso,9,79658.0,79362.0,79424.0,19,monza,aston_martin,10,8,Finished,4,6,62,0,632.0,30,12.0,0,10.0,9.2,3.0,1.67,0.8,26.76,43.29,42.6,0,0.0
2025,16,alonso,9,79658.0,79362.0,79424.0,19,monza,aston_martin,10,8,Finished,4,6,62,0,632.0,30,12.0,0,10.0,9.2,3.0,1.67,0.8,26.76,43.29,42.6,0,0.0
2025,16,antonelli,7,79747.0,79245.0,79200.0,9,monza,mercedes,11,16,Finished,0,3,248,1,408.0,64,7.0,0,14.0,15.4,4.0,1.0,-1.4,26.76,43.29,42.6,0,0.0
2025,16,antonelli,7,79747.0,79245.0,79200.0,9,monza,mercedes,11,16,Finished,0,3,248,1,408.0,64,7.0,0,14.0,15.4,4.0,1.0,-1.4,26.76,43.29,42.6,0,0.0
2025,16,bearman,11,79688.0,79446.0,,12,monza,haas,20,6,Finished,8,9,44,0,,16,16.0,0,12.33,11.8,2.0,2.0,0.53,26.76,43.29,42.6,0,0.0
2025,16,bearman,11,79688.0,79446.0,,12,monza,haas,20,6,Finished,8,9,44,0,,16,16.0,0,12.33,11.8,2.0,2.0,0.53,26.76,43.29,42.6,0,0.0
2025,16,bortoleto,8,79688.0,79323.0,79390.0,8,monza,sauber,13,15,Finished,0,8,51,0,598.0,14,18.0,0,10.0,11.2,3.0,0.0,-1.2,26.76,43.29,42.6,0,0.0
2025,16,bortoleto,8,79688.0,79323.0,79390.0,8,monza,sauber,13,15,Finished,0,8,51,0,598.0,14,18.0,0,10.0,11.2,3.0,0.0,-1.2,26.76,43.29,42.6,0,0.0
2025,16,colapinto,18,79992.0,,,17,monza,alpine,16,11,Finished,0,10,20,0,,0,20.0,0,16.0,16.6,0.0,-1.0,-0.6,26.76,43.29,42.6,0,0.0
2025,16,colapinto,18,79992.0,,,17,monza,alpine,16,11,Finished,0,10,20,0,,0,20.0,0,16.0,16.6,0.0,-1.0,-0.6,26.76,43.29,42.6,0,0.0
2025,16,gasly,19,80103.0,,,16,monza,alpine,14,17,Finished,0,10,20,0,,20,14.0,0,15.33,13.0,2.0,-1.0,2.33,26.76,43.29,42.6,0,0.0
2025,16,gasly,19,80103.0,,,16,monza,alpine,14,17,Finished,0,10,20,0,,20,14.0,0,15.33,13.0,2.0,-1.0,2.33,26.76,43.29,42.6,0,0.0
2025,16,hadjar,16,79917.0,,,10,monza,rb,4,3,Finished,15,7,60,0,,37,10.0,0,11.33,12.6,2.0,-4.0,-1.27,26.76,43.29,42.6,0,0.0
2025,16,hadjar,16,79917.0,,,10,monza,rb,4,3,Finished,15,7,60,0,,37,10.0,0,11.33,12.6,2.0,-4.0,-1.27,26.76,43.29,42.6,0,0.0
2025,16,hamilton,5,79765.0,79371.0,79124.0,6,monza,ferrari,7,20,Retired,0,2,260,0,332.0,109,6.0,0,13.0,9.4,1.0,-0.67,3.6,26.76,43.29,42.6,0,0.0
2025,16,hamilton,5,79765.0,79371.0,79124.0,6,monza,ferrari,7,20,Retired,0,2,260,0,332.0,109,6.0,0,13.0,9.4,1.0,-0.67,3.6,26.76,43.29,42.6,0,0.0
2025,16,hulkenberg,12,79777.0,79498.0,,20,monza,sauber,17,14,Finished,0,8,51,0,,37,9.0,0,13.0,10.2,0.0,3.33,2.8,26.76,43.29,42.6,0,0.0
2025,16,hulkenberg,12,79777.0,79498.0,,20,monza,sauber,17,14,Finished,0,8,51,0,,37,9.0,0,13.0,10.2,0.0,3.33,2.8,26.76,43.29,42.6,0,0.0
2025,16,lawson,20,80279.0,,,14,monza,rb,8,12,Finished,0,7,60,0,,20,15.0,0,9.33,10.6,4.0,-0.67,-1.27,26.76,43.29,42.6,0,0.0
2025,16,lawson,20,80279.0,,,14,monza,rb,8,12,Finished,0,7,60,0,,20,15.0,0,9.33,10.6,4.0,-0.67,-1.27,26.76,43.29,42.6,0,0.0
2025,16,leclerc,4,79689.0,79310.0,79007.0,4,monza,ferrari,6,19,Retired,0,2,260,0,215.0,151,5.0,0,8.67,8.6,1.0,-5.33,0.07,26.76,43.29,42.6,0,0.0
2025,16,leclerc,4,79689.0,79310.0,79007.0,4,monza,ferrari,6,19,Retired,0,2,260,0,215.0,151,5.0,0,8.67,8.6,1.0,-5.33,0.07,26.76,43.29,42.6,0,0.0
2025,16,max_verstappen,1,79455.0,79140.0,78792.0,1,monza,red_bull,3,2,Finished,18,4,214,2,0.0,205,3.0,2,5.0,7.6,1.0,0.0,-2.6,26.76,43.29,42.6,0,0.0
2025,16,max_verstappen,1,79455.0,79140.0,78792.0,1,monza,red_bull,3,2,Finished,18,4,214,2,0.0,205,3.0,2,5.0,7.6,1.0,0.0,-2.6,26.76,43.29,42.6,0,0.0
2025,16,norris,2,79517.0,79293.0,78869.0,2,monza,mclaren,2,18,Retired,0,1,584,12,77.0,275,2.0,5,7.0,4.6,2.0,-5.0,2.4,26.76,43.29,42.6,0,0.0
2025,16,norris,2,79517.0,79293.0,78869.0,2,monza,mclaren,2,18,Retired,0,1,584,12,77.0,275,2.0,5,7.0,4.6,2.0,-5.0,2.4,26.76,43.29,42.6,0,0.0
2025,16,ocon,15,79816.0,79707.0,,15,monza,haas,18,10,Finished,1,9,44,0,,28,13.0,0,13.67,12.8,1.0,1.67,0.87,26.76,43.29,42.6,0,0.0
2025,16,ocon,15,79816.0,79707.0,,15,monza,haas,18,10,Finished,1,9,44,0,,28,13.0,0,13.67,12.8,1.0,1.67,0.87,26.76,43.29,42.6,0,0.0
2025,16,piastri,3,79711.0,79286.0,78982.0,3,monza,mclaren,1,1,Finished,25,1,584,12,190.0,309,1.0,7,1.33,1.6,0.0,0.33,-0.27,26.76,43.29,42.6,0,0.0
2025,16,piastri,3,79711.0,79286.0,78982.0,3,monza,mclaren,1,1,Finished,25,1,584,12,190.0,309,1.0,7,1.33,1.6,0.0,0.33,-0.27,26.76,43.29,42.6,0,0.0
2025,16,russell,6,79414.0,79287.0,79157.0,5,monza,mercedes,5,4,Finished,12,3,248,1,365.0,184,4.0,1,4.0,5.4,0.0,1.0,-1.4,26.76,43.29,42.6,0,0.0
2025,16,russell,6,79414.0,79287.0,79157.0,5,monza,mercedes,5,4,Finished,12,3,248,1,365.0,184,4.0,1,4.0,5.4,0.0,1.0,-1.4,26.76,43.29,42.6,0,0.0
2025,16,sainz,13,79644.0,79528.0,,11,monza,williams,9,13,Finished,0,5,80,0,,16,17.0,0,15.0,15.4,2.0,-2.0,-0.4,26.76,43.29,42.6,0,0.0
2025,16,sainz,13,79644.0,79528.0,,11,monza,williams,9,13,Finished,0,5,80,0,,16,17.0,0,15.0,15.4,2.0,-2.0,-0.4,26.76,43.29,42.6,0,0.0
2025,16,stroll,17,79948.0,,,18,monza,aston_martin,19,7,Finished,6,6,62,0,,32,11.0,0,9.33,9.8,0.0,4.33,-0.47,26.76,43.29,42.6,0,0.0
2025,16,stroll,17,79948.0,,,18,monza,aston_martin,19,7,Finished,6,6,62,0,,32,11.0,0,9.33,9.8,0.0,4.33,-0.47,26.76,43.29,42.6,0,0.0
2025,16,tsunoda,10,79619.0,79433.0,79519.0,13,monza,red_bull,12,9,Finished,2,4,214,2,727.0,12,19.0,0,13.0,14.0,1.0,0.0,-1.0,26.76,43.29,42.6,0,0.0
2025,16,tsunoda,10,79619.0,79433.0,79519.0,13,monza,red_bull,12,9,Finished,2,4,214,2,727.0,12,19.0,0,13.0,14.0,1.0,0.0,-1.0,26.76,43.29,42.6,0,0.0
2025,17,albon,19,103778.0,,,13,baku,williams,14,7,Finished,6,5,86,0,,70,7.0,0,9.0,8.2,3.0,7.0,0.8,20.55,26.11,59.83,0,0.0
2025,17,albon,19,103778.0,,,13,baku,williams,14,7,Finished,6,5,86,0,,70,7.0,0,9.0,8.2,3.0,7.0,0.8,20.55,26.11,59.83,0,0.0
2025,17,alonso,11,102211.0,101857.0,,15,baku,aston_martin,8,19,Retired,0,6,62,0,,30,12.0,0,10.67,11.6,4.0,-3.0,-0.93,20.55,26.11,59.83,0,0.0
2025,17,alonso,11,102211.0,101857.0,,15,baku,aston_martin,8,19,Retired,0,6,62,0,,30,12.0,0,10.67,11.6,4.0,-3.0,-0.93,20.55,26.11,59.83,0,0.0
2025,17,antonelli,4,102247.0,101464.0,101717.0,4,baku,mercedes,6,9,Finished,2,3,260,1,600.0,66,8.0,0,11.67,13.4,4.0,-1.0,-1.73,20.55,26.11,59.83,0,0.0
2025,17,antonelli,4,102247.0,101464.0,101717.0,4,baku,mercedes,6,9,Finished,2,3,260,1,600.0,66,8.0,0,11.67,13.4,4.0,-1.0,-1.73,20.55,26.11,59.83,0,0.0
2025,17,bearman,15,102666.0,,,12,baku,haas,11,12,Finished,0,9,44,0,,16,17.0,0,12.67,12.0,2.0,1.33,0.67,20.55,26.11,59.83,0,0.0
2025,17,bearman,15,102666.0,,,12,baku,haas,11,12,Finished,0,9,44,0,,16,17.0,0,12.67,12.0,2.0,1.33,0.67,20.55,26.11,59.83,0,0.0
2025,17,bortoleto,13,102511.0,102277.0,,11,baku,sauber,7,8,Finished,4,8,55,0,,18,16.0,0,9.67,11.2,3.0,-0.67,-1.53,20.55,26.11,59.83,0,0.0
2025,17,bortoleto,13,102511.0,102277.0,,11,baku,sauber,7,8,Finished,4,8,55,0,,18,16.0,0,9.67,11.2,3.0,-0.67,-1.53,20.55,26.11,59.83,0,0.0
2025,17,colapinto,16,102779.0,,,19,baku,alpine,17,17,Lapped,0,10,20,0,,0,20.0,0,15.33,17.0,0.0,0.33,-1.67,20.55,26.11,59.83,0,0.0
2025,17,colapinto,16,102779.0,,,19,baku,alpine,17,17,Lapped,0,10,20,0,,0,20.0,0,15.33,17.0,0.0,0.33,-1.67,20.55,26.11,59.83,0,0.0
2025,17,gasly,18,103139.0,,,18,baku,alpine,20,16,Lapped,0,10,20,0,,20,14.0,0,17.33,13.6,2.0,-0.67,3.73,20.55,26.11,59.83,0,0.0
2025,17,gasly,18,103139.0,,,18,baku,alpine,20,16,Lapped,0,10,20,0,,20,14.0,0,17.33,13.6,2.0,-0.67,3.73,20.55,26.11,59.83,0,0.0
2025,17,hadjar,8,101656.0,101647.0,102372.0,10,baku,rb,19,10,Finished,1,7,61,0,1255.0,38,9.0,0,8.0,12.2,2.0,3.0,-4.2,20.55,26.11,59.83,0,0.0
2025,17,hadjar,8,101656.0,101647.0,102372.0,10,baku,rb,19,10,Finished,1,7,61,0,1255.0,38,9.0,0,8.0,12.2,2.0,3.0,-4.2,20.55,26.11,59.83,0,0.0
2025,17,hamilton,12,101821.0,102183.0,,8,baku,ferrari,10,6,Finished,8,2,280,0,,117,6.0,0,12.67,9.8,1.0,-3.0,2.87,20.55,26.11,59.83,0,0.0
2025,17,hamilton,12,101821.0,102183.0,,8,baku,ferrari,10,6,Finished,8,2,280,0,,117,6.0,0,12.67,9.8,1.0,-3.0,2.87,20.55,26.11,59.83,0,0.0
2025,17,hulkenberg,17,102916.0,,,16,baku,sauber,12,20,Did not start,0,8,55,0,,37,10.0,0,15.67,12.4,0.0,0.0,3.27,20.55,26.11,59.83,0,0.0
2025,17,hulkenberg,17,102916.0,,,16,baku,sauber,12,20,Did not start,0,8,55,0,,37,10.0,0,15.67,12.4,0.0,0.0,3.27,20.55,26.11,59.83,0,0.0
2025,17,lawson,3,102257.0,101537.0,101707.0,5,baku,rb,18,14,Finished,0,7,61,0,590.0,20,15.0,0,11.33,12.2,4.0,0.33,-0.87,20.55,26.11,59.83,0,0.0
2025,17,lawson,3,102257.0,101537.0,101707.0,5,baku,rb,18,14,Finished,0,7,61,0,590.0,20,15.0,0,11.33,12.2,4.0,0.33,-0.87,20.55,26.11,59.83,0,0.0
2025,17,leclerc,10,101458.0,101519.0,,9,baku,ferrari,4,4,Finished,12,2,280,0,,163,5.0,0,9.0,8.8,1.0,-5.33,0.2,20.55,26.11,59.83,0,0.0
2025,17,leclerc,10,101458.0,101519.0,,9,baku,ferrari,4,4,Finished,12,2,280,0,,163,5.0,0,9.0,8.8,1.0,-5.33,0.2,20.55,26.11,59.83,0,0.0
2025,17,max_verstappen,1,101331.0,101255.0,101117.0,1,baku,red_bull,1,1,Finished,25,4,239,3,0.0,230,3.0,3,4.0,4.2,1.0,0.0,-0.2,20.55,26.11,59.83,0,0.0
2025,17,max_verstappen,1,101331.0,101255.0,101117.0,1,baku,red_bull,1,1,Finished,25,4,239,3,0.0,230,3.0,3,4.0,4.2,1.0,0.0,-0.2,20.55,26.11,59.83,0,0.0
2025,17,norris,7,101322.0,101396.0,102239.0,7,baku,mclaren,2,2,Finished,18,1,617,12,1122.0,293,2.0,5,7.0,4.8,2.0,-4.67,2.2,20.55,26.11,59.83,0,0.0
2025,17,norris,7,101322.0,101396.0,102239.0,7,baku,mclaren,2,2,Finished,18,1,617,12,1122.0,293,2.0,5,7.0,4.8,2.0,-4.67,2.2,20.55,26.11,59.83,0,0.0
2025,17,ocon,20,,,,14,baku,haas,15,15,Lapped,0,9,44,0,,28,13.0,0,13.67,13.8,1.0,3.0,-0.13,20.55,26.11,59.83,0,0.0
2025,17,ocon,20,,,,14,baku,haas,15,15,Lapped,0,9,44,0,,28,13.0,0,13.67,13.8,1.0,3.0,-0.13,20.55,26.11,59.83,0,0.0
2025,17,piastri,9,101839.0,101414.0,,20,baku,mclaren,3,3,Finished,15,1,617,12,,324,1.0,7,2.0,1.8,0.0,0.0,0.2,20.55,26.11,59.83,0,0.0
2025,17,piastri,9,101839.0,101414.0,,20,baku,mclaren,3,3,Finished,15,1,617,12,,324,1.0,7,2.0,1.8,0.0,0.0,0.2,20.55,26.11,59.83,0,0.0
2025,17,russell,5,101646.0,101455.0,102070.0,2,baku,mercedes,5,5,Finished,10,3,260,1,953.0,194,4.0,1,4.0,5.4,0.0,0.67,-1.4,20.55,26.11,59.83,0,0.0
2025,17,russell,5,101646.0,101455.0,102070.0,2,baku,mercedes,5,5,Finished,10,3,260,1,953.0,194,4.0,1,4.0,5.4,0.0,0.67,-1.4,20.55,26.11,59.83,0,0.0
2025,17,sainz,2,102635.0,101675.0,101595.0,3,baku,williams,13,11,Finished,0,5,86,0,478.0,16,18.0,0,12.67,13.6,2.0,-1.0,-0.93,20.55,26.11,59.83,0,0.0
2025,17,sainz,2,102635.0,101675.0,101595.0,3,baku,williams,13,11,Finished,0,5,86,0,478.0,16,18.0,0,12.67,13.6,2.0,-1.0,-0.93,20.55,26.11,59.83,0,0.0
2025,17,stroll,14,102101.0,103061.0,,17,baku,aston_martin,16,18,Lapped,0,6,62,0,,32,11.0,0,10.67,10.6,0.0,3.0,0.07,20.55,26.11,59.83,0,0.0
2025,17,stroll,14,102101.0,103061.0,,17,baku,aston_martin,16,18,Lapped,0,6,62,0,,32,11.0,0,10.67,10.6,0.0,3.0,0.07,20.55,26.11,59.83,0,0.0
2025,17,tsunoda,6,102347.0,101788.0,102143.0,6,baku,red_bull,9,13,Finished,0,4,239,3,1026.0,12,19.0,0,13.0,13.4,1.0,0.67,-0.4,20.55,26.11,59.83,0,0.0
2025,17,tsunoda,6,102347.0,101788.0,102143.0,6,baku,red_bull,9,13,Finished,0,4,239,3,1026.0,12,19.0,0,13.0,13.4,1.0,0.67,-0.4,20.55,26.11,59.83,0,0.0
2025,18,albon,19,,,,14,marina_bay,williams,19,13,Finished,0,5,101,0,,70,8.0,0,8.33,9.2,3.0,7.67,-0.87,29.07,33.85,74.36,0,3.7
2025,18,albon,19,,,,14,marina_bay,williams,19,13,Finished,0,5,101,0,,70,8.0,0,8.33,9.2,3.0,7.67,-0.87,29.07,33.85,74.36,0,3.7
2025,18,alonso,10,90745.0,90054.0,89955.0,7,marina_bay,aston_martin,11,15,Finished,0,7,62,0,797.0,30,14.0,0,14.0,12.8,4.0,-4.33,1.2,29.07,33.85,74.36,0,3.7
2025,18,alonso,10,90745.0,90054.0,89955.0,7,marina_bay,aston_martin,11,15,Finished,0,7,62,0,797.0,30,14.0,0,14.0,12.8,4.0,-4.33,1.2,29.07,33.85,74.36,0,3.7
2025,18,antonelli,4,90036.0,89649.0,89537.0,5,marina_bay,mercedes,4,4,Finished,12,2,290,1,379.0,78,7.0,0,9.67,11.0,4.0,-2.67,-1.33,29.07,33.85,74.36,0,3.7
2025,18,antonelli,4,90036.0,89649.0,89537.0,5,marina_bay,mercedes,4,4,Finished,12,2,290,1,379.0,78,7.0,0,9.67,11.0,4.0,-2.67,-1.33,29.07,33.85,74.36,0,3.7
2025,18,bearman,9,90420.0,90076.0,89868.0,9,marina_bay,haas,15,12,Finished,0,9,44,0,710.0,16,19.0,0,10.0,12.2,2.0,5.33,-2.2,29.07,33.85,74.36,0,3.7
2025,18,bearman,9,90420.0,90076.0,89868.0,9,marina_bay,haas,15,12,Finished,0,9,44,0,710.0,16,19.0,0,10.0,12.2,2.0,5.33,-2.2,29.07,33.85,74.36,0,3.7
2025,18,bortoleto,14,90820.0,,,17,marina_bay,sauber,13,11,Finished,0,8,55,0,,18,18.0,0,11.33,9.8,3.0,-0.33,1.53,29.07,33.85,74.36,0,3.7
2025,18,bortoleto,14,90820.0,,,17,marina_bay,sauber,13,11,Finished,0,8,55,0,,18,18.0,0,11.33,9.8,3.0,-0.33,1.53,29.07,33.85,74.36,0,3.7
2025,18,colapinto,16,90982.0,,,16,marina_bay,alpine,16,19,Lapped,0,10,20,0,,0,20.0,0,15.67,16.8,0.0,0.67,-1.13,29.07,33.85,74.36,0,3.7
2025,18,colapinto,16,90982.0,,,16,marina_bay,alpine,16,19,Lapped,0,10,20,0,,0,20.0,0,15.67,16.8,0.0,0.67,-1.13,29.07,33.85,74.36,0,3.7
2025,18,gasly,18,91261.0,,,19,marina_bay,alpine,18,18,Lapped,0,10,20,0,,20,16.0,0,17.0,16.0,2.0,0.33,1.0,29.07,33.85,74.36,0,3.7
2025,18,gasly,18,91261.0,,,19,marina_bay,alpine,18,18,Lapped,0,10,20,0,,20,16.0,0,17.0,16.0,2.0,0.33,1.0,29.07,33.85,74.36,0,3.7
2025,18,hadjar,8,90214.0,90016.0,89846.0,11,marina_bay,rb,8,10,Finished,1,6,72,0,688.0,39,9.0,0,7.67,10.8,2.0,2.67,-3.13,29.07,33.85,74.36,0,3.7
2025,18,hadjar,8,90214.0,90016.0,89846.0,11,marina_bay,rb,8,10,Finished,1,6,72,0,688.0,39,9.0,0,7.67,10.8,2.0,2.67,-3.13,29.07,33.85,74.36,0,3.7
2025,18,hamilton,6,89765.0,89936.0,89688.0,8,marina_bay,ferrari,12,8,Finished,4,3,286,0,530.0,121,6.0,0,11.33,10.6,1.0,-1.67,0.73,29.07,33.85,74.36,0,3.7
2025,18,hamilton,6,89765.0,89936.0,89688.0,8,marina_bay,ferrari,12,8,Finished,4,3,286,0,530.0,121,6.0,0,11.33,10.6,1.0,-1.67,0.73,29.07,33.85,74.36,0,3.7
2025,18,hulkenberg,11,90715.0,90141.0,,20,marina_bay,sauber,17,16,Finished,0,8,55,0,,37,10.0,0,16.67,15.0,0.0,-1.33,1.67,29.07,33.85,74.36,0,3.7
2025,18,hulkenberg,11,90715.0,90141.0,,20,marina_bay,sauber,17,16,Finished,0,8,55,0,,37,10.0,0,16.67,15.0,0.0,-1.33,1.67,29.07,33.85,74.36,0,3.7
2025,18,lawson,12,90681.0,90320.0,,15,marina_bay,rb,3,5,Finished,10,6,72,0,,30,13.0,0,10.33,9.4,4.0,-0.67,0.93,29.07,33.85,74.36,0,3.7
2025,18,lawson,12,90681.0,90320.0,,15,marina_bay,rb,3,5,Finished,10,6,72,0,,30,13.0,0,10.33,9.4,4.0,-0.67,0.93,29.07,33.85,74.36,0,3.7
2025,18,leclerc,7,90370.0,89914.0,89784.0,6,marina_bay,ferrari,10,9,Finished,2,3,286,0,626.0,165,5.0,0,10.67,7.8,1.0,-4.0,2.87,29.07,33.85,74.36,0,3.7
2025,18,leclerc,7,90370.0,89914.0,89784.0,6,marina_bay,ferrari,10,9,Finished,2,3,286,0,626.0,165,5.0,0,10.67,7.8,1.0,-4.0,2.87,29.07,33.85,74.36,0,3.7
2025,18,max_verstappen,2,90028.0,89572.0,89340.0,2,marina_bay,red_bull,1,1,Finished,25,4,272,4,182.0,255,3.0,4,1.33,3.4,1.0,0.33,-2.07,29.07,33.85,74.36,0,3.7
2025,18,max_verstappen,2,90028.0,89572.0,89340.0,2,marina_bay,red_bull,1,1,Finished,25,4,272,4,182.0,255,3.0,4,1.33,3.4,1.0,0.33,-2.07,29.07,33.85,74.36,0,3.7
2025,18,norris,5,89932.0,89809.0,89586.0,3,marina_bay,mclaren,7,7,Finished,6,1,623,12,428.0,299,2.0,5,9.0,6.0,2.0,-5.33,3.0,29.07,33.85,74.36,0,3.7
2025,18,norris,5,89932.0,89809.0,89586.0,3,marina_bay,mclaren,7,7,Finished,6,1,623,12,428.0,299,2.0,5,9.0,6.0,2.0,-5.33,3.0,29.07,33.85,74.36,0,3.7
2025,18,ocon,17,90989.0,,,18,marina_bay,haas,20,14,Finished,0,9,44,0,,28,15.0,0,13.0,14.0,1.0,4.67,-1.0,29.07,33.85,74.36,0,3.7
2025,18,ocon,17,90989.0,,,18,marina_bay,haas,20,14,Finished,0,9,44,0,,28,15.0,0,13.0,14.0,1.0,4.67,-1.0,29.07,33.85,74.36,0,3.7
2025,18,piastri,3,90313.0,89813.0,89524.0,4,marina_bay,mclaren,9,20,Retired,0,1,623,12,366.0,324,1.0,7,8.0,5.4,1.0,-3.67,2.6,29.07,33.85,74.36,0,3.7
2025,18,piastri,3,90313.0,89813.0,89524.0,4,marina_bay,mclaren,9,20,Retired,0,1,623,12,366.0,324,1.0,7,8.0,5.4,1.0,-3.67,2.6,29.07,33.85,74.36,0,3.7
2025,18,russell,1,89928.0,89562.0,89158.0,1,marina_bay,mercedes,5,2,Finished,18,2,290,1,0.0,212,4.0,1,3.67,3.8,0.0,1.33,-0.13,29.07,33.85,74.36,0,3.7
2025,18,russell,1,89928.0,89562.0,89158.0,1,marina_bay,mercedes,5,2,Finished,18,2,290,1,0.0,212,4.0,1,3.67,3.8,0.0,1.33,-0.13,29.07,33.85,74.36,0,3.7
2025,18,sainz,20,,,,10,marina_bay,williams,2,3,Finished,15,5,101,0,,31,12.0,0,9.0,11.8,2.0,-1.0,-2.8,29.07,33.85,74.36,0,3.7
2025,18,sainz,20,,,,10,marina_bay,williams,2,3,Finished,15,5,101,0,,31,12.0,0,9.0,11.8,2.0,-1.0,-2.8,29.07,33.85,74.36,0,3.7
2025,18,stroll,15,90949.0,,,13,marina_bay,aston_martin,14,17,Finished,0,7,62,0,,32,11.0,0,14.0,12.6,0.0,2.33,1.4,29.07,33.85,74.36,0,3.7
2025,18,stroll,15,90949.0,,,13,marina_bay,aston_martin,14,17,Finished,0,7,62,0,,32,11.0,0,14.0,12.6,0.0,2.33,1.4,29.07,33.85,74.36,0,3.7
2025,18,tsunoda,13,90574.0,90353.0,,12,marina_bay,red_bull,6,6,Finished,8,4,272,4,,20,17.0,0,9.33,11.6,1.0,-0.33,-2.27,29.07,33.85,74.36,0,3.7
2025,18,tsunoda,13,90574.0,90353.0,,12,marina_bay,red_bull,6,6,Finished,8,4,272,4,,20,17.0,0,9.33,11.6,1.0,-0.33,-2.27,29.07,33.85,74.36,0,3.7
2025,19,albon,19,94690.0,,,14,americas,williams,20,14,Lapped,0,5,102,0,,70,8.0,0,11.33,10.8,3.0,6.33,0.53,28.27,45.04,22.53,0,0.0
2025,19,albon,19,94690.0,,,14,americas,williams,20,14,Lapped,0,5,102,0,,70,8.0,0,11.33,10.8,3.0,6.33,0.53,28.27,45.04,22.53,0,0.0
2025,19,alonso,10,93741.0,93237.0,93160.0,10,americas,aston_martin,10,7,Finished,6,7,68,0,650.0,36,11.0,0,13.67,10.8,4.0,-4.0,2.87,28.27,45.04,22.53,0,0.0
2025,19,alonso,10,93741.0,93237.0,93160.0,10,americas,aston_martin,10,7,Finished,6,7,68,0,650.0,36,11.0,0,13.67,10.8,4.0,-4.0,2.87,28.27,45.04,22.53,0,0.0
2025,19,antonelli,7,93501.0,93044.0,93114.0,13,americas,mercedes,4,5,Finished,10,2,325,2,604.0,88,7.0,0,6.0,8.8,4.0,-1.33,-2.8,28.27,45.04,22.53,0,0.0
2025,19,antonelli,7,93501.0,93044.0,93114.0,13,americas,mercedes,4,5,Finished,10,2,325,2,604.0,88,7.0,0,6.0,8.8,4.0,-1.33,-2.8,28.27,45.04,22.53,0,0.0
2025,19,bearman,8,93921.0,93238.0,93139.0,9,americas,haas,9,9,Finished,2,9,46,0,629.0,18,19.0,0,11.0,11.8,2.0,0.67,-0.8,28.27,45.04,22.53,0,0.0
2025,19,bearman,8,93921.0,93238.0,93139.0,9,americas,haas,9,9,Finished,2,9,46,0,629.0,18,19.0,0,11.0,11.8,2.0,0.67,-0.8,28.27,45.04,22.53,0,0.0
2025,19,bortoleto,16,94125.0,,,18,americas,sauber,14,17,Lapped,0,8,55,0,,18,18.0,0,12.0,11.4,3.0,-0.67,0.6,28.27,45.04,22.53,0,0.0
2025,19,bortoleto,16,94125.0,,,18,americas,sauber,14,17,Lapped,0,8,55,0,,18,18.0,0,12.0,11.4,3.0,-0.67,0.6,28.27,45.04,22.53,0,0.0
2025,19,colapinto,15,94039.0,94044.0,,17,americas,alpine,16,16,Lapped,0,10,20,0,,0,20.0,0,17.33,16.2,0.0,-1.0,1.13,28.27,45.04,22.53,0,0.0
2025,19,colapinto,15,94039.0,94044.0,,17,americas,alpine,16,16,Lapped,0,10,20,0,,0,20.0,0,17.33,16.2,0.0,-1.0,1.13,28.27,45.04,22.53,0,0.0
2025,19,gasly,14,93599.0,93651.0,,19,americas,alpine,19,19,Lapped,0,10,20,0,,20,16.0,0,17.67,17.8,2.0,1.33,-0.13,28.27,45.04,22.53,0,0.0
2025,19,gasly,14,93599.0,93651.0,,19,americas,alpine,19,19,Lapped,0,10,20,0,,20,16.0,0,17.67,17.8,2.0,1.33,-0.13,28.27,45.04,22.53,0,0.0
2025,19,hadjar,20,,,,16,americas,rb,8,11,Lapped,0,6,72,0,,39,9.0,0,10.33,9.0,2.0,1.33,1.33,28.27,45.04,22.53,0,0.0
2025,19,hadjar,20,,,,16,americas,rb,8,11,Lapped,0,6,72,0,,39,9.0,0,10.33,9.0,2.0,1.33,1.33,28.27,45.04,22.53,0,0.0
2025,19,hamilton,5,93685.0,92914.0,92912.0,4,americas,ferrari,6,8,Finished,4,3,298,0,402.0,125,6.0,0,7.33,10.8,1.0,2.0,-3.47,28.27,45.04,22.53,0,0.0
2025,19,hamilton,5,93685.0,92914.0,92912.0,4,americas,ferrari,6,8,Finished,4,3,298,0,402.0,125,6.0,0,7.33,10.8,1.0,2.0,-3.47,28.27,45.04,22.53,0,0.0
2025,19,hulkenberg,11,93551.0,93334.0,,8,americas,sauber,11,20,Lapped,0,8,55,0,,37,10.0,0,18.67,16.6,0.0,-5.33,2.07,28.27,45.04,22.53,0,0.0
2025,19,hulkenberg,11,93551.0,93334.0,,8,americas,sauber,11,20,Lapped,0,8,55,0,,37,10.0,0,18.67,16.6,0.0,-5.33,2.07,28.27,45.04,22.53,0,0.0
2025,19,lawson,12,93549.0,93360.0,,11,americas,rb,12,15,Lapped,0,6,72,0,,30,14.0,0,11.33,10.8,4.0,-0.33,0.53,28.27,45.04,22.53,0,0.0
2025,19,lawson,12,93549.0,93360.0,,11,americas,rb,12,15,Lapped,0,6,72,0,,30,14.0,0,11.33,10.8,4.0,-0.33,0.53,28.27,45.04,22.53,0,0.0
2025,19,leclerc,3,93525.0,92869.0,92807.0,3,americas,ferrari,7,6,Finished,8,3,298,0,297.0,173,5.0,0,6.33,8.4,1.0,0.67,-2.07,28.27,45.04,22.53,0,0.0
2025,19,leclerc,3,93525.0,92869.0,92807.0,3,americas,ferrari,7,6,Finished,8,3,298,0,297.0,173,5.0,0,6.33,8.4,1.0,0.67,-2.07,28.27,45.04,22.53,0,0.0
2025,19,max_verstappen,1,93207.0,92701.0,92510.0,1,americas,red_bull,2,2,Finished,18,4,290,4,0.0,273,3.0,4,1.33,3.0,1.0,0.0,-1.67,28.27,45.04,22.53,0,0.0
2025,19,max_verstappen,1,93207.0,92701.0,92510.0,1,americas,red_bull,2,2,Finished,18,4,290,4,0.0,273,3.0,4,1.33,3.0,1.0,0.0,-1.67,28.27,45.04,22.53,0,0.0
2025,19,norris,2,93843.0,92876.0,92801.0,2,americas,mclaren,5,3,Finished,15,1,650,12,291.0,314,2.0,5,4.0,6.2,2.0,0.67,-2.2,28.27,45.04,22.53,0,0.0
2025,19,norris,2,93843.0,92876.0,92801.0,2,americas,mclaren,5,3,Finished,15,1,650,12,291.0,314,2.0,5,4.0,6.2,2.0,0.67,-2.2,28.27,45.04,22.53,0,0.0
2025,19,ocon,17,94136.0,,,15,americas,haas,17,18,Lapped,0,9,46,0,,28,15.0,0,15.67,14.6,1.0,1.67,1.07,28.27,45.04,22.53,0,0.0
2025,19,ocon,17,94136.0,,,15,americas,haas,17,18,Lapped,0,9,46,0,,28,15.0,0,15.67,14.6,1.0,1.67,1.07,28.27,45.04,22.53,0,0.0
2025,19,piastri,6,93746.0,93228.0,93084.0,5,americas,mclaren,3,4,Finished,12,1,650,12,574.0,336,1.0,7,9.0,6.0,1.0,-4.0,3.0,28.27,45.04,22.53,0,0.0
2025,19,piastri,6,93746.0,93228.0,93084.0,5,americas,mclaren,3,4,Finished,12,1,650,12,574.0,336,1.0,7,9.0,6.0,1.0,-4.0,3.0,28.27,45.04,22.53,0,0.0
2025,19,russell,4,93311.0,93058.0,92826.0,6,americas,mercedes,1,1,Finished,25,2,325,2,316.0,237,4.0,2,2.67,3.0,0.0,1.0,-0.33,28.27,45.04,22.53,0,0.0
2025,19,russell,4,93311.0,93058.0,92826.0,6,americas,mercedes,1,1,Finished,25,2,325,2,316.0,237,4.0,2,2.67,3.0,0.0,1.0,-0.33,28.27,45.04,22.53,0,0.0
2025,19,sainz,9,93739.0,93124.0,93150.0,20,americas,williams,18,10,Lapped,1,5,102,0,640.0,32,12.0,0,8.0,10.2,2.0,3.0,-2.2,28.27,45.04,22.53,0,0.0
2025,19,sainz,9,93739.0,93124.0,93150.0,20,americas,williams,18,10,Lapped,1,5,102,0,640.0,32,12.0,0,8.0,10.2,2.0,3.0,-2.2,28.27,45.04,22.53,0,0.0
2025,19,stroll,18,94540.0,,,12,americas,aston_martin,15,13,Lapped,0,7,68,0,,32,13.0,0,16.0,12.4,0.0,-1.0,3.6,28.27,45.04,22.53,0,0.0
2025,19,stroll,18,94540.0,,,12,americas,aston_martin,15,13,Lapped,0,7,68,0,,32,13.0,0,16.0,12.4,0.0,-1.0,3.6,28.27,45.04,22.53,0,0.0
2025,19,tsunoda,13,93935.0,93466.0,,7,americas,red_bull,13,12,Lapped,0,4,290,4,,20,17.0,0,10.33,11.4,1.0,-1.0,-1.07,28.27,45.04,22.53,0,0.0
2025,19,tsunoda,13,93935.0,93466.0,,7,americas,red_bull,13,12,Lapped,0,4,290,4,,20,17.0,0,10.33,11.4,1.0,-1.0,-1.07,28.27,45.04,22.53,0,0.0
2025,20,albon,17,77490.0,,,12,rodriguez,williams,18,14,Finished,0,5,111,0,,73,8.0,0,13.67,10.6,3.0,5.33,3.07,26.41,50.59,23.23,0,0.0
2025,20,albon,17,77490.0,,,12,rodriguez,williams,18,14,Finished,0,5,111,0,,73,8.0,0,13.67,10.6,3.0,5.33,3.07,26.41,50.59,23.23,0,0.0
2025,20,alonso,14,77232.0,77103.0,,18,rodriguez,aston_martin,10,10,Finished,1,7,69,0,,37,12.0,0,10.67,11.8,4.0,-0.33,-1.13,26.41,50.59,23.23,0,0.0
2025,20,alonso,14,77232.0,77103.0,,18,rodriguez,aston_martin,10,10,Finished,1,7,69,0,,37,12.0,0,10.67,11.8,4.0,-0.33,-1.13,26.41,50.59,23.23,0,0.0
2025,20,antonelli,6,77291.0,76773.0,76118.0,6,rodriguez,mercedes,7,13,Finished,0,2,341,2,532.0,89,7.0,0,7.33,9.4,4.0,-2.33,-2.07,26.41,50.59,23.23,0,0.0
2025,20,antonelli,6,77291.0,76773.0,76118.0,6,rodriguez,mercedes,7,13,Finished,0,2,341,2,532.0,89,7.0,0,7.33,9.4,4.0,-2.33,-2.07,26.41,50.59,23.23,0,0.0
2025,20,bearman,10,77040.0,76787.0,76460.0,4,rodriguez,haas,8,9,Finished,2,9,48,0,874.0,20,18.0,0,10.0,9.6,2.0,0.67,0.4,26.41,50.59,23.23,0,0.0
2025,20,bearman,10,77040.0,76787.0,76460.0,4,rodriguez,haas,8,9,Finished,2,9,48,0,874.0,20,18.0,0,10.0,9.6,2.0,0.67,0.4,26.41,50.59,23.23,0,0.0
2025,20,bortoleto,16,77412.0,,,10,rodriguez,sauber,16,18,Lapped,0,8,59,0,,18,19.0,0,15.33,13.8,3.0,-1.0,1.53,26.41,50.59,23.23,0,0.0
2025,20,bortoleto,16,77412.0,,,10,rodriguez,sauber,16,18,Lapped,0,8,59,0,,18,19.0,0,15.33,13.8,3.0,-1.0,1.53,26.41,50.59,23.23,0,0.0
2025,20,colapinto,20,77670.0,,,16,rodriguez,alpine,15,17,Lapped,0,10,20,0,,0,20.0,0,17.33,16.0,0.0,-1.67,1.33,26.41,50.59,23.23,0,0.0
2025,20,colapinto,20,77670.0,,,16,rodriguez,alpine,15,17,Lapped,0,10,20,0,,0,20.0,0,17.33,16.0,0.0,-1.67,1.33,26.41,50.59,23.23,0,0.0
2025,20,gasly,18,77546.0,,,15,rodriguez,alpine,14,19,Lapped,0,10,20,0,,20,17.0,0,18.67,17.8,2.0,-1.67,0.87,26.41,50.59,23.23,0,0.0
2025,20,gasly,18,77546.0,,,15,rodriguez,alpine,14,19,Lapped,0,10,20,0,,20,17.0,0,18.67,17.8,2.0,-1.67,0.87,26.41,50.59,23.23,0,0.0
2025,20,hadjar,9,76733.0,76804.0,76252.0,13,rodriguez,rb,20,16,Finished,0,6,72,0,666.0,39,10.0,0,12.33,10.0,2.0,-0.33,2.33,26.41,50.59,23.23,0,0.0
2025,20,hadjar,9,76733.0,76804.0,76252.0,13,rodriguez,rb,20,16,Finished,0,6,72,0,666.0,39,10.0,0,12.33,10.0,2.0,-0.33,2.33,26.41,50.59,23.23,0,0.0
2025,20,hamilton,3,76736.0,76458.0,75938.0,8,rodriguez,ferrari,5,4,Finished,12,3,334,0,352.0,142,6.0,0,6.67,9.2,1.0,1.0,-2.53,26.41,50.59,23.23,0,0.0
2025,20,hamilton,3,76736.0,76458.0,75938.0,8,rodriguez,ferrari,5,4,Finished,12,3,334,0,352.0,142,6.0,0,6.67,9.2,1.0,1.0,-2.53,26.41,50.59,23.23,0,0.0
2025,20,hulkenberg,13,77251.0,77016.0,,19,rodriguez,sauber,11,8,Finished,4,8,59,0,,41,9.0,0,14.67,15.6,0.0,-1.67,-0.93,26.41,50.59,23.23,0,0.0
2025,20,hulkenberg,13,77251.0,77016.0,,19,rodriguez,sauber,11,8,Finished,4,8,59,0,,41,9.0,0,14.67,15.6,0.0,-1.67,-0.93,26.41,50.59,23.23,0,0.0
2025,20,lawson,15,76961.0,78072.0,,20,rodriguez,rb,12,11,Finished,0,6,72,0,,30,14.0,0,10.33,11.4,4.0,-1.33,-1.07,26.41,50.59,23.23,0,0.0
2025,20,lawson,15,76961.0,78072.0,,20,rodriguez,rb,12,11,Finished,0,6,72,0,,30,14.0,0,10.33,11.4,4.0,-1.33,-1.07,26.41,50.59,23.23,0,0.0
2025,20,leclerc,2,77024.0,76658.0,75848.0,2,rodriguez,ferrari,3,3,Finished,15,3,334,0,262.0,192,5.0,0,6.0,8.2,1.0,0.67,-2.2,26.41,50.59,23.23,0,0.0
2025,20,leclerc,2,77024.0,76658.0,75848.0,2,rodriguez,ferrari,3,3,Finished,15,3,334,0,262.0,192,5.0,0,6.0,8.2,1.0,0.67,-2.2,26.41,50.59,23.23,0,0.0
2025,20,max_verstappen,5,77076.0,76605.0,76070.0,3,rodriguez,red_bull,1,1,Finished,25,4,331,5,484.0,306,3.0,5,1.33,1.4,1.0,0.0,-0.07,26.41,50.59,23.23,0,0.0
2025,20,max_verstappen,5,77076.0,76605.0,76070.0,3,rodriguez,red_bull,1,1,Finished,25,4,331,5,484.0,306,3.0,5,1.33,1.4,1.0,0.0,-0.07,26.41,50.59,23.23,0,0.0
2025,20,norris,1,76899.0,76252.0,75586.0,1,rodriguez,mclaren,2,2,Finished,18,1,678,12,0.0,332,2.0,5,4.0,6.4,2.0,0.67,-2.4,26.41,50.59,23.23,0,0.0
2025,20,norris,1,76899.0,76252.0,75586.0,1,rodriguez,mclaren,2,2,Finished,18,1,678,12,0.0,332,2.0,5,4.0,6.4,2.0,0.67,-2.4,26.41,50.59,23.23,0,0.0
2025,20,ocon,12,76948.0,76837.0,,9,rodriguez,haas,17,15,Finished,0,9,48,0,,28,15.0,0,15.67,14.4,1.0,2.33,1.27,26.41,50.59,23.23,0,0.0
2025,20,ocon,12,76948.0,76837.0,,9,rodriguez,haas,17,15,Finished,0,9,48,0,,28,15.0,0,15.67,14.4,1.0,2.33,1.27,26.41,50.59,23.23,0,0.0
2025,20,piastri,8,77158.0,76737.0,76174.0,5,rodriguez,mclaren,6,5,Finished,10,1,678,12,588.0,346,1.0,7,9.67,6.6,1.0,-3.67,3.07,26.41,50.59,23.23,0,0.0
2025,20,piastri,8,77158.0,76737.0,76174.0,5,rodriguez,mclaren,6,5,Finished,10,1,678,12,588.0,346,1.0,7,9.67,6.6,1.0,-3.67,3.07,26.41,50.59,23.23,0,0.0
2025,20,russell,4,76895.0,76537.0,76034.0,7,rodriguez,mercedes,4,6,Finished,8,2,341,2,448.0,252,4.0,2,3.0,3.6,0.0,0.33,-0.6,26.41,50.59,23.23,0,0.0
2025,20,russell,4,76895.0,76537.0,76034.0,7,rodriguez,mercedes,4,6,Finished,8,2,341,2,448.0,252,4.0,2,3.0,3.6,0.0,0.33,-0.6,26.41,50.59,23.23,0,0.0
2025,20,sainz,7,77171.0,76607.0,76172.0,17,rodriguez,williams,9,20,Retired,0,5,111,0,586.0,38,11.0,0,11.0,11.4,3.0,-1.33,-0.4,26.41,50.59,23.23,0,0.0
2025,20,sainz,7,77171.0,76607.0,76172.0,17,rodriguez,williams,9,20,Retired,0,5,111,0,586.0,38,11.0,0,11.0,11.4,3.0,-1.33,-0.4,26.41,50.59,23.23,0,0.0
2025,20,stroll,19,77606.0,,,14,rodriguez,aston_martin,19,12,Finished,0,7,69,0,,32,13.0,0,14.0,13.4,0.0,2.0,0.6,26.41,50.59,23.23,0,0.0
2025,20,stroll,19,77606.0,,,14,rodriguez,aston_martin,19,12,Finished,0,7,69,0,,32,13.0,0,14.0,13.4,0.0,2.0,0.6,26.41,50.59,23.23,0,0.0
2025,20,tsunoda,11,77234.0,76816.0,,11,rodriguez,red_bull,13,7,Finished,6,4,331,5,,28,16.0,0,8.33,9.4,1.0,2.33,-1.07,26.41,50.59,23.23,0,0.0
2025,20,tsunoda,11,77234.0,76816.0,,11,rodriguez,red_bull,13,7,Finished,6,4,331,5,,28,16.0,0,8.33,9.4,1.0,2.33,-1.07,26.41,50.59,23.23,0,0.0
2025,21,albon,12,70115.0,70053.0,,11,interlagos,williams,17,12,Lapped,0,5,111,0,,73,8.0,0,13.33,12.0,3.0,5.0,1.33,17.35,30.69,70.57,0,0.0
2025,21,albon,12,70115.0,70053.0,,11,interlagos,williams,17,12,Lapped,0,5,111,0,,73,8.0,0,13.33,12.0,3.0,5.0,1.33,17.35,30.69,70.57,0,0.0
2025,21,alonso,11,70181.0,70001.0,,14,interlagos,aston_martin,14,18,Retired,0,7,69,0,,37,12.0,0,11.67,13.8,5.0,-0.33,-2.13,17.35,30.69,70.57,0,0.0
2025,21,alonso,11,70181.0,70001.0,,14,interlagos,aston_martin,14,18,Retired,0,7,69,0,,37,12.0,0,11.67,13.8,5.0,-0.33,-2.13,17.35,30.69,70.57,0,0.0
2025,21,antonelli,2,70192.0,69774.0,69685.0,2,interlagos,mercedes,6,6,Finished,8,3,355,2,174.0,97,7.0,0,8.0,7.4,4.0,-2.33,0.6,17.35,30.69,70.57,0,0.0
2025,21,antonelli,2,70192.0,69774.0,69685.0,2,interlagos,mercedes,6,6,Finished,8,3,355,2,174.0,97,7.0,0,8.0,7.4,4.0,-2.33,0.6,17.35,30.69,70.57,0,0.0
2025,21,bearman,8,69891.0,69755.0,69977.0,6,interlagos,haas,9,4,Finished,12,8,62,0,466.0,32,13.0,0,7.33,9.2,2.0,1.33,-1.87,17.35,30.69,70.57,0,0.0
2025,21,bearman,8,69891.0,69755.0,69977.0,6,interlagos,haas,9,4,Finished,12,8,62,0,466.0,32,13.0,0,7.33,9.2,2.0,1.33,-1.87,17.35,30.69,70.57,0,0.0
2025,21,bortoleto,,,,,20,interlagos,sauber,16,10,Finished,1,9,60,0,,19,19.0,0,15.0,12.8,3.0,0.33,2.2,17.35,30.69,70.57,0,0.0
2025,21,bortoleto,,,,,20,interlagos,sauber,16,10,Finished,1,9,60,0,,19,19.0,0,15.0,12.8,3.0,0.33,2.2,17.35,30.69,70.57,0,0.0
2025,21,colapinto,18,70632.0,,,15,interlagos,alpine,20,16,Lapped,0,10,20,0,,0,20.0,0,16.33,17.0,0.0,0.67,-0.67,17.35,30.69,70.57,0,0.0
2025,21,colapinto,18,70632.0,,,15,interlagos,alpine,20,16,Lapped,0,10,20,0,,0,20.0,0,16.33,17.0,0.0,0.67,-0.67,17.35,30.69,70.57,0,0.0
2025,21,gasly,9,69885.0,69857.0,70002.0,10,interlagos,alpine,18,15,Lapped,0,10,20,0,491.0,20,18.0,0,17.67,17.4,2.0,-0.67,0.27,17.35,30.69,70.57,0,0.0
2025,21,gasly,9,69885.0,69857.0,70002.0,10,interlagos,alpine,18,15,Lapped,0,10,20,0,491.0,20,18.0,0,17.67,17.4,2.0,-0.67,0.27,17.35,30.69,70.57,0,0.0
2025,21,hadjar,5,70083.0,69970.0,69931.0,8,interlagos,rb,8,13,Lapped,0,6,72,0,420.0,39,10.0,0,13.33,12.0,2.0,-1.33,1.33,17.35,30.69,70.57,0,0.0
2025,21,hadjar,5,70083.0,69970.0,69931.0,8,interlagos,rb,8,13,Lapped,0,6,72,0,420.0,39,10.0,0,13.33,12.0,2.0,-1.33,1.33,17.35,30.69,70.57,0,0.0
2025,21,hamilton,13,70016.0,70100.0,,18,interlagos,ferrari,3,8,Finished,4,2,356,0,,146,6.0,0,6.67,6.8,1.0,-2.0,-0.13,17.35,30.69,70.57,0,0.0
2025,21,hamilton,13,70016.0,70100.0,,18,interlagos,ferrari,3,8,Finished,4,2,356,0,,146,6.0,0,6.67,6.8,1.0,-2.0,-0.13,17.35,30.69,70.57,0,0.0
2025,21,hulkenberg,10,70337.0,69985.0,70039.0,9,interlagos,sauber,13,19,Retired,0,9,60,0,528.0,41,9.0,0,15.67,16.6,1.0,-4.0,-0.93,17.35,30.69,70.57,0,0.0
2025,21,hulkenberg,10,70337.0,69985.0,70039.0,9,interlagos,sauber,13,19,Retired,0,9,60,0,528.0,41,9.0,0,15.67,16.6,1.0,-4.0,-0.93,17.35,30.69,70.57,0,0.0
2025,21,lawson,7,70108.0,69950.0,69962.0,7,interlagos,rb,15,20,Retired,0,6,72,0,451.0,30,15.0,0,15.33,13.0,5.0,-2.33,2.33,17.35,30.69,70.57,0,0.0
2025,21,lawson,7,70108.0,69950.0,69962.0,7,interlagos,rb,15,20,Retired,0,6,72,0,451.0,30,15.0,0,15.33,13.0,5.0,-2.33,2.33,17.35,30.69,70.57,0,0.0
2025,21,leclerc,3,69934.0,69801.0,69805.0,19,interlagos,ferrari,2,2,Finished,18,2,356,0,294.0,210,5.0,0,3.67,4.8,1.0,0.33,-1.13,17.35,30.69,70.57,0,0.0
2025,21,leclerc,3,69934.0,69801.0,69805.0,19,interlagos,ferrari,2,2,Finished,18,2,356,0,294.0,210,5.0,0,3.67,4.8,1.0,0.33,-1.13,17.35,30.69,70.57,0,0.0
2025,21,max_verstappen,16,70403.0,,,3,interlagos,red_bull,5,3,Finished,15,4,346,5,,321,3.0,5,2.0,1.6,1.0,0.67,0.4,17.35,30.69,70.57,0,0.0
2025,21,max_verstappen,16,70403.0,,,3,interlagos,red_bull,5,3,Finished,15,4,346,5,,321,3.0,5,2.0,1.6,1.0,0.67,0.4,17.35,30.69,70.57,0,0.0
2025,21,norris,1,69656.0,69616.0,69511.0,1,interlagos,mclaren,1,1,Finished,25,1,713,13,0.0,357,1.0,6,2.0,3.0,2.0,0.67,-1.0,17.35,30.69,70.57,0,0.0
2025,21,norris,1,69656.0,69616.0,69511.0,1,interlagos,mclaren,1,1,Finished,25,1,713,13,0.0,357,1.0,6,2.0,3.0,2.0,0.67,-1.0,17.35,30.69,70.57,0,0.0
2025,21,ocon,17,70438.0,,,12,interlagos,haas,11,9,Finished,2,8,62,0,,30,16.0,0,14.0,14.2,1.0,1.0,-0.2,17.35,30.69,70.57,0,0.0
2025,21,ocon,17,70438.0,,,12,interlagos,haas,11,9,Finished,2,8,62,0,,30,16.0,0,14.0,14.2,1.0,1.0,-0.2,17.35,30.69,70.57,0,0.0
2025,21,piastri,4,69928.0,69835.0,69886.0,5,interlagos,mclaren,7,5,Finished,10,1,713,13,375.0,356,2.0,7,4.67,7.4,1.0,0.67,-2.73,17.35,30.69,70.57,0,0.0
2025,21,piastri,4,69928.0,69835.0,69886.0,5,interlagos,mclaren,7,5,Finished,10,1,713,13,375.0,356,2.0,7,4.67,7.4,1.0,0.67,-2.73,17.35,30.69,70.57,0,0.0
2025,21,russell,6,69935.0,69880.0,69942.0,4,interlagos,mercedes,4,7,Finished,6,3,355,2,431.0,258,4.0,2,4.67,4.2,0.0,-1.67,0.47,17.35,30.69,70.57,0,0.0
2025,21,russell,6,69935.0,69880.0,69942.0,4,interlagos,mercedes,4,7,Finished,6,3,355,2,431.0,258,4.0,2,4.67,4.2,0.0,-1.67,0.47,17.35,30.69,70.57,0,0.0
2025,21,sainz,15,70184.0,70472.0,,13,interlagos,williams,12,17,Retired,0,5,111,0,,38,11.0,0,15.67,12.2,4.0,-2.67,3.47,17.35,30.69,70.57,0,0.0
2025,21,sainz,15,70184.0,70472.0,,13,interlagos,williams,12,17,Retired,0,5,111,0,,38,11.0,0,15.67,12.2,4.0,-2.67,3.47,17.35,30.69,70.57,0,0.0
2025,21,stroll,14,70041.0,70161.0,,16,interlagos,aston_martin,19,14,Lapped,0,7,69,0,,32,14.0,0,13.0,14.8,0.0,4.67,-1.8,17.35,30.69,70.57,0,0.0
2025,21,stroll,14,70041.0,70161.0,,16,interlagos,aston_martin,19,14,Lapped,0,7,69,0,,32,14.0,0,13.0,14.8,0.0,4.67,-1.8,17.35,30.69,70.57,0,0.0
2025,21,tsunoda,19,70711.0,,,17,interlagos,red_bull,10,11,Finished,0,4,346,5,,28,17.0,0,10.0,9.8,1.0,2.0,0.2,17.35,30.69,70.57,0,0.0
2025,21,tsunoda,19,70711.0,,,17,interlagos,red_bull,10,11,Finished,0,4,346,5,,28,17.0,0,10.0,9.8,1.0,2.0,0.2,17.35,30.69,70.57,0,0.0
2025,22,albon,16,116220.0,,,16,vegas,williams,12,11,Finished,0,5,111,0,,73,8.0,0,12.33,12.8,3.0,3.33,-0.47,16.73,19.53,37.77,0,0.0
2025,22,albon,16,116220.0,,,16,vegas,williams,12,11,Finished,0,5,111,0,,73,8.0,0,12.33,12.8,3.0,3.33,-0.47,16.73,19.53,37.77,0,0.0
2025,22,alonso,7,113739.0,111865.0,109466.0,11,vegas,aston_martin,11,14,Finished,0,7,72,0,1532.0,40,12.0,0,14.0,12.8,5.0,-2.33,1.2,16.73,19.53,37.77,0,0.0
2025,22,alonso,7,113739.0,111865.0,109466.0,11,vegas,aston_martin,11,14,Finished,0,7,72,0,1532.0,40,12.0,0,14.0,12.8,5.0,-2.33,1.2,16.73,19.53,37.77,0,0.0
2025,22,antonelli,17,116314.0,,,3,vegas,mercedes,2,2,Finished,18,2,398,2,,122,7.0,0,7.0,6.0,4.0,-2.0,1.0,16.73,19.53,37.77,0,0.0
2025,22,antonelli,17,116314.0,,,3,vegas,mercedes,2,2,Finished,18,2,398,2,,122,7.0,0,7.0,6.0,4.0,-2.0,1.0,16.73,19.53,37.77,0,0.0
2025,22,bearman,14,116016.0,113094.0,,10,vegas,haas,8,6,Finished,8,8,70,0,,40,11.0,0,6.33,8.0,2.0,2.0,-1.67,16.73,19.53,37.77,0,0.0
2025,22,bearman,14,116016.0,113094.0,,10,vegas,haas,8,6,Finished,8,8,70,0,,40,11.0,0,6.33,8.0,2.0,2.0,-1.67,16.73,19.53,37.77,0,0.0
2025,22,bortoleto,18,116674.0,,,17,vegas,sauber,18,20,Retired,0,9,62,0,,19,19.0,0,16.0,15.2,4.0,0.67,0.8,16.73,19.53,37.77,0,0.0
2025,22,bortoleto,18,116674.0,,,17,vegas,sauber,18,20,Retired,0,9,62,0,,19,19.0,0,16.0,15.2,4.0,0.67,0.8,16.73,19.53,37.77,0,0.0
2025,22,colapinto,15,114847.0,113683.0,,15,vegas,alpine,16,15,Finished,0,10,22,0,,0,20.0,0,16.0,16.6,0.0,1.0,-0.6,16.73,19.53,37.77,0,0.0
2025,22,colapinto,15,114847.0,113683.0,,15,vegas,alpine,16,15,Finished,0,10,22,0,,0,20.0,0,16.0,16.6,0.0,1.0,-0.6,16.73,19.53,37.77,0,0.0
2025,22,gasly,10,114432.0,111760.0,111540.0,13,vegas,alpine,9,10,Finished,1,10,22,0,3606.0,22,18.0,0,14.67,16.2,2.0,-1.0,-1.53,16.73,19.53,37.77,0,0.0
2025,22,gasly,10,114432.0,111760.0,111540.0,13,vegas,alpine,9,10,Finished,1,10,22,0,3606.0,22,18.0,0,14.67,16.2,2.0,-1.0,-1.53,16.73,19.53,37.77,0,0.0
2025,22,hadjar,8,115613.0,111120.0,109554.0,6,vegas,rb,5,8,Finished,4,6,82,0,1620.0,43,10.0,0,12.33,11.6,2.0,-1.33,0.73,16.73,19.53,37.77,0,0.0
2025,22,hadjar,8,115613.0,111120.0,109554.0,6,vegas,rb,5,8,Finished,4,6,82,0,1620.0,43,10.0,0,12.33,11.6,2.0,-1.33,0.73,16.73,19.53,37.77,0,0.0
2025,22,hamilton,20,117115.0,,,8,vegas,ferrari,13,18,Retired,0,4,362,0,,148,6.0,0,10.0,9.2,2.0,-3.0,0.8,16.73,19.53,37.77,0,0.0
2025,22,hamilton,20,117115.0,,,8,vegas,ferrari,13,18,Retired,0,4,362,0,,148,6.0,0,10.0,9.2,2.0,-3.0,0.8,16.73,19.53,37.77,0,0.0
2025,22,hulkenberg,11,114555.0,112781.0,,7,vegas,sauber,10,9,Finished,2,9,62,0,,43,9.0,0,12.0,14.4,1.0,-0.67,-2.4,16.73,19.53,37.77,0,0.0
2025,22,hulkenberg,11,114555.0,112781.0,,7,vegas,sauber,10,9,Finished,2,9,62,0,,43,9.0,0,12.0,14.4,1.0,-0.67,-2.4,16.73,19.53,37.77,0,0.0
2025,22,lawson,6,114828.0,111621.0,109062.0,14,vegas,rb,7,7,Finished,6,6,82,0,1128.0,36,14.0,0,12.67,11.6,5.0,-1.33,1.07,16.73,19.53,37.77,0,0.0
2025,22,lawson,6,114828.0,111621.0,109062.0,14,vegas,rb,7,7,Finished,6,6,82,0,1128.0,36,14.0,0,12.67,11.6,5.0,-1.33,1.07,16.73,19.53,37.77,0,0.0
2025,22,leclerc,9,114814.0,111952.0,109872.0,4,vegas,ferrari,3,19,Retired,0,4,362,0,1938.0,214,5.0,0,8.0,7.8,2.0,-5.33,0.2,16.73,19.53,37.77,0,0.0
2025,22,leclerc,9,114814.0,111952.0,109872.0,4,vegas,ferrari,3,19,Retired,0,4,362,0,1938.0,214,5.0,0,8.0,7.8,2.0,-5.33,0.2,16.73,19.53,37.77,0,0.0
2025,22,max_verstappen,2,113458.0,111593.0,108257.0,1,vegas,red_bull,19,3,Finished,15,3,366,5,323.0,341,3.0,5,2.33,2.0,1.0,6.0,0.33,16.73,19.53,37.77,0,0.0
2025,22,max_verstappen,2,113458.0,111593.0,108257.0,1,vegas,red_bull,19,3,Finished,15,3,366,5,323.0,341,3.0,5,2.33,2.0,1.0,6.0,0.33,16.73,19.53,37.77,0,0.0
2025,22,norris,1,115473.0,111379.0,107934.0,19,vegas,mclaren,1,1,Finished,25,1,756,14,0.0,390,1.0,7,1.33,2.8,2.0,0.0,-1.47,16.73,19.53,37.77,0,0.0
2025,22,norris,1,115473.0,111379.0,107934.0,19,vegas,mclaren,1,1,Finished,25,1,756,14,0.0,390,1.0,7,1.33,2.8,2.0,0.0,-1.47,16.73,19.53,37.77,0,0.0
2025,22,ocon,13,114635.0,112987.0,,9,vegas,haas,20,12,Finished,0,8,70,0,,30,16.0,0,12.0,13.6,1.0,4.0,-1.6,16.73,19.53,37.77,0,0.0
2025,22,ocon,13,114635.0,112987.0,,9,vegas,haas,20,12,Finished,0,8,70,0,,30,16.0,0,12.0,13.6,1.0,4.0,-1.6,16.73,19.53,37.77,0,0.0
2025,22,piastri,5,114544.0,112126.0,108961.0,20,vegas,mclaren,4,5,Finished,10,1,756,14,1027.0,366,2.0,7,5.0,7.8,1.0,0.67,-2.8,16.73,19.53,37.77,0,0.0
2025,22,piastri,5,114544.0,112126.0,108961.0,20,vegas,mclaren,4,5,Finished,10,1,756,14,1027.0,366,2.0,7,5.0,7.8,1.0,0.67,-2.8,16.73,19.53,37.77,0,0.0
2025,22,russell,4,113144.0,110935.0,108803.0,2,vegas,mercedes,6,4,Finished,12,2,398,2,869.0,276,4.0,2,5.67,4.0,0.0,-1.0,1.67,16.73,19.53,37.77,0,0.0
2025,22,russell,4,113144.0,110935.0,108803.0,2,vegas,mercedes,6,4,Finished,12,2,398,2,869.0,276,4.0,2,5.67,4.0,0.0,-1.0,1.67,16.73,19.53,37.77,0,0.0
2025,22,sainz,3,114873.0,111144.0,108296.0,5,vegas,williams,15,13,Finished,0,5,111,0,362.0,38,13.0,0,16.67,12.6,4.0,-4.67,4.07,16.73,19.53,37.77,0,0.0
2025,22,sainz,3,114873.0,111144.0,108296.0,5,vegas,williams,15,13,Finished,0,5,111,0,362.0,38,13.0,0,16.67,12.6,4.0,-4.67,4.07,16.73,19.53,37.77,0,0.0
2025,22,stroll,12,114416.0,112850.0,,18,vegas,aston_martin,14,16,Finished,0,7,72,0,,32,15.0,0,14.0,14.4,0.0,3.33,-0.4,16.73,19.53,37.77,0,0.0
2025,22,stroll,12,114416.0,112850.0,,18,vegas,aston_martin,14,16,Finished,0,7,72,0,,32,15.0,0,14.0,14.4,0.0,3.33,-0.4,16.73,19.53,37.77,0,0.0
2025,22,tsunoda,19,116798.0,,,12,vegas,red_bull,17,17,Finished,0,3,366,5,,28,17.0,0,11.67,10.6,1.0,1.67,1.07,16.73,19.53,37.77,0,0.0
2025,22,tsunoda,19,116798.0,,,12,vegas,red_bull,17,17,Finished,0,3,366,5,,28,17.0,0,11.67,10.6,1.0,1.67,1.07,16.73,19.53,37.77,0,0.0
2025,23,albon,15,80629.0,80629.0,,11,losail,williams,16,16,Retired,0,5,121,0,,73,8.0,0,13.0,13.4,4.0,2.0,-0.4,22.6,28.16,69.05,0,0.0
2025,23,albon,15,80629.0,80629.0,,11,losail,williams,16,16,Retired,0,5,121,0,,73,8.0,0,13.0,13.4,4.0,2.0,-0.4,22.6,28.16,69.05,0,0.0
2025,23,alonso,8,80598.0,80219.0,80418.0,7,losail,aston_martin,7,11,Finished,0,8,72,0,1031.0,40,13.0,0,14.33,12.0,5.0,-3.67,2.33,22.6,28.16,69.05,0,0.0
2025,23,alonso,8,80598.0,80219.0,80418.0,7,losail,aston_martin,7,11,Finished,0,8,72,0,1031.0,40,13.0,0,14.33,12.0,5.0,-3.67,2.33,22.6,28.16,69.05,0,0.0
2025,23,antonelli,5,80576.0,80084.0,79846.0,5,losail,mercedes,17,3,Finished,15,2,431,2,459.0,137,7.0,0,3.67,5.8,4.0,4.67,-2.13,22.6,28.16,69.05,0,0.0
2025,23,antonelli,5,80576.0,80084.0,79846.0,5,losail,mercedes,17,3,Finished,15,2,431,2,459.0,137,7.0,0,3.67,5.8,4.0,4.67,-2.13,22.6,28.16,69.05,0,0.0
2025,23,bearman,13,80548.0,80438.0,,19,losail,haas,14,10,Finished,1,7,73,0,,41,12.0,0,6.67,7.6,2.0,3.67,-0.93,22.6,28.16,69.05,0,0.0
2025,23,bearman,13,80548.0,80438.0,,19,losail,haas,14,10,Finished,1,7,73,0,,41,12.0,0,6.67,7.6,2.0,3.67,-0.93,22.6,28.16,69.05,0,0.0
2025,23,bortoleto,14,80653.0,80534.0,,13,losail,sauber,18,17,Retired,0,9,68,0,,19,19.0,0,15.67,16.4,5.0,1.67,-0.73,22.6,28.16,69.05,0,0.0
2025,23,bortoleto,14,80653.0,80534.0,,13,losail,sauber,18,17,Retired,0,9,68,0,,19,19.0,0,15.67,16.4,5.0,1.67,-0.73,22.6,28.16,69.05,0,0.0
2025,23,colapinto,20,81137.0,,,14,losail,alpine,15,15,Lapped,0,10,22,0,,0,20.0,0,15.33,15.8,0.0,1.67,-0.47,22.6,28.16,69.05,0,0.0
2025,23,colapinto,20,81137.0,,,14,losail,alpine,15,15,Lapped,0,10,22,0,,0,20.0,0,15.33,15.8,0.0,1.67,-0.47,22.6,28.16,69.05,0,0.0
2025,23,gasly,9,80681.0,80324.0,80477.0,16,losail,alpine,10,13,Finished,0,10,22,0,1090.0,22,18.0,0,12.67,15.2,2.0,-0.33,-2.53,22.6,28.16,69.05,0,0.0
2025,23,gasly,9,80681.0,80324.0,80477.0,16,losail,alpine,10,13,Finished,0,10,22,0,1090.0,22,18.0,0,12.67,15.2,2.0,-0.33,-2.53,22.6,28.16,69.05,0,0.0
2025,23,hadjar,6,80603.0,80350.0,80114.0,18,losail,rb,8,6,Finished,8,6,90,0,727.0,51,9.0,0,9.0,10.8,2.0,-2.0,-1.8,22.6,28.16,69.05,0,0.0
2025,23,hadjar,6,80603.0,80350.0,80114.0,18,losail,rb,8,6,Finished,8,6,90,0,727.0,51,9.0,0,9.0,10.8,2.0,-2.0,-1.8,22.6,28.16,69.05,0,0.0
2025,23,hamilton,18,80907.0,,,12,losail,ferrari,19,8,Finished,4,4,378,0,,152,6.0,0,11.33,9.2,2.0,0.33,2.13,22.6,28.16,69.05,0,0.0
2025,23,hamilton,18,80907.0,,,12,losail,ferrari,19,8,Finished,4,4,378,0,,152,6.0,0,11.33,9.2,2.0,0.33,2.13,22.6,28.16,69.05,0,0.0
2025,23,hulkenberg,11,80630.0,80353.0,,20,losail,sauber,11,7,Finished,6,9,68,0,,49,10.0,0,11.67,12.6,1.0,-0.33,-0.93,22.6,28.16,69.05,0,0.0
2025,23,hulkenberg,11,80630.0,80353.0,,20,losail,sauber,11,7,Finished,6,9,68,0,,49,10.0,0,11.67,12.6,1.0,-0.33,-0.93,22.6,28.16,69.05,0,0.0
2025,23,lawson,12,80539.0,80433.0,,9,losail,rb,6,14,Lapped,0,6,90,0,,36,14.0,0,13.67,13.4,5.0,-4.33,0.27,22.6,28.16,69.05,0,0.0
2025,23,lawson,12,80539.0,80433.0,,9,losail,rb,6,14,Lapped,0,6,90,0,,36,14.0,0,13.67,13.4,5.0,-4.33,0.27,22.6,28.16,69.05,0,0.0
2025,23,leclerc,10,80564.0,80343.0,80561.0,8,losail,ferrari,9,4,Finished,12,4,378,0,1174.0,226,5.0,0,8.33,6.8,2.0,-3.67,1.53,22.6,28.16,69.05,0,0.0
2025,23,leclerc,10,80564.0,80343.0,80561.0,8,losail,ferrari,9,4,Finished,12,4,378,0,1174.0,226,5.0,0,8.33,6.8,2.0,-3.67,1.53,22.6,28.16,69.05,0,0.0
2025,23,max_verstappen,3,80472.0,79985.0,79651.0,1,losail,red_bull,2,1,Finished,25,3,391,6,264.0,366,3.0,6,2.33,2.0,1.0,6.33,0.33,22.6,28.16,69.05,0,0.0
2025,23,max_verstappen,3,80472.0,79985.0,79651.0,1,losail,red_bull,2,1,Finished,25,3,391,6,264.0,366,3.0,6,2.33,2.0,1.0,6.33,0.33,22.6,28.16,69.05,0,0.0
2025,23,norris,2,80157.0,79861.0,79495.0,4,losail,mclaren,1,19,Disqualified,0,1,756,14,108.0,390,1.0,7,7.0,5.2,2.0,-6.0,1.8,22.6,28.16,69.05,0,0.0
2025,23,norris,2,80157.0,79861.0,79495.0,4,losail,mclaren,1,19,Disqualified,0,1,756,14,108.0,390,1.0,7,7.0,5.2,2.0,-6.0,1.8,22.6,28.16,69.05,0,0.0
2025,23,ocon,17,80864.0,,,15,losail,haas,13,9,Finished,2,7,73,0,,32,15.0,0,10.0,12.6,1.0,4.67,-2.6,22.6,28.16,69.05,0,0.0
2025,23,ocon,17,80864.0,,,15,losail,haas,13,9,Finished,2,7,73,0,,32,15.0,0,10.0,12.6,1.0,4.67,-2.6,22.6,28.16,69.05,0,0.0
2025,23,piastri,1,80234.0,79650.0,79387.0,2,losail,mclaren,5,20,Disqualified,0,1,756,14,0.0,366,2.0,7,10.0,7.8,1.0,-4.67,2.2,22.6,28.16,69.05,0,0.0
2025,23,piastri,1,80234.0,79650.0,79387.0,2,losail,mclaren,5,20,Disqualified,0,1,756,14,0.0,366,2.0,7,10.0,7.8,1.0,-4.67,2.2,22.6,28.16,69.05,0,0.0
2025,23,russell,4,80074.0,80186.0,79662.0,6,losail,mercedes,4,2,Finished,18,2,431,2,275.0,294,4.0,2,4.33,4.0,0.0,0.33,0.33,22.6,28.16,69.05,0,0.0
2025,23,russell,4,80074.0,80186.0,79662.0,6,losail,mercedes,4,2,Finished,18,2,431,2,275.0,294,4.0,2,4.33,4.0,0.0,0.33,0.33,22.6,28.16,69.05,0,0.0
2025,23,sainz,7,80520.0,80251.0,80287.0,3,losail,williams,3,5,Finished,10,5,121,0,900.0,48,11.0,0,11.67,13.0,4.0,-1.67,-1.33,22.6,28.16,69.05,0,0.0
2025,23,sainz,7,80520.0,80251.0,80287.0,3,losail,williams,3,5,Finished,10,5,121,0,900.0,48,11.0,0,11.67,13.0,4.0,-1.67,-1.33,22.6,28.16,69.05,0,0.0
2025,23,stroll,19,81058.0,,,17,losail,aston_martin,12,18,Retired,0,8,72,0,,32,16.0,0,16.0,14.6,1.0,-1.0,1.4,22.6,28.16,69.05,0,0.0
2025,23,stroll,19,81058.0,,,17,losail,aston_martin,12,18,Retired,0,8,72,0,,32,16.0,0,16.0,14.6,1.0,-1.0,1.4,22.6,28.16,69.05,0,0.0
2025,23,tsunoda,16,80761.0,,,10,losail,red_bull,20,12,Finished,0,3,391,6,,28,17.0,0,13.33,11.8,1.0,2.33,1.53,22.6,28.16,69.05,0,0.0
2025,23,tsunoda,16,80761.0,,,10,losail,red_bull,20,12,Finished,0,3,391,6,,28,17.0,0,13.33,11.8,1.0,2.33,1.53,22.6,28.16,69.05,0,0.0
2025,24,albon,17,83416.0,,,16,yas_marina,williams,14,11,Finished,0,5,137,0,,73,8.0,0,12.67,12.8,4.0,1.33,-0.13,26.67,31.06,60.44,0,0.0
2025,24,albon,17,83416.0,,,16,yas_marina,williams,14,11,Finished,0,5,137,0,,73,8.0,0,12.67,12.8,4.0,1.33,-0.13,26.67,31.06,60.44,0,0.0
2025,24,alonso,6,83071.0,82861.0,82902.0,6,yas_marina,aston_martin,8,7,Finished,6,7,80,0,695.0,48,12.0,0,10.67,12.0,5.0,-2.0,-1.33,26.67,31.06,60.44,0,0.0
2025,24,alonso,6,83071.0,82861.0,82902.0,6,yas_marina,aston_martin,8,7,Finished,6,7,80,0,695.0,48,12.0,0,10.67,12.0,5.0,-2.0,-1.33,26.67,31.06,60.44,0,0.0
2025,24,antonelli,14,82894.0,83080.0,,15,yas_marina,mercedes,5,5,Finished,10,2,459,2,,150,7.0,0,3.33,5.8,4.0,4.67,-2.47,26.67,31.06,60.44,0,0.0
2025,24,antonelli,14,82894.0,83080.0,,15,yas_marina,mercedes,5,5,Finished,10,2,459,2,,150,7.0,0,3.33,5.8,4.0,4.67,-2.47,26.67,31.06,60.44,0,0.0
2025,24,bearman,11,83254.0,83041.0,,12,yas_marina,haas,13,19,Retired,0,8,73,0,,41,13.0,0,11.67,9.6,3.0,0.0,2.07,26.67,31.06,60.44,0,0.0
2025,24,bearman,11,83254.0,83041.0,,12,yas_marina,haas,13,19,Retired,0,8,73,0,,41,13.0,0,11.67,9.6,3.0,0.0,2.07,26.67,31.06,60.44,0,0.0
2025,24,bortoleto,7,83374.0,82874.0,82904.0,11,yas_marina,sauber,19,13,Finished,0,9,68,0,697.0,19,19.0,0,16.67,15.6,5.0,1.67,1.07,26.67,31.06,60.44,0,0.0
2025,24,bortoleto,7,83374.0,82874.0,82904.0,11,yas_marina,sauber,19,13,Finished,0,9,68,0,697.0,19,19.0,0,16.67,15.6,5.0,1.67,1.07,26.67,31.06,60.44,0,0.0
2025,24,colapinto,20,83890.0,,,20,yas_marina,alpine,20,14,Lapped,0,10,22,0,,0,20.0,0,14.67,15.4,0.0,2.33,-0.73,26.67,31.06,60.44,0,0.0
2025,24,colapinto,20,83890.0,,,20,yas_marina,alpine,20,14,Lapped,0,10,22,0,,0,20.0,0,14.67,15.4,0.0,2.33,-0.73,26.67,31.06,60.44,0,0.0
2025,24,gasly,19,83468.0,,,19,yas_marina,alpine,9,16,Lapped,0,10,22,0,,22,18.0,0,13.0,14.6,2.0,-3.67,-1.6,26.67,31.06,60.44,0,0.0
2025,24,gasly,19,83468.0,,,19,yas_marina,alpine,9,16,Lapped,0,10,22,0,,22,18.0,0,13.0,14.6,2.0,-3.67,-1.6,26.67,31.06,60.44,0,0.0
2025,24,hadjar,9,83373.0,82997.0,83072.0,17,yas_marina,rb,6,18,Retired,0,6,92,0,865.0,51,10.0,0,10.67,12.2,3.0,-4.33,-1.53,26.67,31.06,60.44,0,0.0
2025,24,hadjar,9,83373.0,82997.0,83072.0,17,yas_marina,rb,6,18,Retired,0,6,92,0,865.0,51,10.0,0,10.67,12.2,3.0,-4.33,-1.53,26.67,31.06,60.44,0,0.0
2025,24,hamilton,16,83394.0,,,8,yas_marina,ferrari,17,12,Finished,0,4,382,0,,152,6.0,0,12.67,10.0,2.0,3.67,2.67,26.67,31.06,60.44,0,0.0
2025,24,hamilton,16,83394.0,,,8,yas_marina,ferrari,17,12,Finished,0,4,382,0,,152,6.0,0,12.67,10.0,2.0,3.67,2.67,26.67,31.06,60.44,0,0.0
2025,24,hulkenberg,18,83450.0,,,9,yas_marina,sauber,11,20,Retired,0,9,68,0,,49,11.0,0,12.0,12.6,2.0,-1.33,-0.6,26.67,31.06,60.44,0,0.0
2025,24,hulkenberg,18,83450.0,,,9,yas_marina,sauber,11,20,Retired,0,9,68,0,,49,11.0,0,12.0,12.6,2.0,-1.33,-0.6,26.67,31.06,60.44,0,0.0
2025,24,lawson,13,83265.0,83077.0,,18,yas_marina,rb,12,9,Finished,2,6,92,0,,38,14.0,0,10.0,12.2,5.0,-1.67,-2.2,26.67,31.06,60.44,0,0.0
2025,24,lawson,13,83265.0,83077.0,,18,yas_marina,rb,12,9,Finished,2,6,92,0,,38,14.0,0,10.0,12.2,5.0,-1.67,-2.2,26.67,31.06,60.44,0,0.0
2025,24,leclerc,5,83163.0,82948.0,82730.0,4,yas_marina,ferrari,10,8,Finished,4,4,382,0,523.0,230,5.0,0,10.33,7.2,2.0,-3.0,3.13,26.67,31.06,60.44,0,0.0
2025,24,leclerc,5,83163.0,82948.0,82730.0,4,yas_marina,ferrari,10,8,Finished,4,4,382,0,523.0,230,5.0,0,10.33,7.2,2.0,-3.0,3.13,26.67,31.06,60.44,0,0.0
2025,24,max_verstappen,1,82877.0,82752.0,82207.0,1,yas_marina,red_bull,3,1,Finished,25,3,426,7,0.0,396,2.0,7,1.67,1.8,1.0,6.33,-0.13,26.67,31.06,60.44,0,0.0
2025,24,max_verstappen,1,82877.0,82752.0,82207.0,1,yas_marina,red_bull,3,1,Finished,25,3,426,7,0.0,396,2.0,7,1.67,1.8,1.0,6.33,-0.13,26.67,31.06,60.44,0,0.0
2025,24,norris,2,83178.0,82804.0,82408.0,3,yas_marina,mclaren,2,4,Finished,12,1,800,14,201.0,408,1.0,7,8.0,5.4,2.0,-6.67,2.6,26.67,31.06,60.44,0,0.0
2025,24,norris,2,83178.0,82804.0,82408.0,3,yas_marina,mclaren,2,4,Finished,12,1,800,14,201.0,408,1.0,7,8.0,5.4,2.0,-6.67,2.6,26.67,31.06,60.44,0,0.0
2025,24,ocon,8,83334.0,83023.0,82913.0,7,yas_marina,haas,16,15,Lapped,0,8,73,0,706.0,32,16.0,0,12.0,12.0,1.0,4.33,0.0,26.67,31.06,60.44,0,0.0
2025,24,ocon,8,83334.0,83023.0,82913.0,7,yas_marina,haas,16,15,Lapped,0,8,73,0,706.0,32,16.0,0,12.0,12.0,1.0,4.33,0.0,26.67,31.06,60.44,0,0.0
2025,24,piastri,3,82605.0,83021.0,82437.0,2,yas_marina,mclaren,1,2,Finished,18,1,800,14,230.0,392,3.0,7,9.0,7.4,1.0,-5.67,1.6,26.67,31.06,60.44,0,0.0
2025,24,piastri,3,82605.0,83021.0,82437.0,2,yas_marina,mclaren,1,2,Finished,18,1,800,14,230.0,392,3.0,7,9.0,7.4,1.0,-5.67,1.6,26.67,31.06,60.44,0,0.0
2025,24,russell,4,83247.0,82730.0,82645.0,5,yas_marina,mercedes,4,6,Finished,8,2,459,2,438.0,309,4.0,2,4.0,5.0,0.0,0.67,-1.0,26.67,31.06,60.44,0,0.0
2025,24,russell,4,83247.0,82730.0,82645.0,5,yas_marina,mercedes,4,6,Finished,8,2,459,2,438.0,309,4.0,2,4.0,5.0,0.0,0.67,-1.0,26.67,31.06,60.44,0,0.0
2025,24,sainz,12,83187.0,83042.0,,13,yas_marina,williams,7,3,Finished,15,5,137,0,,64,9.0,0,7.0,11.6,4.0,1.33,-4.6,26.67,31.06,60.44,0,0.0
2025,24,sainz,12,83187.0,83042.0,,13,yas_marina,williams,7,3,Finished,15,5,137,0,,64,9.0,0,7.0,11.6,4.0,1.33,-4.6,26.67,31.06,60.44,0,0.0
2025,24,stroll,15,83316.0,83097.0,,10,yas_marina,aston_martin,18,17,Retired,0,7,80,0,,32,17.0,0,17.0,15.4,2.0,-2.33,1.6,26.67,31.06,60.44,0,0.0
2025,24,stroll,15,83316.0,83097.0,,10,yas_marina,aston_martin,18,17,Retired,0,7,80,0,,32,17.0,0,17.0,15.4,2.0,-2.33,1.6,26.67,31.06,60.44,0,0.0
2025,24,tsunoda,10,83386.0,83034.0,,14,yas_marina,red_bull,15,10,Finished,1,3,426,7,,33,15.0,0,13.0,11.4,1.0,4.33,1.6,26.67,31.06,60.44,0,0.0
2025,24,tsunoda,10,83386.0,83034.0,,14,yas_marina,red_bull,15,10,Finished,1,3,426,7,,33,15.0,0,13.0,11.4,1.0,4.33,1.6,26.67,31.06,60.44,0,0.0
