temporada_atual,rodada_atual,id_piloto_atual,posicao_quali_atual,q1_atual,q2_atual,q3_atual,target,id_circuito_atual,id_equipe_atual,grid_anterior,posicao_ultima_corrida,posicao_equipe_anterior,pontos_equipe_anterior,vitorias_equipe_anterior,dif_para_pole_atual,pontos_anterior,posicao_camp_anterior,num_vitorias_anterior,media_ultimas_3_anterior,media_ultimas_5_anterior,qtde_abandonos_anterior,media_posicao_ganha_anterior,tendencia_desempenho,temp_ar_media,temp_pista_media,umidade_media,corrida_molhada,perc_voltas_chuva
2018,1,alonso,11.0,83597.0,83692.0,,5,albert_park,mclaren,,,,,,,,,,,,,,,24.08,36.32,30.92,0,4.5
2018,1,bottas,10.0,83686.0,82089.0,,8,albert_park,mercedes,,,,,,,,,,,,,,,24.08,36.32,30.92,0,4.5
2018,1,brendon_hartley,16.0,84532.0,,,15,albert_park,toro_rosso,,,,,,,,,,,,,,,24.08,36.32,30.92,0,4.5
2018,1,ericsson,17.0,84556.0,,,19,albert_park,sauber,,,,,,,,,,,,,,,24.08,36.32,30.92,0,4.5
2018,1,gasly,20.0,85295.0,,,18,albert_park,toro_rosso,,,,,,,,,,,,,,,24.08,36.32,30.92,0,4.5
2018,1,grosjean,7.0,83671.0,83468.0,83339.0,16,albert_park,haas,,,,,,2175.0,,,,,,,,,24.08,36.32,30.92,0,4.5
2018,1,hamilton,1.0,82824.0,82051.0,81164.0,2,albert_park,mercedes,,,,,,0.0,,,,,,,,,24.08,36.32,30.92,0,4.5
2018,1,hulkenberg,8.0,83782.0,83544.0,83532.0,7,albert_park,renault,,,,,,2368.0,,,,,,,,,24.08,36.32,30.92,0,4.5
2018,1,kevin_magnussen,6.0,83909.0,83300.0,83187.0,17,albert_park,haas,,,,,,2023.0,,,,,,,,,24.08,36.32,30.92,0,4.5
2018,1,leclerc,18.0,84636.0,,,13,albert_park,sauber,,,,,,,,,,,,,,,24.08,36.32,30.92,0,4.5
2018,1,max_verstappen,4.0,83483.0,82416.0,81879.0,6,albert_park,red_bull,,,,,,715.0,,,,,,,,,24.08,36.32,30.92,0,4.5
2018,1,ocon,15.0,84503.0,84786.0,,12,albert_park,force_india,,,,,,,,,,,,,,,24.08,36.32,30.92,0,4.5
2018,1,perez,13.0,84344.0,84005.0,,11,albert_park,force_india,,,,,,,,,,,,,,,24.08,36.32,30.92,0,4.5
2018,1,raikkonen,2.0,83096.0,82507.0,81828.0,3,albert_park,ferrari,,,,,,664.0,,,,,,,,,24.08,36.32,30.92,0,4.5
2018,1,ricciardo,5.0,83494.0,82897.0,82152.0,4,albert_park,red_bull,,,,,,988.0,,,,,,,,,24.08,36.32,30.92,0,4.5
2018,1,sainz,9.0,83529.0,83061.0,83577.0,10,albert_park,renault,,,,,,2413.0,,,,,,,,,24.08,36.32,30.92,0,4.5
2018,1,sirotkin,19.0,84922.0,,,20,albert_park,williams,,,,,,,,,,,,,,,24.08,36.32,30.92,0,4.5
2018,1,stroll,14.0,84464.0,84230.0,,14,albert_park,williams,,,,,,,,,,,,,,,24.08,36.32,30.92,0,4.5
2018,1,vandoorne,12.0,84073.0,83853.0,,9,albert_park,mclaren,,,,,,,,,,,,,,,24.08,36.32,30.92,0,4.5
2018,1,vettel,3.0,83348.0,81944.0,81838.0,1,albert_park,ferrari,,,,,,674.0,,,,,,,,,24.08,36.32,30.92,0,4.5
2018,2,alonso,13.0,90530.0,90212.0,,7,bahrain,mclaren,10.0,5.0,4,12.0,0.0,,10.0,5.0,0.0,5.0,5.0,0.0,5.0,0.0,27.98,32.2,47.36,0,0.0
2018,2,bottas,3.0,89275.0,88794.0,88124.0,2,bahrain,mercedes,15.0,8.0,2,22.0,0.0,166.0,4.0,8.0,0.0,8.0,8.0,0.0,7.0,0.0,27.98,32.2,47.36,0,0.0
2018,2,brendon_hartley,11.0,90412.0,90105.0,,17,bahrain,toro_rosso,16.0,15.0,9,0.0,0.0,,0.0,15.0,0.0,15.0,15.0,0.0,1.0,0.0,27.98,32.2,47.36,0,0.0
2018,2,ericsson,17.0,91063.0,,,9,bahrain,sauber,17.0,19.0,7,0.0,0.0,,0.0,,0.0,,,0.0,,,27.98,32.2,47.36,0,0.0
2018,2,gasly,6.0,90121.0,89836.0,89329.0,4,bahrain,toro_rosso,20.0,18.0,9,0.0,0.0,1371.0,0.0,,0.0,,,0.0,,,27.98,32.2,47.36,0,0.0
2018,2,grosjean,16.0,90530.0,,,13,bahrain,haas,6.0,16.0,-,0.0,0.0,,0.0,,0.0,,,0.0,,,27.98,32.2,47.36,0,0.0
2018,2,hamilton,4.0,89396.0,88458.0,88220.0,3,bahrain,mercedes,1.0,2.0,2,22.0,0.0,262.0,18.0,2.0,0.0,2.0,2.0,0.0,-1.0,0.0,27.98,32.2,47.36,0,0.0
2018,2,hulkenberg,8.0,90260.0,89187.0,89570.0,6,bahrain,renault,7.0,7.0,5,7.0,0.0,1612.0,6.0,7.0,0.0,7.0,7.0,0.0,0.0,0.0,27.98,32.2,47.36,0,0.0
2018,2,kevin_magnussen,7.0,89594.0,89623.0,89358.0,5,bahrain,haas,5.0,17.0,-,0.0,0.0,1400.0,0.0,,0.0,,,0.0,,,27.98,32.2,47.36,0,0.0
2018,2,leclerc,19.0,91420.0,,,12,bahrain,sauber,18.0,13.0,7,0.0,0.0,,0.0,13.0,0.0,13.0,13.0,0.0,5.0,0.0,27.98,32.2,47.36,0,0.0
2018,2,max_verstappen,15.0,89374.0,,,19,bahrain,red_bull,4.0,6.0,3,20.0,0.0,,8.0,6.0,0.0,6.0,6.0,0.0,-2.0,0.0,27.98,32.2,47.36,0,0.0
2018,2,ocon,9.0,90338.0,90009.0,89874.0,10,bahrain,force_india,14.0,12.0,6,0.0,0.0,1916.0,0.0,12.0,0.0,12.0,12.0,0.0,2.0,0.0,27.98,32.2,47.36,0,0.0
2018,2,perez,12.0,90218.0,90156.0,,16,bahrain,force_india,12.0,11.0,6,0.0,0.0,,0.0,11.0,0.0,11.0,11.0,0.0,1.0,0.0,27.98,32.2,47.36,0,0.0
2018,2,raikkonen,2.0,88951.0,88515.0,88101.0,18,bahrain,ferrari,2.0,3.0,1,40.0,1.0,143.0,15.0,3.0,0.0,3.0,3.0,0.0,-1.0,0.0,27.98,32.2,47.36,0,0.0
2018,2,ricciardo,5.0,89552.0,88962.0,88398.0,20,bahrain,red_bull,8.0,4.0,3,20.0,0.0,440.0,12.0,4.0,0.0,4.0,4.0,0.0,4.0,0.0,27.98,32.2,47.36,0,0.0
2018,2,sainz,10.0,89893.0,89802.0,89986.0,11,bahrain,renault,9.0,10.0,5,7.0,0.0,2028.0,1.0,10.0,0.0,10.0,10.0,0.0,-1.0,0.0,27.98,32.2,47.36,0,0.0
2018,2,sirotkin,18.0,91414.0,,,15,bahrain,williams,19.0,20.0,8,0.0,0.0,,0.0,,0.0,,,0.0,,,27.98,32.2,47.36,0,0.0
2018,2,stroll,20.0,91503.0,,,14,bahrain,williams,13.0,14.0,8,0.0,0.0,,0.0,14.0,0.0,14.0,14.0,0.0,-1.0,0.0,27.98,32.2,47.36,0,0.0
2018,2,vandoorne,14.0,90479.0,90525.0,,8,bahrain,mclaren,11.0,9.0,4,12.0,0.0,,2.0,9.0,0.0,9.0,9.0,0.0,2.0,0.0,27.98,32.2,47.36,0,0.0
2018,2,vettel,1.0,89060.0,88341.0,87958.0,1,bahrain,ferrari,3.0,1.0,1,40.0,1.0,0.0,25.0,1.0,1.0,1.0,1.0,0.0,2.0,0.0,27.98,32.2,47.36,0,0.0
2018,3,alonso,13.0,93428.0,93232.0,,7,shanghai,mclaren,13.0,7.0,3,22.0,0.0,,16.0,4.0,0.0,6.0,6.0,0.0,5.5,0.0,19.45,37.02,24.09,0,1.8
2018,3,bottas,3.0,92921.0,92063.0,91625.0,2,shanghai,mercedes,3.0,2.0,2,55.0,0.0,530.0,22.0,3.0,0.0,5.0,5.0,0.0,4.0,0.0,19.45,37.02,24.09,0,1.8
2018,3,brendon_hartley,15.0,94013.0,93795.0,,20,shanghai,toro_rosso,11.0,17.0,6,12.0,0.0,,0.0,19.0,0.0,16.0,16.0,0.0,-2.5,0.0,19.45,37.02,24.09,0,1.8
2018,3,ericsson,20.0,94914.0,,,16,shanghai,sauber,17.0,9.0,8,2.0,0.0,,2.0,12.0,0.0,9.0,9.0,1.0,8.0,0.0,19.45,37.02,24.09,0,1.8
2018,3,gasly,17.0,94101.0,,,18,shanghai,toro_rosso,5.0,4.0,6,12.0,0.0,,12.0,7.0,0.0,4.0,4.0,1.0,1.0,0.0,19.45,37.02,24.09,0,1.8
2018,3,grosjean,10.0,93238.0,92524.0,92855.0,17,shanghai,haas,16.0,13.0,7,10.0,0.0,1760.0,0.0,17.0,0.0,13.0,13.0,1.0,3.0,0.0,19.45,37.02,24.09,0,1.8
2018,3,hamilton,4.0,93283.0,91914.0,91675.0,4,shanghai,mercedes,9.0,3.0,2,55.0,0.0,580.0,33.0,2.0,0.0,2.5,2.5,0.0,2.5,0.0,19.45,37.02,24.09,0,1.8
2018,3,hulkenberg,7.0,93545.0,92494.0,92532.0,6,shanghai,renault,7.0,6.0,5,15.0,0.0,1437.0,14.0,6.0,0.0,6.5,6.5,0.0,0.5,0.0,19.45,37.02,24.09,0,1.8
2018,3,kevin_magnussen,11.0,93359.0,92986.0,,10,shanghai,haas,6.0,5.0,7,10.0,0.0,,10.0,9.0,0.0,5.0,5.0,1.0,1.0,0.0,19.45,37.02,24.09,0,1.8
2018,3,leclerc,19.0,94454.0,,,19,shanghai,sauber,19.0,12.0,8,2.0,0.0,,0.0,16.0,0.0,12.5,12.5,0.0,6.0,0.0,19.45,37.02,24.09,0,1.8
2018,3,max_verstappen,5.0,92932.0,92809.0,91796.0,5,shanghai,red_bull,15.0,19.0,4,20.0,0.0,701.0,8.0,10.0,0.0,6.0,6.0,0.0,-2.0,0.0,19.45,37.02,24.09,0,1.8
2018,3,ocon,12.0,93585.0,93057.0,,11,shanghai,force_india,8.0,10.0,9,1.0,0.0,,1.0,14.0,0.0,11.0,11.0,0.0,0.0,0.0,19.45,37.02,24.09,0,1.8
2018,3,perez,8.0,93464.0,92931.0,92758.0,12,shanghai,force_india,12.0,16.0,9,1.0,0.0,1663.0,0.0,15.0,0.0,13.5,13.5,0.0,-1.5,0.0,19.45,37.02,24.09,0,1.8
2018,3,raikkonen,2.0,92474.0,92286.0,91182.0,3,shanghai,ferrari,2.0,18.0,1,65.0,2.0,87.0,15.0,5.0,0.0,3.0,3.0,0.0,-1.0,0.0,19.45,37.02,24.09,0,1.8
2018,3,ricciardo,6.0,93877.0,92688.0,91948.0,1,shanghai,red_bull,4.0,20.0,4,20.0,0.0,853.0,12.0,8.0,0.0,4.0,4.0,0.0,4.0,0.0,19.45,37.02,24.09,0,1.8
2018,3,sainz,9.0,93315.0,92970.0,92819.0,9,shanghai,renault,10.0,11.0,5,15.0,0.0,1724.0,1.0,13.0,0.0,10.5,10.5,0.0,-1.0,0.0,19.45,37.02,24.09,0,1.8
2018,3,sirotkin,16.0,94062.0,,,15,shanghai,williams,18.0,15.0,10,0.0,0.0,,0.0,20.0,0.0,15.0,15.0,1.0,3.0,0.0,19.45,37.02,24.09,0,1.8
2018,3,stroll,18.0,94285.0,,,14,shanghai,williams,20.0,14.0,10,0.0,0.0,,0.0,18.0,0.0,14.0,14.0,0.0,2.5,0.0,19.45,37.02,24.09,0,1.8
2018,3,vandoorne,14.0,93824.0,93505.0,,13,shanghai,mclaren,14.0,8.0,3,22.0,0.0,,6.0,11.0,0.0,8.5,8.5,0.0,4.0,0.0,19.45,37.02,24.09,0,1.8
2018,3,vettel,1.0,92171.0,92385.0,91095.0,8,shanghai,ferrari,1.0,1.0,1,65.0,2.0,0.0,50.0,1.0,2.0,1.0,1.0,0.0,1.0,0.0,19.45,37.02,24.09,0,1.8
2018,4,alonso,13.0,104010.0,104019.0,,7,baku,mclaren,13.0,7.0,4,28.0,0.0,,22.0,6.0,0.0,6.33,6.33,0.0,5.67,0.0,16.66,25.25,45.65,0,0.0
2018,4,bottas,3.0,103355.0,102679.0,101837.0,14,baku,mercedes,3.0,2.0,1,85.0,0.0,339.0,40.0,3.0,0.0,4.0,4.0,0.0,3.0,0.0,16.66,25.25,45.65,0,0.0
2018,4,brendon_hartley,19.0,117354.0,,,10,baku,toro_rosso,15.0,20.0,6,12.0,0.0,,0.0,20.0,0.0,17.33,17.33,0.0,-3.33,0.0,16.66,25.25,45.65,0,0.0
2018,4,ericsson,18.0,105541.0,,,11,baku,sauber,20.0,16.0,8,2.0,0.0,,2.0,13.0,0.0,12.5,12.5,1.0,6.0,0.0,16.66,25.25,45.65,0,0.0
2018,4,gasly,17.0,104496.0,,,12,baku,toro_rosso,17.0,18.0,6,12.0,0.0,,12.0,9.0,0.0,11.0,11.0,1.0,0.0,0.0,16.66,25.25,45.65,0,0.0
2018,4,grosjean,20.0,,,,15,baku,haas,10.0,17.0,7,11.0,0.0,,0.0,17.0,0.0,15.0,15.0,1.0,-2.0,0.0,16.66,25.25,45.65,0,0.0
2018,4,hamilton,2.0,102693.0,102676.0,101677.0,1,baku,mercedes,4.0,4.0,1,85.0,0.0,179.0,45.0,2.0,0.0,3.0,3.0,0.0,1.67,0.0,16.66,25.25,45.65,0,0.0
2018,4,hulkenberg,9.0,103746.0,103232.0,103066.0,18,baku,renault,7.0,6.0,5,25.0,0.0,1568.0,22.0,7.0,0.0,6.33,6.33,0.0,0.67,0.0,16.66,25.25,45.65,0,0.0
2018,4,kevin_magnussen,15.0,103674.0,104759.0,,13,baku,haas,11.0,10.0,7,11.0,0.0,,11.0,10.0,0.0,7.5,7.5,1.0,1.0,0.0,16.66,25.25,45.65,0,0.0
2018,4,leclerc,14.0,103752.0,104074.0,,6,baku,sauber,19.0,19.0,8,2.0,0.0,,0.0,16.0,0.0,14.67,14.67,0.0,4.0,0.0,16.66,25.25,45.65,0,0.0
2018,4,max_verstappen,5.0,102642.0,102901.0,101994.0,16,baku,red_bull,5.0,5.0,3,55.0,1.0,496.0,18.0,8.0,0.0,5.5,5.5,1.0,-1.0,0.0,16.66,25.25,45.65,0,0.0
2018,4,ocon,7.0,103021.0,102967.0,102523.0,19,baku,force_india,12.0,11.0,9,1.0,0.0,1025.0,1.0,14.0,0.0,11.0,11.0,0.0,0.33,0.0,16.66,25.25,45.65,0,0.0
2018,4,perez,8.0,103992.0,103366.0,102547.0,3,baku,force_india,8.0,12.0,9,1.0,0.0,1049.0,0.0,15.0,0.0,13.0,13.0,0.0,-2.33,0.0,16.66,25.25,45.65,0,0.0
2018,4,raikkonen,6.0,102538.0,102510.0,102490.0,2,baku,ferrari,2.0,3.0,2,84.0,2.0,992.0,30.0,5.0,0.0,3.0,3.0,1.0,-1.0,0.0,16.66,25.25,45.65,0,0.0
2018,4,ricciardo,4.0,102857.0,103482.0,101911.0,17,baku,red_bull,6.0,1.0,3,55.0,1.0,413.0,37.0,4.0,1.0,2.5,2.5,1.0,4.5,0.0,16.66,25.25,45.65,0,0.0
2018,4,sainz,10.0,103426.0,103464.0,103351.0,5,baku,renault,9.0,9.0,5,25.0,0.0,1853.0,3.0,12.0,0.0,10.0,10.0,0.0,-0.67,0.0,16.66,25.25,45.65,0,0.0
2018,4,sirotkin,12.0,104261.0,103886.0,,20,baku,williams,16.0,15.0,10,0.0,0.0,,0.0,19.0,0.0,15.0,15.0,1.0,2.0,0.0,16.66,25.25,45.65,0,0.0
2018,4,stroll,11.0,104359.0,103585.0,,8,baku,williams,18.0,14.0,10,0.0,0.0,,0.0,18.0,0.0,14.0,14.0,0.0,3.0,0.0,16.66,25.25,45.65,0,0.0
2018,4,vandoorne,16.0,104489.0,,,9,baku,mclaren,14.0,13.0,4,28.0,0.0,,6.0,11.0,0.0,10.0,10.0,0.0,3.0,0.0,16.66,25.25,45.65,0,0.0
2018,4,vettel,1.0,102762.0,103015.0,101498.0,4,baku,ferrari,1.0,8.0,2,84.0,2.0,0.0,54.0,1.0,2.0,3.33,3.33,0.0,-1.67,0.0,16.66,25.25,45.65,0,0.0
2018,5,alonso,8.0,78276.0,78100.0,77721.0,8,catalunya,mclaren,12.0,7.0,4,36.0,0.0,1548.0,28.0,6.0,0.0,7.0,6.5,0.0,5.67,0.5,16.05,32.34,52.29,1,79.0
2018,5,bottas,2.0,77674.0,77111.0,76213.0,2,catalunya,mercedes,3.0,14.0,2,110.0,1.0,40.0,40.0,4.0,0.0,2.0,4.0,0.0,1.0,-2.0,16.05,32.34,52.29,1,79.0
2018,5,brendon_hartley,20.0,,,,12,catalunya,toro_rosso,19.0,10.0,7,13.0,0.0,,1.0,18.0,0.0,15.67,15.5,0.0,-0.67,0.17,16.05,32.34,52.29,1,79.0
2018,5,ericsson,17.0,79493.0,,,13,catalunya,sauber,18.0,11.0,9,10.0,0.0,,2.0,16.0,0.0,12.0,12.0,1.0,6.33,0.0,16.05,32.34,52.29,1,79.0
2018,5,gasly,12.0,78550.0,78463.0,,19,catalunya,toro_rosso,17.0,12.0,7,13.0,0.0,,12.0,11.0,0.0,11.33,11.33,1.0,1.67,0.0,16.05,32.34,52.29,1,79.0
2018,5,grosjean,10.0,78305.0,77699.0,77835.0,18,catalunya,haas,20.0,15.0,8,11.0,0.0,1662.0,0.0,19.0,0.0,15.0,15.0,1.0,-2.0,0.0,16.05,32.34,52.29,1,79.0
2018,5,hamilton,1.0,77633.0,77166.0,76173.0,1,catalunya,mercedes,2.0,1.0,2,110.0,1.0,0.0,70.0,1.0,1.0,2.67,2.5,0.0,2.33,0.17,16.05,32.34,52.29,1,79.0
2018,5,hulkenberg,16.0,78923.0,,,20,catalunya,renault,14.0,18.0,5,35.0,0.0,,22.0,7.0,0.0,6.0,6.33,0.0,1.0,-0.33,16.05,32.34,52.29,1,79.0
2018,5,kevin_magnussen,7.0,78169.0,77618.0,77676.0,6,catalunya,haas,15.0,13.0,8,11.0,0.0,1503.0,11.0,12.0,0.0,9.33,9.33,1.0,1.33,0.0,16.05,32.34,52.29,1,79.0
2018,5,leclerc,14.0,78661.0,78910.0,,10,catalunya,sauber,13.0,6.0,9,10.0,0.0,,8.0,13.0,0.0,12.33,12.5,0.0,4.67,-0.17,16.05,32.34,52.29,1,79.0
2018,5,max_verstappen,5.0,77411.0,77266.0,76816.0,3,catalunya,red_bull,5.0,16.0,3,55.0,1.0,643.0,18.0,8.0,0.0,5.0,5.5,1.0,0.0,-0.5,16.05,32.34,52.29,1,79.0
2018,5,ocon,13.0,78813.0,78696.0,,16,catalunya,force_india,7.0,19.0,6,16.0,0.0,,1.0,17.0,0.0,10.5,11.0,0.0,-0.5,-0.5,16.05,32.34,52.29,1,79.0
2018,5,perez,15.0,78740.0,79098.0,,9,catalunya,force_india,8.0,3.0,6,16.0,0.0,,15.0,9.0,0.0,10.33,10.5,0.0,-1.0,-0.17,16.05,32.34,52.29,1,79.0
2018,5,raikkonen,4.0,77483.0,77071.0,76612.0,17,catalunya,ferrari,6.0,2.0,1,114.0,2.0,439.0,48.0,3.0,0.0,2.5,2.67,1.0,1.5,-0.17,16.05,32.34,52.29,1,79.0
2018,5,ricciardo,6.0,77623.0,77638.0,76818.0,5,catalunya,red_bull,4.0,17.0,3,55.0,1.0,645.0,37.0,5.0,1.0,1.0,2.5,1.0,5.0,-1.5,16.05,32.34,52.29,1,79.0
2018,5,sainz,9.0,78480.0,77803.0,77790.0,7,catalunya,renault,9.0,5.0,5,35.0,0.0,1617.0,13.0,10.0,0.0,8.33,8.75,0.0,1.0,-0.42,16.05,32.34,52.29,1,79.0
2018,5,sirotkin,18.0,79695.0,,,14,catalunya,williams,11.0,20.0,10,4.0,0.0,,0.0,20.0,0.0,15.0,15.0,1.0,2.0,0.0,16.05,32.34,52.29,1,79.0
2018,5,stroll,19.0,80225.0,,,11,catalunya,williams,10.0,8.0,10,4.0,0.0,,4.0,15.0,0.0,12.0,12.5,0.0,4.0,-0.5,16.05,32.34,52.29,1,79.0
2018,5,vandoorne,11.0,78885.0,78323.0,,15,catalunya,mclaren,16.0,9.0,4,36.0,0.0,,8.0,14.0,0.0,10.0,9.75,0.0,4.67,0.25,16.05,32.34,52.29,1,79.0
2018,5,vettel,3.0,77031.0,76802.0,76305.0,4,catalunya,ferrari,1.0,4.0,1,114.0,2.0,132.0,66.0,2.0,2.0,4.33,3.5,0.0,-3.33,0.83,16.05,32.34,52.29,1,79.0
2018,6,alonso,7.0,72657.0,72269.0,72110.0,20,monaco,mclaren,8.0,8.0,5,40.0,0.0,1300.0,32.0,7.0,0.0,7.33,6.8,0.0,3.67,0.53,26.64,34.61,50.89,0,12.4
2018,6,bottas,5.0,72434.0,72002.0,71441.0,5,monaco,mercedes,2.0,2.0,1,153.0,2.0,631.0,58.0,3.0,0.0,2.0,3.5,1.0,0.5,-1.5,26.64,34.61,50.89,0,12.4
2018,6,brendon_hartley,16.0,73179.0,,,19,monaco,toro_rosso,20.0,12.0,8,13.0,0.0,,1.0,18.0,0.0,14.0,14.8,0.0,4.0,-0.8,26.64,34.61,50.89,0,12.4
2018,6,ericsson,17.0,73265.0,,,11,monaco,sauber,17.0,13.0,9,11.0,0.0,,2.0,16.0,0.0,13.33,12.25,1.0,5.0,1.08,26.64,34.61,50.89,0,12.4
2018,6,gasly,10.0,72941.0,72313.0,72221.0,7,monaco,toro_rosso,12.0,19.0,8,13.0,0.0,1411.0,12.0,12.0,0.0,15.0,11.33,1.0,2.0,3.67,26.64,34.61,50.89,0,12.4
2018,6,grosjean,15.0,72930.0,72728.0,,15,monaco,haas,10.0,18.0,6,19.0,0.0,,0.0,19.0,0.0,17.0,15.0,2.0,-7.0,2.0,26.64,34.61,50.89,0,12.4
2018,6,hamilton,3.0,72460.0,71584.0,71232.0,3,monaco,mercedes,1.0,1.0,1,153.0,2.0,422.0,95.0,1.0,2.0,2.0,2.2,0.0,0.33,-0.2,26.64,34.61,50.89,0,12.4
2018,6,hulkenberg,11.0,73065.0,72411.0,,8,monaco,renault,16.0,20.0,4,41.0,0.0,,22.0,8.0,0.0,6.0,6.33,1.0,1.0,-0.33,26.64,34.61,50.89,0,12.4
2018,6,kevin_magnussen,19.0,73393.0,,,13,monaco,haas,7.0,6.0,6,19.0,0.0,,19.0,9.0,0.0,9.67,8.5,1.0,1.33,1.17,26.64,34.61,50.89,0,12.4
2018,6,leclerc,14.0,72829.0,72714.0,,18,monaco,sauber,14.0,10.0,9,11.0,0.0,,9.0,13.0,0.0,11.67,12.0,0.0,3.67,-0.33,26.64,34.61,50.89,0,12.4
2018,6,max_verstappen,20.0,,,,9,monaco,red_bull,5.0,3.0,3,80.0,1.0,,33.0,6.0,0.0,4.0,4.67,2.0,1.0,-0.67,26.64,34.61,50.89,0,12.4
2018,6,ocon,6.0,73028.0,72188.0,72061.0,6,monaco,force_india,13.0,16.0,7,18.0,0.0,1251.0,1.0,17.0,0.0,11.0,11.0,1.0,1.0,0.0,26.64,34.61,50.89,0,12.4
2018,6,perez,9.0,72848.0,72194.0,72154.0,12,monaco,force_india,15.0,9.0,7,18.0,0.0,1344.0,17.0,11.0,0.0,8.0,10.2,0.0,2.33,-2.2,26.64,34.61,50.89,0,12.4
2018,6,raikkonen,4.0,72639.0,71391.0,71266.0,4,monaco,ferrari,4.0,17.0,2,126.0,2.0,456.0,48.0,4.0,0.0,2.5,2.67,1.0,1.5,-0.17,26.64,34.61,50.89,0,12.4
2018,6,ricciardo,1.0,72013.0,71278.0,70810.0,1,monaco,red_bull,6.0,5.0,3,80.0,1.0,0.0,47.0,5.0,1.0,3.0,3.33,2.0,3.0,-0.33,26.64,34.61,50.89,0,12.4
2018,6,sainz,8.0,72950.0,72286.0,72130.0,10,monaco,renault,9.0,7.0,4,41.0,0.0,1320.0,19.0,10.0,0.0,7.0,8.4,0.0,2.0,-1.4,26.64,34.61,50.89,0,12.4
2018,6,sirotkin,13.0,72706.0,72521.0,,16,monaco,williams,19.0,14.0,10,4.0,0.0,,0.0,20.0,0.0,14.5,14.67,2.0,3.0,-0.17,26.64,34.61,50.89,0,12.4
2018,6,stroll,18.0,73323.0,,,17,monaco,williams,18.0,11.0,10,4.0,0.0,,4.0,15.0,0.0,11.0,12.2,0.0,4.33,-1.2,26.64,34.61,50.89,0,12.4
2018,6,vandoorne,12.0,72463.0,72440.0,,14,monaco,mclaren,11.0,15.0,5,40.0,0.0,,8.0,14.0,0.0,11.0,9.75,0.0,4.0,1.25,26.64,34.61,50.89,0,12.4
2018,6,vettel,2.0,72415.0,71518.0,71039.0,2,monaco,ferrari,3.0,4.0,2,126.0,2.0,229.0,78.0,2.0,2.0,5.33,3.6,0.0,-3.67,1.73,26.64,34.61,50.89,0,12.4
2018,7,alonso,14.0,72979.0,72856.0,,18,villeneuve,mclaren,7.0,20.0,5,40.0,0.0,,32.0,7.0,0.0,7.5,7.25,0.0,2.5,0.25,20.52,36.95,27.83,0,0.0
2018,7,bottas,2.0,71950.0,71514.0,70857.0,2,villeneuve,mercedes,5.0,5.0,1,178.0,2.0,93.0,68.0,4.0,0.0,3.5,2.75,1.0,0.0,0.75,20.52,36.95,27.83,0,0.0
2018,7,brendon_hartley,12.0,72587.0,72635.0,,19,villeneuve,toro_rosso,15.0,19.0,7,19.0,0.0,,1.0,18.0,0.0,11.0,14.75,0.0,8.5,-3.75,20.52,36.95,27.83,0,0.0
2018,7,ericsson,19.0,74593.0,,,15,villeneuve,sauber,16.0,11.0,9,11.0,0.0,,2.0,17.0,0.0,11.67,12.0,1.0,5.33,-0.33,20.52,36.95,27.83,0,0.0
2018,7,gasly,16.0,73047.0,,,11,villeneuve,toro_rosso,10.0,7.0,7,19.0,0.0,,18.0,11.0,0.0,9.5,10.25,2.0,4.0,-0.75,20.52,36.95,27.83,0,0.0
2018,7,grosjean,20.0,,,,12,villeneuve,haas,18.0,15.0,8,19.0,0.0,,0.0,19.0,0.0,15.0,15.0,3.0,3.0,0.0,20.52,36.95,27.83,0,0.0
2018,7,hamilton,4.0,71835.0,71740.0,70996.0,5,villeneuve,mercedes,3.0,3.0,1,178.0,2.0,232.0,110.0,1.0,2.0,1.67,2.4,0.0,0.33,-0.73,20.52,36.95,27.83,0,0.0
2018,7,hulkenberg,7.0,72795.0,71916.0,71973.0,7,villeneuve,renault,11.0,8.0,4,46.0,0.0,1209.0,26.0,8.0,0.0,8.0,6.67,2.0,3.0,1.33,20.52,36.95,27.83,0,0.0
2018,7,kevin_magnussen,11.0,72680.0,72606.0,,13,villeneuve,haas,19.0,13.0,8,19.0,0.0,,19.0,10.0,0.0,10.67,9.4,1.0,3.0,1.27,20.52,36.95,27.83,0,0.0
2018,7,leclerc,13.0,72945.0,72661.0,,10,villeneuve,sauber,14.0,18.0,9,11.0,0.0,,9.0,14.0,0.0,8.0,11.75,0.0,5.5,-3.75,20.52,36.95,27.83,0,0.0
2018,7,max_verstappen,3.0,72008.0,71472.0,70937.0,3,villeneuve,red_bull,20.0,9.0,3,107.0,2.0,173.0,35.0,6.0,0.0,6.0,5.67,2.0,6.5,0.33,20.52,36.95,27.83,0,0.0
2018,7,ocon,8.0,72577.0,72141.0,72084.0,9,villeneuve,force_india,6.0,6.0,6,26.0,0.0,1320.0,9.0,13.0,0.0,6.0,9.0,2.0,0.0,-3.0,20.52,36.95,27.83,0,0.0
2018,7,perez,10.0,72702.0,72395.0,72671.0,14,villeneuve,force_india,9.0,12.0,6,26.0,0.0,1907.0,17.0,12.0,0.0,8.0,10.4,0.0,2.67,-2.4,20.52,36.95,27.83,0,0.0
2018,7,raikkonen,5.0,71725.0,71620.0,71095.0,6,villeneuve,ferrari,4.0,4.0,2,156.0,2.0,331.0,60.0,5.0,0.0,3.0,3.0,2.0,2.0,0.0,20.52,36.95,27.83,0,0.0
2018,7,ricciardo,6.0,72459.0,71434.0,71116.0,4,villeneuve,red_bull,1.0,1.0,3,107.0,2.0,352.0,72.0,3.0,2.0,3.0,2.33,2.0,0.5,0.67,20.52,36.95,27.83,0,0.0
2018,7,sainz,9.0,72689.0,72097.0,72168.0,8,villeneuve,renault,8.0,10.0,4,46.0,0.0,1404.0,20.0,9.0,0.0,7.33,8.4,0.0,1.33,-1.07,20.52,36.95,27.83,0,0.0
2018,7,sirotkin,18.0,73643.0,,,17,villeneuve,williams,13.0,16.0,10,4.0,0.0,,0.0,20.0,0.0,15.0,15.0,2.0,1.0,0.0,20.52,36.95,27.83,0,0.0
2018,7,stroll,17.0,73590.0,,,20,villeneuve,williams,17.0,17.0,10,4.0,0.0,,4.0,16.0,0.0,12.0,12.8,0.0,3.0,-0.8,20.52,36.95,27.83,0,0.0
2018,7,vandoorne,15.0,72998.0,72865.0,,16,villeneuve,mclaren,12.0,14.0,5,40.0,0.0,,8.0,15.0,0.0,11.5,11.0,1.0,2.5,0.5,20.52,36.95,27.83,0,0.0
2018,7,vettel,1.0,71710.0,71524.0,70764.0,1,villeneuve,ferrari,2.0,2.0,2,156.0,2.0,0.0,96.0,2.0,2.0,3.33,3.8,0.0,-1.33,-0.47,20.52,36.95,27.83,0,0.0
2018,8,alonso,16.0,92976.0,,,16,ricard,mclaren,14.0,18.0,5,40.0,0.0,,32.0,7.0,0.0,8.0,7.33,1.0,0.0,0.67,24.55,42.03,49.05,0,1.0
2018,8,bottas,2.0,91776.0,91227.0,90147.0,7,ricard,mercedes,2.0,2.0,1,206.0,2.0,118.0,86.0,3.0,0.0,3.0,2.75,1.0,0.0,0.25,24.55,42.03,49.05,0,1.0
2018,8,brendon_hartley,17.0,93025.0,,,14,ricard,toro_rosso,12.0,19.0,7,19.0,0.0,,1.0,18.0,0.0,12.0,14.0,1.0,8.0,-2.0,24.55,42.03,49.05,0,1.0
2018,8,ericsson,15.0,92804.0,92820.0,,13,ricard,sauber,19.0,15.0,9,12.0,0.0,,2.0,17.0,0.0,13.0,13.2,1.0,4.33,-0.2,24.55,42.03,49.05,0,1.0
2018,8,gasly,14.0,92447.0,92460.0,,20,ricard,toro_rosso,16.0,11.0,7,19.0,0.0,,18.0,11.0,0.0,9.0,12.0,2.0,4.0,-3.0,24.55,42.03,49.05,0,1.0
2018,8,grosjean,10.0,92083.0,91472.0,,11,ricard,haas,20.0,12.0,8,19.0,0.0,,0.0,19.0,0.0,13.5,14.67,3.0,5.5,-1.17,24.55,42.03,49.05,0,1.0
2018,8,hamilton,1.0,91271.0,90645.0,90029.0,1,ricard,mercedes,4.0,5.0,1,206.0,2.0,0.0,120.0,2.0,2.0,3.0,2.8,0.0,-0.33,0.2,24.55,42.03,49.05,0,1.0
2018,8,hulkenberg,12.0,92949.0,92115.0,,9,ricard,renault,7.0,7.0,4,56.0,0.0,,32.0,8.0,0.0,7.5,7.0,2.0,1.5,0.5,24.55,42.03,49.05,0,1.0
2018,8,kevin_magnussen,9.0,92169.0,91510.0,92930.0,6,ricard,haas,11.0,13.0,8,19.0,0.0,2901.0,19.0,10.0,0.0,10.67,11.0,1.0,1.67,-0.33,24.55,42.03,49.05,0,1.0
2018,8,leclerc,8.0,92538.0,92055.0,92635.0,10,ricard,sauber,13.0,10.0,9,12.0,0.0,2606.0,10.0,14.0,0.0,10.0,11.25,1.0,3.5,-1.25,24.55,42.03,49.05,0,1.0
2018,8,max_verstappen,4.0,91531.0,90818.0,90705.0,2,ricard,red_bull,3.0,3.0,3,134.0,2.0,676.0,50.0,6.0,0.0,5.0,5.0,2.0,4.33,0.0,24.55,42.03,49.05,0,1.0
2018,8,ocon,11.0,92786.0,92075.0,,19,ricard,force_india,8.0,9.0,6,28.0,0.0,,11.0,13.0,0.0,7.5,8.67,2.0,-0.5,-1.17,24.55,42.03,49.05,0,1.0
2018,8,perez,13.0,92692.0,92454.0,,18,ricard,force_india,10.0,14.0,6,28.0,0.0,,17.0,12.0,0.0,11.67,10.0,0.0,-0.33,1.67,24.55,42.03,49.05,0,1.0
2018,8,raikkonen,6.0,91567.0,90772.0,91057.0,3,ricard,ferrari,5.0,6.0,2,189.0,3.0,1028.0,68.0,5.0,0.0,5.0,3.75,2.0,-0.5,1.25,24.55,42.03,49.05,0,1.0
2018,8,ricciardo,5.0,91910.0,91538.0,90895.0,4,ricard,red_bull,6.0,4.0,3,134.0,2.0,866.0,84.0,4.0,2.0,3.33,2.75,2.0,1.0,0.58,24.55,42.03,49.05,0,1.0
2018,8,sainz,7.0,92394.0,92016.0,92126.0,8,ricard,renault,9.0,8.0,4,56.0,0.0,2097.0,24.0,9.0,0.0,8.33,7.8,0.0,0.33,0.53,24.55,42.03,49.05,0,1.0
2018,8,sirotkin,19.0,93636.0,,,15,ricard,williams,18.0,17.0,10,4.0,0.0,,0.0,20.0,0.0,15.67,15.5,2.0,1.0,0.17,24.55,42.03,49.05,0,1.0
2018,8,stroll,20.0,93729.0,,,17,ricard,williams,17.0,20.0,10,4.0,0.0,,4.0,16.0,0.0,14.0,12.5,0.0,3.5,1.5,24.55,42.03,49.05,0,1.0
2018,8,vandoorne,18.0,93162.0,,,12,ricard,mclaren,15.0,16.0,5,40.0,0.0,,8.0,15.0,0.0,15.0,13.0,1.0,-1.5,2.0,24.55,42.03,49.05,0,1.0
2018,8,vettel,3.0,91820.0,90751.0,90400.0,5,ricard,ferrari,1.0,1.0,2,189.0,3.0,371.0,121.0,1.0,3.0,2.33,3.8,0.0,-0.33,-1.47,24.55,42.03,49.05,0,1.0
2018,9,alonso,14.0,64965.0,65058.0,,8,red_bull_ring,mclaren,16.0,16.0,5,40.0,0.0,,32.0,8.0,0.0,16.0,10.33,2.0,0.0,5.67,23.18,45.88,37.14,0,0.0
2018,9,bottas,1.0,64175.0,63756.0,63130.0,19,red_bull_ring,mercedes,2.0,7.0,1,237.0,3.0,0.0,92.0,4.0,0.0,4.67,4.0,1.0,-1.67,0.67,23.18,45.88,37.14,0,0.0
2018,9,brendon_hartley,19.0,65366.0,,,17,red_bull_ring,toro_rosso,20.0,14.0,8,19.0,0.0,,1.0,18.0,0.0,14.0,12.0,2.0,6.0,2.0,23.18,45.88,37.14,0,0.0
2018,9,ericsson,20.0,65479.0,,,10,red_bull_ring,sauber,15.0,13.0,9,13.0,0.0,,2.0,17.0,0.0,13.0,12.6,1.0,3.67,0.4,23.18,45.88,37.14,0,0.0
2018,9,gasly,12.0,65011.0,64874.0,,11,red_bull_ring,toro_rosso,14.0,20.0,8,19.0,0.0,,18.0,11.0,0.0,9.0,10.0,2.0,4.0,-1.0,23.18,45.88,37.14,0,0.0
2018,9,grosjean,6.0,64242.0,64059.0,63892.0,4,red_bull_ring,haas,10.0,11.0,7,27.0,0.0,762.0,0.0,19.0,0.0,12.67,12.67,3.0,3.33,0.0,23.18,45.88,37.14,0,0.0
2018,9,hamilton,2.0,64080.0,63577.0,63149.0,16,red_bull_ring,mercedes,1.0,1.0,1,237.0,3.0,19.0,145.0,1.0,3.0,3.0,2.2,0.0,-0.33,0.8,23.18,45.88,37.14,0,0.0
2018,9,hulkenberg,10.0,64864.0,64676.0,65019.0,20,red_bull_ring,renault,12.0,9.0,4,62.0,0.0,1889.0,34.0,7.0,0.0,8.0,8.0,2.0,2.0,0.0,23.18,45.88,37.14,0,0.0
2018,9,kevin_magnussen,8.0,64460.0,64291.0,64051.0,5,red_bull_ring,haas,9.0,6.0,7,27.0,0.0,921.0,27.0,10.0,0.0,10.67,10.2,1.0,2.33,0.47,23.18,45.88,37.14,0,0.0
2018,9,leclerc,13.0,64967.0,64979.0,,9,red_bull_ring,sauber,8.0,10.0,9,13.0,0.0,,11.0,14.0,0.0,10.0,9.0,1.0,0.5,1.0,23.18,45.88,37.14,0,0.0
2018,9,max_verstappen,5.0,64273.0,64001.0,63840.0,1,red_bull_ring,red_bull,4.0,2.0,3,164.0,2.0,710.0,68.0,6.0,0.0,4.67,4.25,2.0,4.33,0.42,23.18,45.88,37.14,0,0.0
2018,9,ocon,11.0,65148.0,64845.0,,6,red_bull_ring,force_india,11.0,19.0,6,28.0,0.0,,11.0,13.0,0.0,7.5,7.5,2.0,-0.5,0.0,23.18,45.88,37.14,0,0.0
2018,9,perez,17.0,65279.0,,,7,red_bull_ring,force_india,13.0,18.0,6,28.0,0.0,,17.0,12.0,0.0,13.0,9.5,0.0,-3.5,3.5,23.18,45.88,37.14,0,0.0
2018,9,raikkonen,4.0,64234.0,63975.0,63660.0,2,red_bull_ring,ferrari,6.0,3.0,2,214.0,3.0,530.0,83.0,5.0,0.0,4.33,3.75,2.0,0.67,0.58,23.18,45.88,37.14,0,0.0
2018,9,ricciardo,7.0,64723.0,64403.0,63996.0,18,red_bull_ring,red_bull,5.0,4.0,3,164.0,2.0,866.0,96.0,3.0,2.0,3.0,3.5,2.0,1.0,-0.5,23.18,45.88,37.14,0,0.0
2018,9,sainz,9.0,64948.0,64561.0,64725.0,12,red_bull_ring,renault,7.0,8.0,4,62.0,0.0,1595.0,28.0,9.0,0.0,8.67,7.6,0.0,-0.67,1.07,23.18,45.88,37.14,0,0.0
2018,9,sirotkin,18.0,65322.0,,,13,red_bull_ring,williams,18.0,15.0,10,4.0,0.0,,0.0,20.0,0.0,16.0,15.5,2.0,0.33,0.5,23.18,45.88,37.14,0,0.0
2018,9,stroll,15.0,65264.0,65286.0,,14,red_bull_ring,williams,19.0,17.0,10,4.0,0.0,,4.0,16.0,0.0,17.0,13.25,1.0,1.0,3.75,23.18,45.88,37.14,0,0.0
2018,9,vandoorne,16.0,65271.0,,,15,red_bull_ring,mclaren,17.0,12.0,5,40.0,0.0,,8.0,15.0,0.0,14.0,12.75,1.0,0.67,1.25,23.18,45.88,37.14,0,0.0
2018,9,vettel,3.0,64347.0,63544.0,63464.0,3,red_bull_ring,ferrari,3.0,5.0,2,214.0,3.0,334.0,131.0,2.0,3.0,2.67,3.2,0.0,-0.67,-0.53,23.18,45.88,37.14,0,0.0
2018,10,alonso,13.0,88187.0,88139.0,,8,silverstone,mclaren,13.0,8.0,6,44.0,0.0,,36.0,8.0,0.0,12.0,10.67,2.0,2.5,1.33,27.43,52.17,38.74,0,0.0
2018,10,bottas,4.0,87025.0,86413.0,86217.0,4,silverstone,mercedes,1.0,19.0,2,237.0,3.0,325.0,92.0,6.0,0.0,4.5,4.0,1.0,-2.5,0.5,27.43,52.17,38.74,0,0.0
2018,10,brendon_hartley,20.0,,,,20,silverstone,toro_rosso,19.0,17.0,8,19.0,0.0,,1.0,19.0,0.0,14.0,13.0,2.0,6.0,1.0,27.43,52.17,38.74,0,0.0
2018,10,ericsson,15.0,88249.0,88391.0,,18,silverstone,sauber,20.0,10.0,9,16.0,0.0,,3.0,18.0,0.0,12.67,12.4,1.0,5.33,0.27,27.43,52.17,38.74,0,0.0
2018,10,gasly,14.0,88399.0,88343.0,,13,silverstone,toro_rosso,12.0,11.0,8,19.0,0.0,,18.0,13.0,0.0,11.0,9.67,3.0,3.0,1.33,27.43,52.17,38.74,0,0.0
2018,10,grosjean,8.0,88086.0,87522.0,87455.0,16,silverstone,haas,5.0,4.0,5,49.0,0.0,1563.0,12.0,15.0,0.0,9.0,10.5,3.0,2.67,-1.5,27.43,52.17,38.74,0,0.0
2018,10,hamilton,1.0,86818.0,86256.0,85892.0,2,silverstone,mercedes,2.0,16.0,2,237.0,3.0,0.0,145.0,2.0,3.0,3.0,2.5,0.0,-0.5,0.5,27.43,52.17,38.74,0,0.0
2018,10,hulkenberg,11.0,88017.0,87901.0,,6,silverstone,renault,10.0,20.0,4,62.0,0.0,,34.0,9.0,0.0,8.0,8.0,2.0,1.5,0.0,27.43,52.17,38.74,0,0.0
2018,10,kevin_magnussen,7.0,88143.0,87730.0,87244.0,9,silverstone,haas,8.0,5.0,5,49.0,0.0,1352.0,37.0,7.0,0.0,8.0,8.6,1.0,1.33,-0.6,27.43,52.17,38.74,0,0.0
2018,10,leclerc,9.0,87962.0,87790.0,87879.0,19,silverstone,sauber,18.0,9.0,9,16.0,0.0,1987.0,13.0,14.0,0.0,9.67,9.75,1.0,3.33,-0.08,27.43,52.17,38.74,0,0.0
2018,10,max_verstappen,5.0,87309.0,87013.0,86602.0,15,silverstone,red_bull,4.0,1.0,3,189.0,3.0,710.0,93.0,5.0,1.0,2.0,3.6,2.0,1.67,-1.6,27.43,52.17,38.74,0,0.0
2018,10,ocon,10.0,88279.0,87843.0,88194.0,7,silverstone,force_india,11.0,6.0,7,42.0,0.0,2302.0,19.0,12.0,0.0,7.5,7.0,3.0,2.0,0.5,27.43,52.17,38.74,0,0.0
2018,10,perez,12.0,88210.0,87928.0,,10,silverstone,force_india,16.0,7.0,7,42.0,0.0,,23.0,11.0,0.0,10.5,10.5,1.0,2.5,0.0,27.43,52.17,38.74,0,0.0
2018,10,raikkonen,3.0,87549.0,86483.0,85990.0,3,silverstone,ferrari,3.0,2.0,1,247.0,3.0,98.0,101.0,3.0,0.0,3.67,3.75,2.0,1.0,-0.08,27.43,52.17,38.74,0,0.0
2018,10,ricciardo,6.0,87979.0,87369.0,87099.0,5,silverstone,red_bull,7.0,18.0,3,189.0,3.0,1207.0,96.0,4.0,2.0,4.0,3.5,2.0,1.5,0.5,27.43,52.17,38.74,0,0.0
2018,10,sainz,16.0,88456.0,,,17,silverstone,renault,9.0,12.0,4,62.0,0.0,,28.0,10.0,0.0,9.33,9.0,0.0,-1.0,0.33,27.43,52.17,38.74,0,0.0
2018,10,sirotkin,18.0,89252.0,,,14,silverstone,williams,17.0,13.0,10,4.0,0.0,,0.0,20.0,0.0,15.0,15.0,2.0,2.67,0.0,27.43,52.17,38.74,0,0.0
2018,10,stroll,19.0,,,,12,silverstone,williams,14.0,14.0,10,4.0,0.0,,4.0,17.0,0.0,15.5,14.75,1.0,1.0,0.75,27.43,52.17,38.74,0,0.0
2018,10,vandoorne,17.0,89096.0,,,11,silverstone,mclaren,15.0,15.0,6,44.0,0.0,,8.0,16.0,0.0,14.33,14.25,1.0,1.33,0.08,27.43,52.17,38.74,0,0.0
2018,10,vettel,2.0,86585.0,86372.0,85936.0,1,silverstone,ferrari,6.0,3.0,1,247.0,3.0,44.0,146.0,1.0,3.0,3.0,3.0,0.0,0.33,0.0,27.43,52.17,38.74,0,0.0
2018,11,alonso,11.0,73614.0,73657.0,,16,hockenheimring,mclaren,13.0,8.0,7,48.0,0.0,,40.0,8.0,0.0,10.67,10.67,2.0,3.33,0.0,26.4,40.67,54.81,0,26.0
2018,11,bottas,2.0,72962.0,72152.0,71416.0,2,hockenheimring,mercedes,4.0,4.0,2,267.0,3.0,204.0,104.0,5.0,0.0,5.5,4.5,2.0,-2.5,1.0,26.4,40.67,54.81,0,26.0
2018,11,brendon_hartley,18.0,74045.0,,,10,hockenheimring,toro_rosso,0.0,20.0,8,19.0,0.0,,1.0,19.0,0.0,14.0,14.0,3.0,6.0,0.0,26.4,40.67,54.81,0,26.0
2018,11,ericsson,13.0,73562.0,73736.0,,9,hockenheimring,sauber,15.0,18.0,9,16.0,0.0,,3.0,18.0,0.0,11.5,12.25,1.0,6.0,-0.75,26.4,40.67,54.81,0,26.0
2018,11,gasly,17.0,73749.0,,,14,hockenheimring,toro_rosso,14.0,13.0,8,19.0,0.0,,18.0,13.0,0.0,12.0,10.5,3.0,1.0,1.5,26.4,40.67,54.81,0,26.0
2018,11,grosjean,6.0,72986.0,72722.0,72544.0,6,hockenheimring,haas,8.0,16.0,5,51.0,0.0,1332.0,12.0,15.0,0.0,7.5,10.5,3.0,0.0,-3.0,26.4,40.67,54.81,0,26.0
2018,11,hamilton,14.0,73012.0,,,1,hockenheimring,mercedes,1.0,2.0,2,267.0,3.0,,163.0,2.0,3.0,1.5,2.75,1.0,-0.5,-1.25,26.4,40.67,54.81,0,26.0
2018,11,hulkenberg,7.0,73479.0,72946.0,72560.0,5,hockenheimring,renault,11.0,6.0,4,70.0,0.0,1348.0,42.0,7.0,0.0,7.5,7.5,3.0,4.0,0.0,26.4,40.67,54.81,0,26.0
2018,11,kevin_magnussen,5.0,73105.0,72523.0,72200.0,11,hockenheimring,haas,7.0,9.0,5,51.0,0.0,988.0,39.0,9.0,0.0,6.67,9.2,1.0,1.33,-2.53,26.4,40.67,54.81,0,26.0
2018,11,leclerc,9.0,73077.0,72995.0,72717.0,15,hockenheimring,sauber,9.0,19.0,9,16.0,0.0,1505.0,13.0,14.0,0.0,9.5,9.67,1.0,3.5,-0.17,26.4,40.67,54.81,0,26.0
2018,11,max_verstappen,4.0,73127.0,72188.0,71822.0,4,hockenheimring,red_bull,5.0,15.0,3,199.0,3.0,610.0,93.0,6.0,1.0,1.5,3.75,2.0,2.5,-2.25,26.4,40.67,54.81,0,26.0
2018,11,ocon,16.0,73720.0,,,8,hockenheimring,force_india,10.0,7.0,6,49.0,0.0,,25.0,11.0,0.0,6.5,7.0,3.0,4.0,-0.5,26.4,40.67,54.81,0,26.0
2018,11,perez,10.0,73427.0,73072.0,72774.0,7,hockenheimring,force_india,12.0,10.0,6,49.0,0.0,1562.0,24.0,12.0,0.0,8.5,10.75,1.0,5.5,-2.25,26.4,40.67,54.81,0,26.0
2018,11,raikkonen,3.0,72505.0,72336.0,71547.0,3,hockenheimring,ferrari,3.0,3.0,1,287.0,4.0,335.0,116.0,3.0,0.0,2.67,3.6,2.0,1.33,-0.93,26.4,40.67,54.81,0,26.0
2018,11,ricciardo,15.0,73318.0,,,20,hockenheimring,red_bull,6.0,5.0,3,199.0,3.0,,106.0,4.0,2.0,4.5,3.5,3.0,1.0,1.0,26.4,40.67,54.81,0,26.0
2018,11,sainz,8.0,73324.0,73032.0,72692.0,12,hockenheimring,renault,16.0,17.0,4,70.0,0.0,1480.0,28.0,10.0,0.0,10.0,9.5,0.0,-2.0,0.5,26.4,40.67,54.81,0,26.0
2018,11,sirotkin,12.0,73708.0,73702.0,,19,hockenheimring,williams,18.0,14.0,10,4.0,0.0,,0.0,20.0,0.0,14.0,15.0,2.0,3.67,-1.0,26.4,40.67,54.81,0,26.0
2018,11,stroll,19.0,74206.0,,,17,hockenheimring,williams,19.0,12.0,10,4.0,0.0,,4.0,17.0,0.0,14.33,15.0,1.0,3.0,-0.67,26.4,40.67,54.81,0,26.0
2018,11,vandoorne,20.0,74401.0,,,13,hockenheimring,mclaren,17.0,11.0,7,48.0,0.0,,8.0,16.0,0.0,12.67,13.6,1.0,3.67,-0.93,26.4,40.67,54.81,0,26.0
2018,11,vettel,1.0,72538.0,72505.0,71212.0,18,hockenheimring,ferrari,2.0,1.0,1,287.0,4.0,0.0,171.0,1.0,4.0,3.0,2.4,0.0,0.67,0.6,26.4,40.67,54.81,0,26.0
2018,12,alonso,11.0,78208.0,95214.0,,8,hungaroring,mclaren,11.0,16.0,7,48.0,0.0,,40.0,8.0,0.0,10.67,12.0,2.0,1.67,-1.33,33.76,51.09,33.01,0,0.0
2018,12,bottas,2.0,77123.0,92081.0,95918.0,5,hungaroring,mercedes,2.0,2.0,1,310.0,4.0,260.0,122.0,4.0,0.0,3.0,3.75,2.0,0.0,-0.75,33.76,51.09,33.01,0,0.0
2018,12,brendon_hartley,8.0,78429.0,92590.0,98128.0,11,hungaroring,toro_rosso,17.0,10.0,8,20.0,0.0,2470.0,2.0,19.0,0.0,10.0,12.0,4.0,7.0,-2.0,33.76,51.09,33.01,0,0.0
2018,12,ericsson,14.0,78641.0,97075.0,,15,hungaroring,sauber,13.0,9.0,9,18.0,0.0,,5.0,17.0,0.0,9.5,11.75,2.0,7.0,-2.25,33.76,51.09,33.01,0,0.0
2018,12,gasly,6.0,78577.0,91286.0,97591.0,6,hungaroring,toro_rosso,16.0,14.0,8,20.0,0.0,1933.0,18.0,14.0,0.0,12.67,12.25,3.0,1.33,0.42,33.76,51.09,33.01,0,0.0
2018,12,grosjean,10.0,77901.0,93650.0,100593.0,10,hungaroring,haas,6.0,6.0,6,59.0,0.0,4935.0,20.0,13.0,0.0,5.0,8.25,4.0,0.5,-3.25,33.76,51.09,33.01,0,0.0
2018,12,hamilton,1.0,77419.0,91242.0,95658.0,1,hungaroring,mercedes,14.0,1.0,1,310.0,4.0,0.0,188.0,1.0,4.0,1.5,2.25,1.0,6.0,-0.75,33.76,51.09,33.01,0,0.0
2018,12,hulkenberg,13.0,77905.0,96506.0,,12,hungaroring,renault,7.0,5.0,4,80.0,0.0,,52.0,7.0,0.0,5.5,6.75,3.0,3.5,-1.25,33.76,51.09,33.01,0,0.0
2018,12,kevin_magnussen,9.0,78314.0,92968.0,99858.0,7,hungaroring,haas,5.0,11.0,6,59.0,0.0,4200.0,39.0,9.0,0.0,8.33,8.8,1.0,-1.67,-0.47,33.76,51.09,33.01,0,0.0
2018,12,leclerc,17.0,78817.0,,,20,hungaroring,sauber,9.0,15.0,9,18.0,0.0,,13.0,15.0,0.0,12.0,11.0,2.0,1.5,1.0,33.76,51.09,33.01,0,0.0
2018,12,max_verstappen,7.0,76940.0,91178.0,98032.0,19,hungaroring,red_bull,4.0,4.0,3,211.0,3.0,2374.0,105.0,6.0,1.0,2.5,2.5,3.0,1.5,0.0,33.76,51.09,33.01,0,0.0
2018,12,ocon,18.0,79142.0,,,13,hungaroring,force_india,15.0,8.0,5,59.0,0.0,,29.0,11.0,0.0,7.0,7.5,3.0,5.0,-0.5,33.76,51.09,33.01,0,0.0
2018,12,perez,19.0,79200.0,,,14,hungaroring,force_india,10.0,7.0,5,59.0,0.0,,30.0,10.0,0.0,8.0,9.5,1.0,4.67,-1.5,33.76,51.09,33.01,0,0.0
2018,12,raikkonen,3.0,77526.0,92762.0,96186.0,3,hungaroring,ferrari,3.0,3.0,2,302.0,4.0,528.0,131.0,3.0,0.0,2.67,3.4,2.0,0.33,-0.73,33.76,51.09,33.01,0,0.0
2018,12,ricciardo,12.0,78540.0,96442.0,,4,hungaroring,red_bull,20.0,20.0,3,211.0,3.0,,106.0,5.0,2.0,5.0,4.33,3.0,1.0,0.67,33.76,51.09,33.01,0,0.0
2018,12,sainz,5.0,77829.0,90771.0,96743.0,9,hungaroring,renault,8.0,12.0,4,80.0,0.0,1085.0,28.0,12.0,0.0,12.0,10.0,1.0,-3.5,2.0,33.76,51.09,33.01,0,0.0
2018,12,sirotkin,20.0,79301.0,,,16,hungaroring,williams,12.0,19.0,10,4.0,0.0,,0.0,20.0,0.0,13.5,14.75,2.0,4.0,-1.25,33.76,51.09,33.01,0,0.0
2018,12,stroll,15.0,78560.0,,,17,hungaroring,williams,18.0,17.0,10,4.0,0.0,,4.0,18.0,0.0,13.0,14.33,1.0,3.5,-1.33,33.76,51.09,33.01,0,0.0
2018,12,vandoorne,16.0,78782.0,,,18,hungaroring,mclaren,19.0,13.0,7,48.0,0.0,,8.0,16.0,0.0,13.0,13.4,1.0,4.0,-0.4,33.76,51.09,33.01,0,0.0
2018,12,vettel,4.0,76666.0,88636.0,96210.0,2,hungaroring,ferrari,1.0,18.0,2,302.0,4.0,552.0,171.0,2.0,4.0,2.0,2.5,0.0,2.0,-0.5,33.76,51.09,33.01,0,0.0
2018,13,alonso,17.0,104917.0,,,19,spa,mclaren,11.0,8.0,7,52.0,0.0,,44.0,9.0,0.0,10.67,11.2,2.0,1.0,-0.53,17.33,27.9,37.7,0,0.0
2018,13,bottas,10.0,102805.0,102191.0,,4,spa,mercedes,2.0,5.0,1,345.0,5.0,,132.0,4.0,0.0,3.67,4.5,2.0,-1.0,-0.83,17.33,27.9,37.7,0,0.0
2018,13,brendon_hartley,12.0,104153.0,103865.0,,14,spa,toro_rosso,8.0,11.0,8,28.0,0.0,,2.0,19.0,0.0,10.5,11.67,4.0,2.0,-1.17,17.33,27.9,37.7,0,0.0
2018,13,ericsson,14.0,103846.0,104301.0,,10,spa,sauber,14.0,15.0,9,18.0,0.0,,5.0,17.0,0.0,12.0,11.75,2.0,1.5,0.25,17.33,27.9,37.7,0,0.0
2018,13,gasly,11.0,104221.0,103844.0,,9,spa,toro_rosso,6.0,6.0,8,28.0,0.0,,26.0,13.0,0.0,11.0,11.0,3.0,1.0,0.0,17.33,27.9,37.7,0,0.0
2018,13,grosjean,5.0,103597.0,103042.0,122122.0,7,spa,haas,10.0,10.0,5,66.0,0.0,3943.0,21.0,14.0,0.0,8.0,7.75,4.0,0.0,0.25,17.33,27.9,37.7,0,0.0
2018,13,hamilton,1.0,102977.0,101553.0,118179.0,2,spa,mercedes,1.0,1.0,1,345.0,5.0,0.0,213.0,1.0,5.0,1.33,1.25,1.0,4.0,0.08,17.33,27.9,37.7,0,0.0
2018,13,hulkenberg,15.0,104145.0,,,20,spa,renault,13.0,12.0,4,82.0,0.0,,52.0,7.0,0.0,7.67,8.0,3.0,2.67,-0.33,17.33,27.9,37.7,0,0.0
2018,13,kevin_magnussen,9.0,103834.0,103320.0,124933.0,8,spa,haas,9.0,7.0,5,66.0,0.0,6754.0,45.0,8.0,0.0,9.0,7.6,1.0,-2.0,1.4,17.33,27.9,37.7,0,0.0
2018,13,leclerc,13.0,103654.0,104062.0,,18,spa,sauber,17.0,20.0,9,18.0,0.0,,13.0,15.0,0.0,15.0,11.33,2.0,-6.0,3.67,17.33,27.9,37.7,0,0.0
2018,13,max_verstappen,7.0,103199.0,102554.0,122769.0,3,spa,red_bull,7.0,19.0,3,223.0,3.0,4590.0,105.0,6.0,1.0,4.0,2.33,3.0,0.0,1.67,17.33,27.9,37.7,0,0.0
2018,13,ocon,3.0,104003.0,103302.0,121851.0,6,spa,force_india,18.0,13.0,6,59.0,0.0,3672.0,29.0,12.0,0.0,9.33,8.5,3.0,5.0,0.83,17.33,27.9,37.7,0,0.0
2018,13,perez,4.0,104004.0,103014.0,121894.0,5,spa,force_india,19.0,14.0,6,59.0,0.0,3715.0,30.0,10.0,0.0,10.33,9.5,1.0,3.33,0.83,17.33,27.9,37.7,0,0.0
2018,13,raikkonen,6.0,102585.0,101533.0,122671.0,17,spa,ferrari,3.0,3.0,2,335.0,4.0,4492.0,146.0,3.0,0.0,3.0,2.8,2.0,0.0,0.2,17.33,27.9,37.7,0,0.0
2018,13,ricciardo,8.0,103604.0,103126.0,122939.0,16,spa,red_bull,12.0,4.0,3,223.0,3.0,4760.0,118.0,5.0,2.0,4.5,4.33,4.0,4.5,0.17,17.33,27.9,37.7,0,0.0
2018,13,sainz,16.0,104489.0,,,11,spa,renault,5.0,9.0,4,82.0,0.0,,30.0,11.0,0.0,10.5,10.25,1.0,-4.0,0.25,17.33,27.9,37.7,0,0.0
2018,13,sirotkin,18.0,104998.0,,,12,spa,williams,20.0,16.0,10,4.0,0.0,,0.0,20.0,0.0,15.0,14.5,3.0,4.0,0.5,17.33,27.9,37.7,0,0.0
2018,13,stroll,19.0,105134.0,,,13,spa,williams,15.0,17.0,10,4.0,0.0,,4.0,18.0,0.0,14.5,15.0,2.0,2.5,-0.5,17.33,27.9,37.7,0,0.0
2018,13,vandoorne,20.0,105307.0,,,15,spa,mclaren,16.0,18.0,7,52.0,0.0,,8.0,16.0,0.0,12.0,12.75,1.0,6.0,-0.75,17.33,27.9,37.7,0,0.0
2018,13,vettel,2.0,103035.0,101501.0,118905.0,1,spa,ferrari,4.0,2.0,2,335.0,4.0,726.0,189.0,2.0,4.0,1.5,2.75,1.0,1.5,-1.25,17.33,27.9,37.7,0,0.0
2018,14,alonso,13.0,81850.0,82568.0,,18,monza,mclaren,15.0,19.0,7,52.0,0.0,,44.0,9.0,0.0,12.0,10.0,2.0,-1.0,2.0,22.19,30.82,63.81,0,23.2
2018,14,bottas,4.0,81381.0,80427.0,79656.0,3,monza,mercedes,19.0,4.0,1,375.0,5.0,537.0,144.0,4.0,0.0,3.67,3.75,2.0,4.0,-0.08,22.19,30.82,63.81,0,23.2
2018,14,brendon_hartley,18.0,81934.0,,,19,monza,toro_rosso,11.0,14.0,8,30.0,0.0,,2.0,19.0,0.0,11.67,11.67,4.0,0.33,0.0,22.19,30.82,63.81,0,23.2
2018,14,ericsson,19.0,82048.0,,,15,monza,sauber,13.0,10.0,9,19.0,0.0,,6.0,17.0,0.0,11.33,11.0,2.0,2.0,0.33,22.19,30.82,63.81,0,23.2
2018,14,gasly,9.0,81834.0,81667.0,81350.0,14,monza,toro_rosso,10.0,9.0,8,30.0,0.0,2231.0,28.0,13.0,0.0,9.67,10.6,3.0,1.0,-0.93,22.19,30.82,63.81,0,23.2
2018,14,grosjean,6.0,81887.0,81239.0,80936.0,20,monza,haas,5.0,7.0,6,76.0,0.0,1817.0,27.0,14.0,0.0,7.67,6.75,4.0,-0.67,0.92,22.19,30.82,63.81,0,23.2
2018,14,hamilton,3.0,80810.0,79798.0,79294.0,1,monza,mercedes,1.0,2.0,1,375.0,5.0,175.0,231.0,1.0,5.0,1.33,1.5,1.0,4.0,-0.17,22.19,30.82,63.81,0,23.2
2018,14,hulkenberg,14.0,81801.0,,,13,monza,renault,20.0,20.0,4,82.0,0.0,,52.0,7.0,0.0,8.5,7.67,3.0,1.5,0.83,22.19,30.82,63.81,0,23.2
2018,14,kevin_magnussen,11.0,81783.0,81669.0,,16,monza,haas,9.0,8.0,6,76.0,0.0,,49.0,8.0,0.0,8.67,8.0,1.0,-1.0,0.67,22.19,30.82,63.81,0,23.2
2018,14,leclerc,17.0,81889.0,,,11,monza,sauber,12.0,18.0,9,19.0,0.0,,13.0,15.0,0.0,15.0,12.0,3.0,-6.0,3.0,22.19,30.82,63.81,0,23.2
2018,14,max_verstappen,5.0,81381.0,80333.0,80615.0,5,monza,red_bull,7.0,3.0,3,238.0,3.0,1496.0,120.0,5.0,1.0,3.5,2.67,4.0,2.0,0.83,22.19,30.82,63.81,0,23.2
2018,14,ocon,8.0,81570.0,81315.0,81099.0,6,monza,force_india,3.0,6.0,5,77.0,0.0,1980.0,37.0,11.0,0.0,9.0,8.0,3.0,3.0,1.0,22.19,30.82,63.81,0,23.2
2018,14,perez,16.0,81888.0,,,7,monza,force_india,4.0,5.0,5,77.0,0.0,,40.0,10.0,0.0,8.67,8.6,1.0,2.33,0.07,22.19,30.82,63.81,0,23.2
2018,14,raikkonen,1.0,80722.0,79846.0,79119.0,2,monza,ferrari,6.0,17.0,2,360.0,5.0,0.0,146.0,3.0,0.0,3.0,2.75,2.0,0.0,0.25,22.19,30.82,63.81,0,23.2
2018,14,ricciardo,15.0,81280.0,,,17,monza,red_bull,8.0,16.0,3,238.0,3.0,,118.0,6.0,2.0,4.0,4.5,4.0,8.0,-0.5,22.19,30.82,63.81,0,23.2
2018,14,sainz,7.0,81732.0,81552.0,81041.0,8,monza,renault,14.0,11.0,4,82.0,0.0,1922.0,30.0,12.0,0.0,10.67,11.0,1.0,-1.67,-0.33,22.19,30.82,63.81,0,23.2
2018,14,sirotkin,12.0,81813.0,81732.0,,10,monza,williams,16.0,12.0,10,4.0,0.0,,0.0,20.0,0.0,14.0,13.75,3.0,4.0,0.25,22.19,30.82,63.81,0,23.2
2018,14,stroll,10.0,81838.0,81494.0,81627.0,9,monza,williams,17.0,13.0,10,4.0,0.0,2508.0,4.0,18.0,0.0,15.0,14.0,2.0,1.0,1.0,22.19,30.82,63.81,0,23.2
2018,14,vandoorne,20.0,82085.0,,,12,monza,mclaren,18.0,15.0,7,52.0,0.0,,8.0,16.0,0.0,14.0,13.5,2.0,4.5,0.5,22.19,30.82,63.81,0,23.2
2018,14,vettel,2.0,80542.0,79629.0,79280.0,4,monza,ferrari,2.0,1.0,2,360.0,5.0,161.0,214.0,2.0,5.0,1.5,1.75,1.0,1.5,-0.25,22.19,30.82,63.81,0,23.2
2018,15,alonso,11.0,99022.0,98641.0,,7,marina_bay,mclaren,13.0,18.0,7,52.0,0.0,,44.0,11.0,0.0,8.0,10.67,3.0,3.0,-2.67,29.87,33.12,66.04,0,0.0
2018,15,bottas,4.0,99291.0,97254.0,96702.0,4,marina_bay,mercedes,4.0,3.0,1,415.0,6.0,687.0,159.0,4.0,0.0,4.0,3.6,2.0,4.33,0.4,29.87,33.12,66.04,0,0.0
2018,15,brendon_hartley,17.0,99809.0,,,17,marina_bay,toro_rosso,16.0,19.0,8,30.0,0.0,,2.0,19.0,0.0,12.5,11.67,4.0,-3.0,0.83,29.87,33.12,66.04,0,0.0
2018,15,ericsson,14.0,99366.0,99453.0,,11,marina_bay,sauber,18.0,15.0,9,19.0,0.0,,6.0,18.0,0.0,13.33,12.25,2.0,1.67,1.08,29.87,33.12,66.04,0,0.0
2018,15,gasly,15.0,99614.0,99691.0,,13,marina_bay,toro_rosso,9.0,14.0,8,30.0,0.0,,28.0,13.0,0.0,9.67,11.2,3.0,-1.33,-1.53,29.87,33.12,66.04,0,0.0
2018,15,grosjean,8.0,98685.0,98367.0,98320.0,15,marina_bay,haas,6.0,20.0,6,76.0,0.0,2305.0,27.0,14.0,0.0,8.5,7.67,4.0,-1.0,0.83,29.87,33.12,66.04,0,0.0
2018,15,hamilton,1.0,99403.0,97344.0,96015.0,1,marina_bay,mercedes,3.0,1.0,1,415.0,6.0,0.0,256.0,1.0,6.0,1.33,1.4,1.0,0.33,-0.07,29.87,33.12,66.04,0,0.0
2018,15,hulkenberg,10.0,98932.0,98450.0,98588.0,10,marina_bay,renault,20.0,13.0,5,86.0,0.0,2573.0,52.0,7.0,0.0,12.5,9.0,4.0,4.0,3.5,29.87,33.12,66.04,0,0.0
2018,15,kevin_magnussen,16.0,99644.0,,,18,marina_bay,haas,11.0,16.0,6,76.0,0.0,,49.0,8.0,0.0,10.33,10.2,1.0,-0.67,0.13,29.87,33.12,66.04,0,0.0
2018,15,leclerc,13.0,99206.0,98747.0,,9,marina_bay,sauber,15.0,11.0,9,19.0,0.0,,13.0,15.0,0.0,11.0,13.0,4.0,4.0,-2.0,29.87,33.12,66.04,0,0.0
2018,15,max_verstappen,2.0,98751.0,97214.0,96334.0,2,marina_bay,red_bull,5.0,5.0,3,248.0,3.0,319.0,130.0,5.0,1.0,4.0,4.0,4.0,2.0,0.0,29.87,33.12,66.04,0,0.0
2018,15,ocon,9.0,98912.0,98534.0,98365.0,20,marina_bay,force_india,8.0,6.0,4,91.0,0.0,2350.0,45.0,10.0,0.0,8.33,8.0,3.0,1.33,0.33,29.87,33.12,66.04,0,0.0
2018,15,perez,7.0,98814.0,98342.0,97985.0,16,marina_bay,force_india,14.0,7.0,4,91.0,0.0,1970.0,46.0,9.0,0.0,8.67,8.6,1.0,3.67,0.07,29.87,33.12,66.04,0,0.0
2018,15,raikkonen,5.0,98534.0,97194.0,96794.0,5,marina_bay,ferrari,1.0,2.0,2,390.0,5.0,779.0,164.0,3.0,0.0,2.5,2.75,3.0,-0.5,-0.25,29.87,33.12,66.04,0,0.0
2018,15,ricciardo,6.0,98153.0,97406.0,96996.0,6,marina_bay,red_bull,19.0,17.0,3,248.0,3.0,981.0,118.0,6.0,2.0,4.0,4.5,5.0,8.0,-0.5,29.87,33.12,66.04,0,0.0
2018,15,sainz,12.0,99103.0,98716.0,,8,marina_bay,renault,7.0,8.0,5,86.0,0.0,,34.0,12.0,0.0,9.33,10.0,1.0,-0.67,-0.67,29.87,33.12,66.04,0,0.0
2018,15,sirotkin,19.0,101263.0,,,19,marina_bay,williams,12.0,10.0,10,7.0,0.0,,1.0,20.0,0.0,12.67,13.0,3.0,3.33,-0.33,29.87,33.12,66.04,0,0.0
2018,15,stroll,20.0,101334.0,,,14,marina_bay,williams,10.0,9.0,10,7.0,0.0,,6.0,17.0,0.0,13.0,12.75,2.0,1.0,0.25,29.87,33.12,66.04,0,0.0
2018,15,vandoorne,18.0,99864.0,,,12,marina_bay,mclaren,17.0,12.0,7,52.0,0.0,,8.0,16.0,0.0,13.5,12.75,2.0,4.0,0.75,29.87,33.12,66.04,0,0.0
2018,15,vettel,3.0,98218.0,97876.0,96628.0,3,marina_bay,ferrari,2.0,4.0,2,390.0,5.0,613.0,226.0,2.0,5.0,2.33,2.0,1.0,0.33,0.33,29.87,33.12,66.04,0,0.0
2018,16,alonso,17.0,95504.0,,,14,sochi,mclaren,11.0,7.0,7,58.0,0.0,,50.0,8.0,0.0,7.0,10.33,4.0,4.0,-3.33,24.78,29.95,61.31,0,1.8
2018,16,bottas,1.0,92964.0,92744.0,91387.0,2,sochi,mercedes,4.0,4.0,1,452.0,7.0,0.0,171.0,4.0,0.0,3.67,3.6,2.0,5.33,0.07,24.78,29.95,61.31,0,1.8
2018,16,brendon_hartley,16.0,95037.0,,,20,sochi,toro_rosso,17.0,17.0,8,30.0,0.0,,2.0,19.0,0.0,15.5,13.0,5.0,-1.5,2.5,24.78,29.95,61.31,0,1.8
2018,16,ericsson,10.0,94170.0,93995.0,95196.0,13,sochi,sauber,14.0,11.0,9,21.0,0.0,3809.0,6.0,18.0,0.0,12.0,12.0,2.0,3.0,0.0,24.78,29.95,61.31,0,1.8
2018,16,gasly,13.0,94383.0,,,19,sochi,toro_rosso,15.0,13.0,8,30.0,0.0,,28.0,13.0,0.0,12.0,11.2,3.0,-0.67,0.8,24.78,29.95,61.31,0,1.8
2018,16,grosjean,9.0,94022.0,93517.0,93704.0,11,sochi,haas,8.0,15.0,6,76.0,0.0,2317.0,27.0,14.0,0.0,11.0,9.5,4.0,-4.5,1.5,24.78,29.95,61.31,0,1.8
2018,16,hamilton,2.0,92410.0,92595.0,91532.0,1,sochi,mercedes,1.0,1.0,1,452.0,7.0,145.0,281.0,1.0,7.0,1.33,1.2,1.0,0.33,0.13,24.78,29.95,61.31,0,1.8
2018,16,hulkenberg,15.0,94655.0,,,12,sochi,renault,10.0,10.0,5,91.0,0.0,,53.0,7.0,0.0,11.5,10.0,4.0,3.5,1.5,24.78,29.95,61.31,0,1.8
2018,16,kevin_magnussen,5.0,94078.0,93747.0,93181.0,8,sochi,haas,16.0,18.0,6,76.0,0.0,1794.0,49.0,9.0,0.0,14.0,12.0,1.0,-2.0,2.0,24.78,29.95,61.31,0,1.8
2018,16,leclerc,7.0,93924.0,93488.0,93419.0,7,sochi,sauber,13.0,9.0,9,21.0,0.0,2032.0,15.0,15.0,0.0,10.0,11.67,4.0,4.0,-1.67,24.78,29.95,61.31,0,1.8
2018,16,max_verstappen,11.0,93048.0,,,5,sochi,red_bull,2.0,2.0,3,274.0,3.0,,148.0,5.0,1.0,3.33,3.5,4.0,1.33,-0.17,24.78,29.95,61.31,0,1.8
2018,16,ocon,6.0,94290.0,93596.0,93413.0,9,sochi,force_india,9.0,20.0,4,91.0,0.0,2026.0,45.0,11.0,0.0,6.0,8.25,3.0,-0.5,-2.25,24.78,29.95,61.31,0,1.8
2018,16,perez,8.0,94084.0,93923.0,93563.0,10,sochi,force_india,7.0,16.0,4,91.0,0.0,2176.0,46.0,10.0,0.0,9.33,9.8,1.0,-1.0,-0.47,24.78,29.95,61.31,0,1.8
2018,16,raikkonen,4.0,93341.0,93065.0,92237.0,4,sochi,ferrari,5.0,5.0,2,415.0,5.0,850.0,174.0,3.0,0.0,3.5,3.25,3.0,-0.5,0.25,24.78,29.95,61.31,0,1.8
2018,16,ricciardo,12.0,93247.0,,,6,sochi,red_bull,6.0,6.0,3,274.0,3.0,,126.0,6.0,2.0,6.0,5.0,6.0,0.0,1.0,24.78,29.95,61.31,0,1.8
2018,16,sainz,14.0,94626.0,,,17,sochi,renault,12.0,8.0,5,91.0,0.0,,38.0,12.0,0.0,9.0,9.6,1.0,2.0,-0.6,24.78,29.95,61.31,0,1.8
2018,16,sirotkin,18.0,95612.0,,,18,sochi,williams,19.0,19.0,10,7.0,0.0,,1.0,20.0,0.0,13.67,14.25,3.0,2.0,-0.58,24.78,29.95,61.31,0,1.8
2018,16,stroll,20.0,96437.0,,,15,sochi,williams,20.0,14.0,10,7.0,0.0,,6.0,17.0,0.0,12.0,13.25,2.0,3.67,-1.25,24.78,29.95,61.31,0,1.8
2018,16,vandoorne,19.0,95977.0,,,16,sochi,mclaren,18.0,12.0,7,58.0,0.0,,8.0,16.0,0.0,13.0,13.0,2.0,4.67,0.0,24.78,29.95,61.31,0,1.8
2018,16,vettel,3.0,93476.0,93045.0,91943.0,3,sochi,ferrari,3.0,3.0,2,415.0,5.0,556.0,241.0,2.0,5.0,2.67,2.5,1.0,-0.33,0.17,24.78,29.95,61.31,0,1.8
2018,17,alonso,18.0,90573.0,,,14,suzuka,mclaren,16.0,14.0,7,58.0,0.0,,50.0,9.0,0.0,10.5,9.67,4.0,3.0,0.83,28.26,37.17,50.52,0,0.0
2018,17,bottas,2.0,89297.0,87987.0,88059.0,2,suzuka,mercedes,1.0,2.0,1,495.0,8.0,299.0,189.0,3.0,0.0,3.0,3.6,2.0,0.0,-0.6,28.26,37.17,50.52,0,0.0
2018,17,brendon_hartley,6.0,90248.0,89848.0,90023.0,13,suzuka,toro_rosso,20.0,20.0,8,30.0,0.0,2263.0,2.0,19.0,0.0,17.0,14.0,5.0,0.0,3.0,28.26,37.17,50.52,0,0.0
2018,17,ericsson,20.0,91213.0,,,12,suzuka,sauber,10.0,13.0,9,27.0,0.0,,6.0,18.0,0.0,13.0,12.8,2.0,1.0,0.2,28.26,37.17,50.52,0,0.0
2018,17,gasly,7.0,90137.0,89810.0,90093.0,11,suzuka,toro_rosso,17.0,19.0,8,30.0,0.0,2333.0,28.0,13.0,0.0,13.5,10.5,3.0,-1.5,3.0,28.26,37.17,50.52,0,0.0
2018,17,grosjean,5.0,89724.0,89678.0,89761.0,8,suzuka,haas,9.0,11.0,6,80.0,0.0,2001.0,27.0,14.0,0.0,13.0,10.75,4.0,-4.5,2.25,28.26,37.17,50.52,0,0.0
2018,17,hamilton,1.0,88702.0,88017.0,87760.0,1,suzuka,mercedes,2.0,1.0,1,495.0,8.0,0.0,306.0,1.0,8.0,1.0,1.2,1.0,1.0,-0.2,28.26,37.17,50.52,0,0.0
2018,17,hulkenberg,16.0,90361.0,,,19,suzuka,renault,12.0,12.0,5,91.0,0.0,,53.0,8.0,0.0,11.67,11.75,4.0,2.33,-0.08,28.26,37.17,50.52,0,0.0
2018,17,kevin_magnussen,12.0,90219.0,90226.0,,20,suzuka,haas,5.0,8.0,6,80.0,0.0,,53.0,7.0,0.0,14.0,11.4,1.0,-3.33,2.6,28.26,37.17,50.52,0,0.0
2018,17,leclerc,11.0,89706.0,89864.0,,18,suzuka,sauber,7.0,7.0,9,27.0,0.0,,21.0,15.0,0.0,9.0,9.0,4.0,2.67,0.0,28.26,37.17,50.52,0,0.0
2018,17,max_verstappen,3.0,89480.0,88849.0,89057.0,3,suzuka,red_bull,19.0,5.0,3,292.0,3.0,1297.0,158.0,5.0,1.0,4.0,3.75,4.0,4.67,0.25,28.26,37.17,50.52,0,0.0
2018,17,ocon,8.0,89899.0,89538.0,90126.0,9,suzuka,force_india,6.0,9.0,4,94.0,0.0,2366.0,47.0,11.0,0.0,7.5,8.5,4.0,-0.5,-1.0,28.26,37.17,50.52,0,0.0
2018,17,perez,10.0,90247.0,89567.0,97229.0,7,suzuka,force_india,8.0,10.0,4,94.0,0.0,9469.0,47.0,10.0,0.0,11.0,10.4,1.0,-1.33,0.6,28.26,37.17,50.52,0,0.0
2018,17,raikkonen,4.0,89631.0,88595.0,89521.0,5,suzuka,ferrari,4.0,4.0,2,442.0,5.0,1761.0,186.0,4.0,0.0,3.67,3.5,3.0,-0.33,0.17,28.26,37.17,50.52,0,0.0
2018,17,ricciardo,15.0,89806.0,,,4,suzuka,red_bull,18.0,6.0,3,292.0,3.0,,134.0,6.0,2.0,6.0,5.33,6.0,6.0,0.67,28.26,37.17,50.52,0,0.0
2018,17,sainz,13.0,90236.0,90490.0,,10,suzuka,renault,11.0,17.0,5,91.0,0.0,,38.0,12.0,0.0,11.0,10.6,1.0,-1.0,0.4,28.26,37.17,50.52,0,0.0
2018,17,sirotkin,17.0,90372.0,,,16,suzuka,williams,13.0,18.0,10,7.0,0.0,,1.0,20.0,0.0,15.67,15.0,3.0,-1.0,0.67,28.26,37.17,50.52,0,0.0
2018,17,stroll,14.0,90317.0,90714.0,,17,suzuka,williams,14.0,15.0,10,7.0,0.0,,6.0,17.0,0.0,12.67,13.6,2.0,2.0,-0.93,28.26,37.17,50.52,0,0.0
2018,17,vandoorne,19.0,91041.0,,,15,suzuka,mclaren,15.0,16.0,7,58.0,0.0,,8.0,16.0,0.0,13.33,13.75,2.0,3.33,-0.42,28.26,37.17,50.52,0,0.0
2018,17,vettel,9.0,89049.0,88279.0,92192.0,6,suzuka,ferrari,3.0,3.0,2,442.0,5.0,4432.0,256.0,2.0,5.0,3.33,2.6,1.0,-0.67,0.73,28.26,37.17,50.52,0,0.0
2018,18,alonso,16.0,95294.0,,,18,americas,mclaren,18.0,14.0,7,58.0,0.0,,50.0,10.0,0.0,11.67,11.67,4.0,3.33,0.0,21.93,30.49,37.56,0,0.0
2018,18,bottas,4.0,94518.0,93702.0,92616.0,5,americas,mercedes,2.0,2.0,1,538.0,9.0,379.0,207.0,3.0,0.0,2.67,3.0,2.0,-0.33,-0.33,21.93,30.49,37.56,0,0.0
2018,18,brendon_hartley,14.0,95206.0,,,9,americas,toro_rosso,6.0,13.0,8,30.0,0.0,,2.0,19.0,0.0,15.0,14.67,6.0,-3.5,0.33,21.93,30.49,37.56,0,0.0
2018,18,ericsson,19.0,95536.0,,,10,americas,sauber,20.0,12.0,9,27.0,0.0,,6.0,18.0,0.0,12.0,12.2,2.0,2.67,-0.2,21.93,30.49,37.56,0,0.0
2018,18,gasly,13.0,94850.0,,,12,americas,toro_rosso,7.0,11.0,8,30.0,0.0,,28.0,14.0,0.0,12.0,11.75,4.0,-1.0,0.25,21.93,30.49,37.56,0,0.0
2018,18,grosjean,8.0,94892.0,94419.0,94250.0,17,americas,haas,5.0,8.0,6,84.0,0.0,2013.0,31.0,13.0,0.0,11.33,10.25,4.0,-4.0,1.08,21.93,30.49,37.56,0,0.0
2018,18,hamilton,1.0,94130.0,93480.0,92237.0,3,americas,mercedes,1.0,1.0,1,538.0,9.0,0.0,331.0,1.0,9.0,1.0,1.2,1.0,0.33,-0.2,21.93,30.49,37.56,0,0.0
2018,18,hulkenberg,7.0,94932.0,94564.0,94215.0,6,americas,renault,16.0,19.0,5,92.0,0.0,1978.0,53.0,9.0,0.0,11.0,11.67,4.0,0.0,-0.67,21.93,30.49,37.56,0,0.0
2018,18,kevin_magnussen,12.0,94972.0,94732.0,,20,americas,haas,12.0,20.0,6,84.0,0.0,,53.0,8.0,0.0,13.0,12.5,1.0,-2.5,0.5,21.93,30.49,37.56,0,0.0
2018,18,leclerc,9.0,95069.0,94255.0,94420.0,15,americas,sauber,10.0,18.0,9,27.0,0.0,2183.0,21.0,15.0,0.0,8.0,9.0,4.0,2.0,-1.0,21.93,30.49,37.56,0,0.0
2018,18,max_verstappen,15.0,94766.0,,,2,americas,red_bull,3.0,3.0,3,319.0,3.0,,173.0,5.0,1.0,3.33,3.6,4.0,4.67,-0.27,21.93,30.49,37.56,0,0.0
2018,18,ocon,6.0,94876.0,94522.0,94145.0,19,americas,force_india,11.0,9.0,4,102.0,0.0,1908.0,49.0,11.0,0.0,9.0,7.5,4.0,-0.5,1.5,21.93,30.49,37.56,0,0.0
2018,18,perez,10.0,95193.0,94525.0,94594.0,8,americas,force_india,9.0,7.0,4,102.0,0.0,2357.0,53.0,7.0,0.0,11.0,9.0,1.0,-3.0,2.0,21.93,30.49,37.56,0,0.0
2018,18,raikkonen,3.0,94703.0,92884.0,92307.0,1,americas,ferrari,4.0,5.0,2,460.0,5.0,70.0,196.0,4.0,0.0,4.67,4.0,3.0,-0.33,0.67,21.93,30.49,37.56,0,0.0
2018,18,ricciardo,5.0,94755.0,94185.0,93494.0,16,americas,red_bull,15.0,4.0,3,319.0,3.0,1257.0,146.0,6.0,2.0,5.33,5.33,6.0,7.67,0.0,21.93,30.49,37.56,0,0.0
2018,18,sainz,11.0,94891.0,94566.0,,7,americas,renault,13.0,10.0,5,92.0,0.0,,39.0,12.0,0.0,11.67,10.8,1.0,0.33,0.87,21.93,30.49,37.56,0,0.0
2018,18,sirotkin,17.0,95362.0,,,13,americas,williams,17.0,16.0,10,7.0,0.0,,1.0,20.0,0.0,17.67,15.0,3.0,-1.33,2.67,21.93,30.49,37.56,0,0.0
2018,18,stroll,18.0,95480.0,,,14,americas,williams,14.0,17.0,10,7.0,0.0,,6.0,17.0,0.0,15.33,13.6,2.0,0.67,1.73,21.93,30.49,37.56,0,0.0
2018,18,vandoorne,20.0,95735.0,,,11,americas,mclaren,19.0,15.0,7,58.0,0.0,,8.0,16.0,0.0,14.33,14.0,2.0,3.0,0.33,21.93,30.49,37.56,0,0.0
2018,18,vettel,2.0,94569.0,93079.0,92298.0,4,americas,ferrari,8.0,6.0,2,460.0,5.0,61.0,264.0,2.0,5.0,4.0,3.4,1.0,0.67,0.6,21.93,30.49,37.56,0,0.0
2018,19,alonso,12.0,76857.0,76871.0,,20,rodriguez,mclaren,13.0,18.0,7,58.0,0.0,,50.0,10.0,0.0,14.0,11.67,4.0,3.0,2.33,20.12,34.47,50.71,0,0.0
2018,19,bottas,5.0,75580.0,75923.0,75160.0,5,rodriguez,mercedes,3.0,5.0,1,563.0,9.0,401.0,217.0,4.0,0.0,3.0,3.2,2.0,-1.0,-0.2,20.12,34.47,50.71,0,0.0
2018,19,brendon_hartley,14.0,76682.0,77184.0,,14,rodriguez,toro_rosso,20.0,9.0,8,32.0,0.0,,4.0,19.0,0.0,11.0,13.0,6.0,2.0,-2.0,20.12,34.47,50.71,0,0.0
2018,19,ericsson,10.0,76701.0,76633.0,76513.0,9,rodriguez,sauber,16.0,10.0,9,28.0,0.0,1754.0,7.0,17.0,0.0,11.67,12.2,2.0,3.67,-0.53,20.12,34.47,50.71,0,0.0
2018,19,gasly,15.0,76828.0,,,10,rodriguez,toro_rosso,19.0,12.0,8,32.0,0.0,,28.0,14.0,0.0,11.5,12.5,4.0,1.5,-1.0,20.12,34.47,50.71,0,0.0
2018,19,grosjean,16.0,76911.0,,,16,rodriguez,haas,8.0,17.0,6,84.0,0.0,,31.0,13.0,0.0,9.5,11.33,4.0,-2.5,-1.83,20.12,34.47,50.71,0,0.0
2018,19,hamilton,3.0,75673.0,75644.0,74894.0,4,rodriguez,mercedes,1.0,3.0,1,563.0,9.0,135.0,346.0,1.0,9.0,1.67,1.4,1.0,-0.33,0.27,20.12,34.47,50.71,0,0.0
2018,19,hulkenberg,7.0,76498.0,76126.0,75827.0,6,rodriguez,renault,7.0,6.0,5,106.0,0.0,1068.0,61.0,7.0,0.0,9.0,10.25,5.0,0.5,-1.25,20.12,34.47,50.71,0,0.0
2018,19,kevin_magnussen,18.0,77599.0,,,15,rodriguez,haas,12.0,20.0,6,84.0,0.0,,53.0,9.0,0.0,8.0,14.0,2.0,-3.0,-6.0,20.12,34.47,50.71,0,0.0
2018,19,leclerc,9.0,76862.0,76320.0,76189.0,7,rodriguez,sauber,9.0,15.0,9,28.0,0.0,1430.0,21.0,15.0,0.0,7.0,9.0,5.0,0.0,-2.0,20.12,34.47,50.71,0,0.0
2018,19,max_verstappen,2.0,75756.0,75640.0,74785.0,1,rodriguez,red_bull,18.0,2.0,3,337.0,3.0,26.0,191.0,5.0,1.0,3.33,3.4,4.0,10.0,-0.07,20.12,34.47,50.71,0,0.0
2018,19,ocon,11.0,76252.0,76844.0,,11,rodriguez,force_india,6.0,19.0,4,106.0,0.0,,49.0,11.0,0.0,9.0,8.0,4.0,-0.5,1.0,20.12,34.47,50.71,0,0.0
2018,19,perez,13.0,76242.0,77167.0,,18,rodriguez,force_india,10.0,8.0,4,106.0,0.0,,57.0,8.0,0.0,8.33,9.6,1.0,0.67,-1.27,20.12,34.47,50.71,0,0.0
2018,19,raikkonen,6.0,76446.0,75996.0,75330.0,3,rodriguez,ferrari,2.0,1.0,2,497.0,6.0,571.0,221.0,3.0,1.0,3.33,3.4,3.0,0.0,-0.07,20.12,34.47,50.71,0,0.0
2018,19,ricciardo,1.0,75866.0,75845.0,74759.0,17,rodriguez,red_bull,4.0,16.0,3,337.0,3.0,0.0,146.0,6.0,2.0,5.0,5.33,6.0,11.5,-0.33,20.12,34.47,50.71,0,0.0
2018,19,sainz,8.0,76813.0,76188.0,76084.0,19,rodriguez,renault,11.0,7.0,5,106.0,0.0,1325.0,45.0,12.0,0.0,11.33,10.0,1.0,0.33,1.33,20.12,34.47,50.71,0,0.0
2018,19,sirotkin,20.0,77886.0,,,13,rodriguez,williams,14.0,13.0,10,7.0,0.0,,1.0,20.0,0.0,15.67,15.2,3.0,-1.0,0.47,20.12,34.47,50.71,0,0.0
2018,19,stroll,19.0,77689.0,,,12,rodriguez,williams,15.0,14.0,10,7.0,0.0,,6.0,18.0,0.0,15.33,13.8,2.0,-1.0,1.53,20.12,34.47,50.71,0,0.0
2018,19,vandoorne,17.0,76966.0,,,8,rodriguez,mclaren,17.0,11.0,7,58.0,0.0,,8.0,16.0,0.0,14.0,13.2,2.0,3.0,0.8,20.12,34.47,50.71,0,0.0
2018,19,vettel,4.0,76089.0,75715.0,74970.0,2,rodriguez,ferrari,5.0,4.0,2,497.0,6.0,211.0,276.0,2.0,5.0,4.33,4.0,1.0,1.0,0.33,20.12,34.47,50.71,0,0.0
2018,20,alonso,18.0,69402.0,,,17,interlagos,mclaren,12.0,20.0,7,62.0,0.0,,50.0,10.0,0.0,14.0,11.67,5.0,4.0,2.33,23.77,40.07,75.41,0,0.0
2018,20,bottas,3.0,68492.0,67727.0,67441.0,5,interlagos,mercedes,5.0,5.0,1,585.0,9.0,160.0,227.0,4.0,0.0,4.0,3.6,2.0,-0.67,0.4,23.77,40.07,75.41,0,0.0
2018,20,brendon_hartley,17.0,69280.0,,,11,interlagos,toro_rosso,14.0,14.0,9,33.0,0.0,,4.0,19.0,0.0,12.0,13.25,6.0,1.33,-1.25,23.77,40.07,75.41,0,0.0
2018,20,ericsson,7.0,68754.0,68579.0,68296.0,20,interlagos,sauber,10.0,9.0,8,36.0,0.0,1015.0,9.0,17.0,0.0,10.33,11.0,2.0,5.0,-0.67,23.77,40.07,75.41,0,0.0
2018,20,gasly,10.0,69046.0,68616.0,69029.0,13,interlagos,toro_rosso,20.0,10.0,9,33.0,0.0,1748.0,29.0,14.0,0.0,11.0,11.5,4.0,4.33,-0.5,23.77,40.07,75.41,0,0.0
2018,20,grosjean,9.0,68735.0,68239.0,68517.0,8,interlagos,haas,18.0,16.0,6,84.0,0.0,1236.0,31.0,13.0,0.0,12.0,12.5,5.0,-0.5,-0.5,23.77,40.07,75.41,0,0.0
2018,20,hamilton,1.0,68464.0,67795.0,67281.0,1,interlagos,mercedes,3.0,4.0,1,585.0,9.0,0.0,358.0,1.0,9.0,2.67,2.0,1.0,-1.0,0.67,23.77,40.07,75.41,0,0.0
2018,20,hulkenberg,14.0,69009.0,68834.0,,19,interlagos,renault,7.0,6.0,4,114.0,0.0,,69.0,7.0,0.0,6.0,8.5,5.0,1.0,-2.5,23.77,40.07,75.41,0,0.0
2018,20,kevin_magnussen,11.0,68474.0,68659.0,,9,interlagos,haas,16.0,15.0,6,84.0,0.0,,53.0,9.0,0.0,15.0,13.67,2.0,1.0,1.33,23.77,40.07,75.41,0,0.0
2018,20,leclerc,8.0,68667.0,68335.0,68492.0,7,interlagos,sauber,9.0,7.0,8,36.0,0.0,1211.0,27.0,15.0,0.0,7.0,7.67,6.0,2.0,-0.67,23.77,40.07,75.41,0,0.0
2018,20,max_verstappen,5.0,68205.0,68017.0,67778.0,2,interlagos,red_bull,2.0,1.0,3,362.0,4.0,497.0,216.0,5.0,2.0,2.0,2.6,4.0,5.67,-0.6,23.77,40.07,75.41,0,0.0
2018,20,ocon,13.0,69264.0,68770.0,,15,interlagos,force_india,11.0,11.0,5,106.0,0.0,,49.0,11.0,0.0,10.0,9.67,4.0,1.0,0.33,23.77,40.07,75.41,0,0.0
2018,20,perez,12.0,69217.0,68741.0,,10,interlagos,force_india,13.0,18.0,5,106.0,0.0,,57.0,8.0,0.0,7.5,10.25,1.0,2.0,-2.75,23.77,40.07,75.41,0,0.0
2018,20,raikkonen,4.0,68452.0,68028.0,67456.0,3,interlagos,ferrari,6.0,3.0,2,530.0,6.0,175.0,236.0,3.0,1.0,3.0,3.6,3.0,1.0,-0.6,23.77,40.07,75.41,0,0.0
2018,20,ricciardo,6.0,68544.0,68055.0,67780.0,4,interlagos,red_bull,1.0,17.0,3,362.0,4.0,499.0,146.0,6.0,2.0,4.0,5.33,7.0,11.0,-1.33,23.77,40.07,75.41,0,0.0
2018,20,sainz,16.0,69269.0,,,12,interlagos,renault,8.0,19.0,4,114.0,0.0,,45.0,12.0,0.0,8.5,10.5,1.0,3.5,-2.0,23.77,40.07,75.41,0,0.0
2018,20,sirotkin,15.0,69259.0,70381.0,,16,interlagos,williams,19.0,13.0,10,7.0,0.0,,1.0,20.0,0.0,14.0,15.8,3.0,2.67,-1.8,23.77,40.07,75.41,0,0.0
2018,20,stroll,19.0,69441.0,,,18,interlagos,williams,17.0,12.0,10,7.0,0.0,,6.0,18.0,0.0,14.33,14.4,2.0,1.0,-0.07,23.77,40.07,75.41,0,0.0
2018,20,vandoorne,20.0,69601.0,,,14,interlagos,mclaren,15.0,8.0,7,62.0,0.0,,12.0,16.0,0.0,11.33,12.4,2.0,5.67,-1.07,23.77,40.07,75.41,0,0.0
2018,20,vettel,2.0,68452.0,67776.0,67374.0,6,interlagos,ferrari,4.0,2.0,2,530.0,6.0,93.0,294.0,2.0,5.0,4.0,3.6,1.0,1.67,0.4,23.77,40.07,75.41,0,0.0
2018,21,alonso,15.0,97890.0,97743.0,,11,yas_marina,mclaren,17.0,17.0,7,62.0,0.0,,50.0,10.0,0.0,17.0,15.0,6.0,0.0,2.0,31.27,33.32,45.44,0,4.4
2018,21,bottas,2.0,96789.0,96392.0,94956.0,5,yas_marina,mercedes,3.0,5.0,1,620.0,10.0,162.0,237.0,4.0,0.0,5.0,3.8,2.0,-1.33,1.2,31.27,33.32,45.44,0,4.4
2018,21,brendon_hartley,16.0,97994.0,,,12,yas_marina,toro_rosso,16.0,11.0,9,33.0,0.0,,4.0,19.0,0.0,11.33,11.75,6.0,5.33,-0.42,31.27,33.32,45.44,0,4.4
2018,21,ericsson,12.0,97619.0,97132.0,,18,yas_marina,sauber,6.0,20.0,8,42.0,0.0,,9.0,17.0,0.0,9.5,11.0,2.0,3.5,-1.5,31.27,33.32,45.44,0,4.4
2018,21,gasly,17.0,98166.0,,,16,yas_marina,toro_rosso,9.0,13.0,9,33.0,0.0,,29.0,15.0,0.0,11.67,11.5,4.0,4.33,0.17,31.27,33.32,45.44,0,4.4
2018,21,grosjean,7.0,97575.0,96732.0,96192.0,9,yas_marina,haas,8.0,8.0,6,90.0,0.0,1398.0,35.0,13.0,0.0,12.0,10.75,5.0,1.0,1.25,31.27,33.32,45.44,0,4.4
2018,21,hamilton,1.0,96828.0,95693.0,94794.0,1,yas_marina,mercedes,1.0,1.0,1,620.0,10.0,0.0,383.0,1.0,10.0,2.67,2.0,1.0,-1.0,0.67,31.27,33.32,45.44,0,4.4
2018,21,hulkenberg,10.0,97569.0,96630.0,96542.0,20,yas_marina,renault,13.0,19.0,4,114.0,0.0,1748.0,69.0,7.0,0.0,6.0,8.0,5.0,1.0,-2.0,31.27,33.32,45.44,0,4.4
2018,21,kevin_magnussen,13.0,97934.0,97309.0,,10,yas_marina,haas,10.0,9.0,6,90.0,0.0,,55.0,9.0,0.0,12.0,10.67,2.0,1.0,1.33,31.27,33.32,45.44,0,4.4
2018,21,leclerc,8.0,97124.0,96580.0,96237.0,7,yas_marina,sauber,7.0,7.0,8,42.0,0.0,1443.0,33.0,14.0,0.0,7.0,7.0,6.0,1.0,0.0,31.27,33.32,45.44,0,4.4
2018,21,max_verstappen,6.0,97195.0,96144.0,95589.0,3,yas_marina,red_bull,5.0,2.0,3,392.0,4.0,795.0,234.0,5.0,2.0,1.67,2.6,4.0,6.67,-0.93,31.27,33.32,45.44,0,4.4
2018,21,ocon,9.0,96936.0,96814.0,96540.0,17,yas_marina,force_india,18.0,15.0,5,107.0,0.0,1746.0,49.0,11.0,0.0,13.0,11.0,4.0,1.5,2.0,31.27,33.32,45.44,0,4.4
2018,21,perez,14.0,97255.0,97541.0,,8,yas_marina,force_india,12.0,10.0,5,107.0,0.0,,58.0,8.0,0.0,9.0,8.75,2.0,2.0,0.25,31.27,33.32,45.44,0,4.4
2018,21,raikkonen,4.0,97010.0,96735.0,95365.0,19,yas_marina,ferrari,4.0,3.0,2,553.0,6.0,571.0,251.0,3.0,1.0,2.33,3.2,3.0,1.67,-0.87,31.27,33.32,45.44,0,4.4
2018,21,ricciardo,5.0,97117.0,96964.0,95401.0,4,yas_marina,red_bull,11.0,4.0,3,392.0,4.0,607.0,158.0,6.0,2.0,4.0,4.67,8.0,7.0,-0.67,31.27,33.32,45.44,0,4.4
2018,21,sainz,11.0,97757.0,96982.0,,6,yas_marina,renault,15.0,12.0,4,114.0,0.0,,45.0,12.0,0.0,9.5,11.5,2.0,3.5,-2.0,31.27,33.32,45.44,0,4.4
2018,21,sirotkin,19.0,98635.0,,,15,yas_marina,williams,14.0,16.0,10,7.0,0.0,,1.0,20.0,0.0,14.0,15.2,3.0,1.67,-1.2,31.27,33.32,45.44,0,4.4
2018,21,stroll,20.0,98682.0,,,13,yas_marina,williams,19.0,18.0,10,7.0,0.0,,6.0,18.0,0.0,14.67,15.2,2.0,2.33,-0.53,31.27,33.32,45.44,0,4.4
2018,21,vandoorne,18.0,98577.0,,,14,yas_marina,mclaren,20.0,14.0,7,62.0,0.0,,12.0,16.0,0.0,11.0,12.8,2.0,6.33,-1.8,31.27,33.32,45.44,0,4.4
2018,21,vettel,3.0,96775.0,96345.0,95125.0,2,yas_marina,ferrari,2.0,6.0,2,553.0,6.0,331.0,302.0,2.0,5.0,4.0,4.2,1.0,-0.33,-0.2,31.27,33.32,45.44,0,4.4
2019,1,albon,13.0,82757.0,82636.0,,14,albert_park,toro_rosso,,,,,,,,,,,,,,,23.48,41.31,70.45,0,0.0
2019,1,bottas,2.0,82367.0,81193.0,80598.0,1,albert_park,mercedes,,,,,,112.0,,,,,,,,,23.48,41.31,70.45,0,0.0
2019,1,gasly,17.0,83020.0,,,11,albert_park,red_bull,,,,,,,,,,,,,,,23.48,41.31,70.45,0,0.0
2019,1,giovinazzi,14.0,82431.0,82714.0,,15,albert_park,alfa,,,,,,,,,,,,,,,23.48,41.31,70.45,0,0.0
2019,1,grosjean,6.0,82959.0,81870.0,81826.0,18,albert_park,haas,,,,,,1340.0,,,,,,,,,23.48,41.31,70.45,0,0.0
2019,1,hamilton,1.0,82043.0,81014.0,80486.0,2,albert_park,mercedes,,,,,,0.0,,,,,,,,,23.48,41.31,70.45,0,0.0
2019,1,hulkenberg,11.0,82540.0,82562.0,,7,albert_park,renault,,,,,,,,,,,,,,,23.48,41.31,70.45,0,0.0
2019,1,kevin_magnussen,7.0,82519.0,82221.0,82099.0,6,albert_park,haas,,,,,,1613.0,,,,,,,,,23.48,41.31,70.45,0,0.0
2019,1,kubica,20.0,86067.0,,,17,albert_park,williams,,,,,,,,,,,,,,,23.48,41.31,70.45,0,0.0
2019,1,kvyat,15.0,82511.0,82774.0,,10,albert_park,toro_rosso,,,,,,,,,,,,,,,23.48,41.31,70.45,0,0.0
2019,1,leclerc,5.0,82017.0,81739.0,81442.0,5,albert_park,ferrari,,,,,,956.0,,,,,,,,,23.48,41.31,70.45,0,0.0
2019,1,max_verstappen,4.0,82876.0,81678.0,81320.0,3,albert_park,red_bull,,,,,,834.0,,,,,,,,,23.48,41.31,70.45,0,0.0
2019,1,norris,8.0,82702.0,82423.0,82304.0,12,albert_park,mclaren,,,,,,1818.0,,,,,,,,,23.48,41.31,70.45,0,0.0
2019,1,perez,10.0,82908.0,82532.0,82781.0,13,albert_park,racing_point,,,,,,2295.0,,,,,,,,,23.48,41.31,70.45,0,0.0
2019,1,raikkonen,9.0,82966.0,82349.0,82314.0,8,albert_park,alfa,,,,,,1828.0,,,,,,,,,23.48,41.31,70.45,0,0.0
2019,1,ricciardo,12.0,82921.0,82570.0,,19,albert_park,renault,,,,,,,,,,,,,,,23.48,41.31,70.45,0,0.0
2019,1,russell,19.0,84360.0,,,16,albert_park,williams,,,,,,,,,,,,,,,23.48,41.31,70.45,0,0.0
2019,1,sainz,18.0,83084.0,,,20,albert_park,mclaren,,,,,,,,,,,,,,,23.48,41.31,70.45,0,0.0
2019,1,stroll,16.0,83017.0,,,9,albert_park,racing_point,,,,,,,,,,,,,,,23.48,41.31,70.45,0,0.0
2019,1,vettel,3.0,82885.0,81912.0,81190.0,4,albert_park,ferrari,,,,,,704.0,,,,,,,,,23.48,41.31,70.45,0,0.0
2019,2,albon,12.0,89514.0,89513.0,,9,bahrain,toro_rosso,13.0,14.0,8.0,1.0,0.0,,0.0,14.0,0.0,14.0,14.0,0.0,-1.0,0.0,26.21,28.61,53.37,0,0.0
2019,2,bottas,4.0,89498.0,88830.0,88256.0,2,bahrain,mercedes,2.0,1.0,1.0,44.0,1.0,390.0,26.0,1.0,1.0,1.0,1.0,0.0,1.0,0.0,26.21,28.61,53.37,0,0.0
2019,2,gasly,13.0,89900.0,89526.0,,8,bahrain,red_bull,17.0,11.0,3.0,15.0,0.0,,0.0,11.0,0.0,11.0,11.0,0.0,6.0,0.0,26.21,28.61,53.37,0,0.0
2019,2,giovinazzi,16.0,90026.0,,,11,bahrain,alfa,14.0,15.0,6.0,4.0,0.0,,0.0,15.0,0.0,15.0,15.0,0.0,-1.0,0.0,26.21,28.61,53.37,0,0.0
2019,2,grosjean,8.0,89688.0,89249.0,89015.0,20,bahrain,haas,6.0,18.0,4.0,8.0,0.0,1149.0,0.0,,0.0,,,0.0,,,26.21,28.61,53.37,0,0.0
2019,2,hamilton,3.0,89262.0,88578.0,88190.0,1,bahrain,mercedes,1.0,2.0,1.0,44.0,1.0,324.0,18.0,2.0,0.0,2.0,2.0,0.0,-1.0,0.0,26.21,28.61,53.37,0,0.0
2019,2,hulkenberg,17.0,90034.0,,,17,bahrain,renault,11.0,7.0,5.0,6.0,0.0,,6.0,7.0,0.0,7.0,7.0,0.0,4.0,0.0,26.21,28.61,53.37,0,0.0
2019,2,kevin_magnussen,6.0,89532.0,89017.0,88757.0,13,bahrain,haas,7.0,6.0,4.0,8.0,0.0,891.0,8.0,6.0,0.0,6.0,6.0,0.0,1.0,0.0,26.21,28.61,53.37,0,0.0
2019,2,kubica,20.0,91799.0,,,16,bahrain,williams,20.0,17.0,10.0,0.0,0.0,,0.0,17.0,0.0,17.0,17.0,0.0,3.0,0.0,26.21,28.61,53.37,0,0.0
2019,2,kvyat,15.0,89876.0,89854.0,,12,bahrain,toro_rosso,15.0,10.0,8.0,1.0,0.0,,1.0,10.0,0.0,10.0,10.0,0.0,5.0,0.0,26.21,28.61,53.37,0,0.0
2019,2,leclerc,1.0,88495.0,88046.0,87866.0,3,bahrain,ferrari,5.0,5.0,2.0,22.0,0.0,0.0,10.0,5.0,0.0,5.0,5.0,0.0,0.0,0.0,26.21,28.61,53.37,0,0.0
2019,2,max_verstappen,5.0,89579.0,89109.0,88752.0,4,bahrain,red_bull,4.0,3.0,3.0,15.0,0.0,886.0,15.0,3.0,0.0,3.0,3.0,0.0,1.0,0.0,26.21,28.61,53.37,0,0.0
2019,2,norris,10.0,89381.0,89258.0,89043.0,6,bahrain,mclaren,8.0,12.0,9.0,0.0,0.0,1177.0,0.0,12.0,0.0,12.0,12.0,0.0,-4.0,0.0,26.21,28.61,53.37,0,0.0
2019,2,perez,14.0,89893.0,89756.0,,10,bahrain,racing_point,10.0,13.0,7.0,2.0,0.0,,0.0,13.0,0.0,13.0,13.0,0.0,-3.0,0.0,26.21,28.61,53.37,0,0.0
2019,2,raikkonen,9.0,89959.0,89471.0,89022.0,7,bahrain,alfa,9.0,8.0,6.0,4.0,0.0,1156.0,4.0,8.0,0.0,8.0,8.0,0.0,1.0,0.0,26.21,28.61,53.37,0,0.0
2019,2,ricciardo,11.0,89859.0,89488.0,,18,bahrain,renault,12.0,19.0,5.0,6.0,0.0,,0.0,,0.0,,,0.0,,,26.21,28.61,53.37,0,0.0
2019,2,russell,19.0,91759.0,,,15,bahrain,williams,19.0,16.0,10.0,0.0,0.0,,0.0,16.0,0.0,16.0,16.0,0.0,3.0,0.0,26.21,28.61,53.37,0,0.0
2019,2,sainz,7.0,89528.0,89055.0,88813.0,19,bahrain,mclaren,18.0,20.0,9.0,0.0,0.0,947.0,0.0,,0.0,,,0.0,,,26.21,28.61,53.37,0,0.0
2019,2,stroll,18.0,90217.0,,,14,bahrain,racing_point,16.0,9.0,7.0,2.0,0.0,,2.0,9.0,0.0,9.0,9.0,0.0,7.0,0.0,26.21,28.61,53.37,0,0.0
2019,2,vettel,2.0,88733.0,88356.0,88160.0,5,bahrain,ferrari,3.0,4.0,2.0,22.0,0.0,294.0,12.0,4.0,0.0,4.0,4.0,0.0,-1.0,0.0,26.21,28.61,53.37,0,0.0
2019,3,albon,,,,,10,shanghai,toro_rosso,12.0,9.0,8.0,3.0,0.0,,2.0,12.0,0.0,11.5,11.5,0.0,1.0,0.0,19.33,27.34,45.98,0,0.0
2019,3,bottas,1.0,92658.0,91728.0,91547.0,2,shanghai,mercedes,4.0,2.0,1.0,87.0,2.0,0.0,44.0,1.0,1.0,1.5,1.5,0.0,1.5,0.0,19.33,27.34,45.98,0,0.0
2019,3,gasly,6.0,93863.0,92948.0,92930.0,6,shanghai,red_bull,13.0,8.0,3.0,31.0,0.0,1383.0,4.0,10.0,0.0,9.5,9.5,0.0,5.5,0.0,19.33,27.34,45.98,0,0.0
2019,3,giovinazzi,,,,,15,shanghai,alfa,16.0,11.0,4.0,10.0,0.0,,0.0,15.0,0.0,13.0,13.0,0.0,2.0,0.0,19.33,27.34,45.98,0,0.0
2019,3,grosjean,10.0,93752.0,93156.0,,11,shanghai,haas,11.0,20.0,6.0,8.0,0.0,,0.0,,0.0,,,1.0,,,19.33,27.34,45.98,0,0.0
2019,3,hamilton,2.0,93115.0,91637.0,91570.0,1,shanghai,mercedes,3.0,1.0,1.0,87.0,2.0,23.0,43.0,2.0,1.0,1.5,1.5,0.0,0.5,0.0,19.33,27.34,45.98,0,0.0
2019,3,hulkenberg,8.0,93644.0,93968.0,92962.0,20,shanghai,renault,17.0,17.0,7.0,6.0,0.0,1415.0,6.0,9.0,0.0,7.0,7.0,0.0,4.0,0.0,19.33,27.34,45.98,0,0.0
2019,3,kevin_magnussen,9.0,94036.0,93150.0,,13,shanghai,haas,6.0,13.0,6.0,8.0,0.0,,8.0,8.0,0.0,9.5,9.5,0.0,-3.0,0.0,19.33,27.34,45.98,0,0.0
2019,3,kubica,18.0,95281.0,,,17,shanghai,williams,20.0,16.0,10.0,0.0,0.0,,0.0,17.0,0.0,16.5,16.5,0.0,3.5,0.0,19.33,27.34,45.98,0,0.0
2019,3,kvyat,11.0,93783.0,93236.0,,19,shanghai,toro_rosso,15.0,12.0,8.0,3.0,0.0,,1.0,13.0,0.0,11.0,11.0,0.0,4.0,0.0,19.33,27.34,45.98,0,0.0
2019,3,leclerc,4.0,92712.0,92324.0,91865.0,5,shanghai,ferrari,1.0,3.0,2.0,48.0,0.0,318.0,26.0,4.0,0.0,4.0,4.0,0.0,-1.0,0.0,19.33,27.34,45.98,0,0.0
2019,3,max_verstappen,5.0,93274.0,92369.0,92089.0,4,shanghai,red_bull,5.0,4.0,3.0,31.0,0.0,542.0,27.0,3.0,0.0,3.5,3.5,0.0,1.0,0.0,19.33,27.34,45.98,0,0.0
2019,3,norris,15.0,94148.0,93967.0,,18,shanghai,mclaren,9.0,6.0,5.0,8.0,0.0,,8.0,7.0,0.0,9.0,9.0,0.0,-0.5,0.0,19.33,27.34,45.98,0,0.0
2019,3,perez,12.0,94026.0,93299.0,,8,shanghai,racing_point,14.0,10.0,9.0,3.0,0.0,,1.0,14.0,0.0,11.5,11.5,0.0,0.5,0.0,19.33,27.34,45.98,0,0.0
2019,3,raikkonen,13.0,94125.0,93419.0,,9,shanghai,alfa,8.0,7.0,4.0,10.0,0.0,,10.0,6.0,0.0,7.5,7.5,0.0,1.0,0.0,19.33,27.34,45.98,0,0.0
2019,3,ricciardo,7.0,93709.0,93214.0,92958.0,7,shanghai,renault,10.0,18.0,7.0,6.0,0.0,1411.0,0.0,,0.0,,,1.0,,,19.33,27.34,45.98,0,0.0
2019,3,russell,17.0,95253.0,,,16,shanghai,williams,19.0,15.0,10.0,0.0,0.0,,0.0,16.0,0.0,15.5,15.5,0.0,3.5,0.0,19.33,27.34,45.98,0,0.0
2019,3,sainz,14.0,93686.0,93523.0,,14,shanghai,mclaren,7.0,19.0,5.0,8.0,0.0,,0.0,,0.0,,,1.0,,,19.33,27.34,45.98,0,0.0
2019,3,stroll,16.0,94292.0,,,12,shanghai,racing_point,18.0,14.0,9.0,3.0,0.0,,2.0,11.0,0.0,11.5,11.5,0.0,5.5,0.0,19.33,27.34,45.98,0,0.0
2019,3,vettel,3.0,93557.0,92232.0,91848.0,3,shanghai,ferrari,2.0,5.0,2.0,48.0,0.0,301.0,22.0,5.0,0.0,4.5,4.5,0.0,-2.0,0.0,19.33,27.34,45.98,0,0.0
2019,4,albon,12.0,102154.0,102494.0,,11,baku,toro_rosso,0.0,10.0,9.0,4.0,0.0,,3.0,13.0,0.0,11.0,11.0,0.0,-2.67,0.0,19.76,39.65,51.41,0,0.0
2019,4,bottas,1.0,102026.0,101500.0,100495.0,1,baku,mercedes,1.0,2.0,1.0,130.0,3.0,0.0,62.0,2.0,1.0,1.67,1.67,0.0,0.67,0.0,19.76,39.65,51.41,0,0.0
2019,4,gasly,20.0,,,,17,baku,red_bull,6.0,6.0,3.0,52.0,0.0,,13.0,6.0,0.0,8.33,8.33,0.0,3.67,0.0,19.76,39.65,51.41,0,0.0
2019,4,giovinazzi,8.0,102140.0,102381.0,102424.0,12,baku,alfa,19.0,15.0,5.0,12.0,0.0,1929.0,0.0,16.0,0.0,13.67,13.67,0.0,2.67,0.0,19.76,39.65,51.41,0,0.0
2019,4,grosjean,15.0,103407.0,,,18,baku,haas,10.0,11.0,6.0,8.0,0.0,,0.0,17.0,0.0,11.0,11.0,2.0,-1.0,0.0,19.76,39.65,51.41,0,0.0
2019,4,hamilton,2.0,101614.0,101580.0,100554.0,2,baku,mercedes,2.0,1.0,1.0,130.0,3.0,59.0,68.0,1.0,2.0,1.33,1.33,0.0,0.67,0.0,19.76,39.65,51.41,0,0.0
2019,4,hulkenberg,16.0,103427.0,,,14,baku,renault,8.0,20.0,4.0,12.0,0.0,,6.0,10.0,0.0,7.0,7.0,1.0,4.0,0.0,19.76,39.65,51.41,0,0.0
2019,4,kevin_magnussen,13.0,102382.0,102699.0,,13,baku,haas,9.0,13.0,6.0,8.0,0.0,,8.0,9.0,0.0,10.67,10.67,0.0,-3.33,0.0,19.76,39.65,51.41,0,0.0
2019,4,kubica,18.0,105455.0,,,16,baku,williams,18.0,17.0,10.0,0.0,0.0,,0.0,20.0,0.0,16.67,16.67,0.0,2.67,0.0,19.76,39.65,51.41,0,0.0
2019,4,kvyat,6.0,102324.0,102221.0,101681.0,19,baku,toro_rosso,11.0,19.0,9.0,4.0,0.0,1186.0,1.0,15.0,0.0,11.0,11.0,0.0,4.0,0.0,19.76,39.65,51.41,0,0.0
2019,4,leclerc,9.0,101426.0,101995.0,,5,baku,ferrari,4.0,5.0,2.0,73.0,0.0,,36.0,5.0,0.0,4.33,4.33,0.0,-1.0,0.0,19.76,39.65,51.41,0,0.0
2019,4,max_verstappen,4.0,101727.0,101388.0,101069.0,4,baku,red_bull,5.0,4.0,3.0,52.0,0.0,574.0,39.0,3.0,0.0,3.67,3.67,0.0,1.0,0.0,19.76,39.65,51.41,0,0.0
2019,4,norris,7.0,102371.0,102084.0,101886.0,8,baku,mclaren,15.0,18.0,7.0,8.0,0.0,1391.0,8.0,8.0,0.0,12.0,12.0,0.0,-1.33,0.0,19.76,39.65,51.41,0,0.0
2019,4,perez,5.0,102249.0,101870.0,101593.0,6,baku,racing_point,12.0,8.0,8.0,7.0,0.0,1098.0,5.0,12.0,0.0,10.33,10.33,0.0,1.67,0.0,19.76,39.65,51.41,0,0.0
2019,4,raikkonen,19.0,,,,10,baku,alfa,13.0,9.0,5.0,12.0,0.0,,12.0,7.0,0.0,8.0,8.0,0.0,2.0,0.0,19.76,39.65,51.41,0,0.0
2019,4,ricciardo,11.0,102486.0,102477.0,,20,baku,renault,7.0,7.0,4.0,12.0,0.0,,6.0,11.0,0.0,7.0,7.0,2.0,0.0,0.0,19.76,39.65,51.41,0,0.0
2019,4,russell,17.0,105062.0,,,15,baku,williams,17.0,16.0,10.0,0.0,0.0,,0.0,19.0,0.0,15.67,15.67,0.0,2.67,0.0,19.76,39.65,51.41,0,0.0
2019,4,sainz,10.0,101936.0,102398.0,,7,baku,mclaren,14.0,14.0,7.0,8.0,0.0,,0.0,18.0,0.0,14.0,14.0,2.0,0.0,0.0,19.76,39.65,51.41,0,0.0
2019,4,stroll,14.0,102630.0,,,9,baku,racing_point,16.0,12.0,8.0,7.0,0.0,,2.0,14.0,0.0,11.67,11.67,0.0,5.0,0.0,19.76,39.65,51.41,0,0.0
2019,4,vettel,3.0,102042.0,101889.0,100797.0,3,baku,ferrari,3.0,3.0,2.0,73.0,0.0,302.0,37.0,4.0,0.0,4.0,4.0,0.0,-1.33,0.0,19.76,39.65,51.41,0,0.0
2019,5,albon,12.0,77796.0,77445.0,,11,catalunya,toro_rosso,11.0,11.0,9.0,4.0,0.0,,3.0,15.0,0.0,10.0,11.0,0.0,-2.33,-1.0,20.15,40.73,54.72,0,0.0
2019,5,bottas,1.0,76979.0,75924.0,75406.0,2,catalunya,mercedes,1.0,1.0,1.0,173.0,4.0,0.0,87.0,1.0,2.0,1.67,1.5,0.0,0.33,0.17,20.15,40.73,54.72,0,0.0
2019,5,gasly,6.0,77862.0,76932.0,76708.0,6,catalunya,red_bull,0.0,17.0,3.0,64.0,0.0,1302.0,13.0,7.0,0.0,7.0,8.33,0.0,2.5,-1.33,20.15,40.73,54.72,0,0.0
2019,5,giovinazzi,18.0,78664.0,,,16,catalunya,alfa,17.0,12.0,6.0,13.0,0.0,,0.0,17.0,0.0,12.67,13.25,0.0,4.67,-0.58,20.15,40.73,54.72,0,0.0
2019,5,grosjean,7.0,78042.0,77066.0,76911.0,10,catalunya,haas,14.0,18.0,8.0,8.0,0.0,1505.0,0.0,18.0,0.0,11.0,11.0,2.0,-1.0,0.0,20.15,40.73,54.72,0,0.0
2019,5,hamilton,2.0,77292.0,76038.0,76040.0,1,catalunya,mercedes,2.0,2.0,1.0,173.0,4.0,634.0,86.0,2.0,2.0,1.33,1.5,0.0,1.0,-0.17,20.15,40.73,54.72,0,0.0
2019,5,hulkenberg,16.0,78404.0,,,13,catalunya,renault,15.0,14.0,7.0,12.0,0.0,,6.0,11.0,0.0,14.0,10.5,2.0,1.0,3.5,20.15,40.73,54.72,0,0.0
2019,5,kevin_magnussen,8.0,77669.0,77272.0,76922.0,7,catalunya,haas,12.0,13.0,8.0,8.0,0.0,1516.0,8.0,10.0,0.0,13.0,11.25,0.0,-4.0,1.75,20.15,40.73,54.72,0,0.0
2019,5,kubica,20.0,80254.0,,,18,catalunya,williams,0.0,16.0,10.0,0.0,0.0,,0.0,20.0,0.0,16.33,16.5,0.0,-3.67,-0.17,20.15,40.73,54.72,0,0.0
2019,5,kvyat,9.0,77914.0,77243.0,77573.0,9,catalunya,toro_rosso,6.0,19.0,9.0,4.0,0.0,2167.0,1.0,16.0,0.0,12.0,11.0,1.0,3.0,1.0,20.15,40.73,54.72,0,0.0
2019,5,leclerc,5.0,77388.0,76714.0,76588.0,5,catalunya,ferrari,8.0,5.0,2.0,99.0,0.0,1182.0,47.0,5.0,0.0,4.33,4.5,0.0,0.0,-0.17,20.15,40.73,54.72,0,0.0
2019,5,max_verstappen,4.0,77244.0,76726.0,76357.0,3,catalunya,red_bull,4.0,4.0,3.0,64.0,0.0,951.0,51.0,4.0,0.0,4.0,3.75,0.0,0.67,0.25,20.15,40.73,54.72,0,0.0
2019,5,norris,11.0,77611.0,77338.0,,20,catalunya,mclaren,7.0,8.0,4.0,18.0,0.0,,12.0,9.0,0.0,10.67,11.0,0.0,-0.33,-0.33,20.15,40.73,54.72,0,0.0
2019,5,perez,15.0,78286.0,77886.0,,15,catalunya,racing_point,5.0,6.0,5.0,17.0,0.0,,13.0,6.0,0.0,8.0,9.25,0.0,2.33,-1.25,20.15,40.73,54.72,0,0.0
2019,5,raikkonen,14.0,78132.0,77788.0,,14,catalunya,alfa,0.0,10.0,6.0,13.0,0.0,,13.0,8.0,0.0,8.67,8.5,0.0,-1.67,0.17,20.15,40.73,54.72,0,0.0
2019,5,ricciardo,10.0,78385.0,77299.0,78106.0,12,catalunya,renault,10.0,20.0,7.0,12.0,0.0,2700.0,6.0,13.0,0.0,7.0,7.0,2.0,0.0,0.0,20.15,40.73,54.72,0,0.0
2019,5,russell,19.0,79072.0,,,17,catalunya,williams,16.0,15.0,10.0,0.0,0.0,,0.0,19.0,0.0,15.33,15.5,0.0,2.0,-0.17,20.15,40.73,54.72,0,0.0
2019,5,sainz,13.0,77760.0,77599.0,,8,catalunya,mclaren,9.0,7.0,4.0,18.0,0.0,,6.0,12.0,0.0,10.5,10.5,2.0,1.0,0.0,20.15,40.73,54.72,0,0.0
2019,5,stroll,17.0,78471.0,,,19,catalunya,racing_point,13.0,9.0,5.0,17.0,0.0,,4.0,14.0,0.0,11.67,11.0,0.0,4.0,0.67,20.15,40.73,54.72,0,0.0
2019,5,vettel,3.0,77425.0,76667.0,76272.0,4,catalunya,ferrari,3.0,3.0,2.0,99.0,0.0,866.0,52.0,3.0,0.0,3.67,3.75,0.0,-1.0,-0.08,20.15,40.73,54.72,0,0.0
2019,6,albon,10.0,72007.0,71429.0,71653.0,8,monaco,toro_rosso,11.0,11.0,9.0,6.0,0.0,1487.0,3.0,15.0,0.0,10.67,11.0,0.0,-3.33,-0.33,22.75,32.73,52.7,1,62.6
2019,6,bottas,2.0,71562.0,70701.0,70252.0,3,monaco,mercedes,1.0,2.0,1.0,217.0,5.0,86.0,105.0,2.0,2.0,1.67,1.6,0.0,-0.67,0.07,22.75,32.73,52.7,1,62.6
2019,6,gasly,5.0,71740.0,71457.0,71041.0,5,monaco,red_bull,6.0,6.0,3.0,87.0,0.0,875.0,21.0,6.0,0.0,6.0,7.75,1.0,0.0,-1.75,22.75,32.73,52.7,1,62.6
2019,6,giovinazzi,15.0,71976.0,72185.0,,19,monaco,alfa,18.0,16.0,7.0,13.0,0.0,,0.0,18.0,0.0,14.33,13.8,0.0,3.67,0.53,22.75,32.73,52.7,1,62.6
2019,6,grosjean,13.0,71837.0,72027.0,,10,monaco,haas,7.0,10.0,6.0,15.0,0.0,,1.0,17.0,0.0,10.5,10.5,3.0,-2.0,0.0,22.75,32.73,52.7,1,62.6
2019,6,hamilton,1.0,71542.0,70835.0,70166.0,1,monaco,mercedes,2.0,1.0,1.0,217.0,5.0,0.0,112.0,1.0,3.0,1.33,1.4,0.0,0.67,-0.07,22.75,32.73,52.7,1,62.6
2019,6,hulkenberg,11.0,72097.0,71670.0,,13,monaco,renault,0.0,13.0,8.0,12.0,0.0,,6.0,13.0,0.0,13.5,11.33,2.0,-6.0,2.17,22.75,32.73,52.7,1,62.6
2019,6,kevin_magnussen,6.0,71865.0,71363.0,71109.0,14,monaco,haas,8.0,7.0,6.0,15.0,0.0,943.0,14.0,7.0,0.0,11.0,10.4,0.0,-1.33,0.6,22.75,32.73,52.7,1,62.6
2019,6,kubica,20.0,73751.0,,,18,monaco,williams,17.0,18.0,10.0,0.0,0.0,,0.0,20.0,0.0,17.0,16.8,0.0,-5.33,0.2,22.75,32.73,52.7,1,62.6
2019,6,kvyat,8.0,71602.0,71412.0,71271.0,7,monaco,toro_rosso,9.0,9.0,9.0,6.0,0.0,1105.0,3.0,16.0,0.0,9.0,10.33,2.0,0.0,-1.33,22.75,32.73,52.7,1,62.6
2019,6,leclerc,16.0,72149.0,,,20,monaco,ferrari,5.0,5.0,2.0,121.0,0.0,,57.0,5.0,0.0,5.0,4.6,0.0,0.67,0.4,22.75,32.73,52.7,1,62.6
2019,6,max_verstappen,3.0,71597.0,70618.0,70641.0,4,monaco,red_bull,4.0,3.0,3.0,87.0,0.0,475.0,66.0,3.0,0.0,3.67,3.6,0.0,0.67,0.07,22.75,32.73,52.7,1,62.6
2019,6,norris,12.0,71845.0,71724.0,,11,monaco,mclaren,10.0,20.0,4.0,22.0,0.0,,12.0,10.0,0.0,13.0,11.0,0.0,-2.0,2.0,22.75,32.73,52.7,1,62.6
2019,6,perez,17.0,72233.0,,,12,monaco,racing_point,15.0,15.0,5.0,17.0,0.0,,13.0,8.0,0.0,9.67,10.4,0.0,1.0,-0.73,22.75,32.73,52.7,1,62.6
2019,6,raikkonen,14.0,71993.0,72115.0,,17,monaco,alfa,14.0,14.0,7.0,13.0,0.0,,13.0,9.0,0.0,11.0,9.6,0.0,-2.0,1.4,22.75,32.73,52.7,1,62.6
2019,6,ricciardo,7.0,71767.0,71543.0,71218.0,9,monaco,renault,13.0,12.0,8.0,12.0,0.0,1052.0,6.0,12.0,0.0,9.5,9.5,3.0,0.5,0.0,22.75,32.73,52.7,1,62.6
2019,6,russell,19.0,73477.0,,,15,monaco,williams,19.0,17.0,10.0,0.0,0.0,,0.0,19.0,0.0,16.0,15.8,0.0,1.33,0.2,22.75,32.73,52.7,1,62.6
2019,6,sainz,9.0,71872.0,71608.0,71417.0,6,monaco,mclaren,12.0,8.0,4.0,22.0,0.0,1251.0,10.0,11.0,0.0,9.67,9.67,2.0,2.0,0.0,22.75,32.73,52.7,1,62.6
2019,6,stroll,18.0,72846.0,,,16,monaco,racing_point,16.0,19.0,5.0,17.0,0.0,,4.0,14.0,0.0,10.5,11.0,0.0,4.0,-0.5,22.75,32.73,52.7,1,62.6
2019,6,vettel,4.0,71434.0,71227.0,70947.0,2,monaco,ferrari,3.0,4.0,2.0,121.0,0.0,781.0,64.0,4.0,0.0,3.33,3.8,0.0,-0.33,-0.47,22.75,32.73,52.7,1,62.6
2019,7,albon,14.0,72020.0,72193.0,,19,villeneuve,toro_rosso,10.0,8.0,7.0,16.0,0.0,,7.0,14.0,0.0,10.0,9.8,0.0,0.67,0.2,29.37,51.1,16.15,0,0.0
2019,7,bottas,6.0,71229.0,71095.0,71101.0,4,villeneuve,mercedes,2.0,3.0,1.0,257.0,6.0,861.0,120.0,2.0,2.0,2.0,2.0,0.0,-0.67,0.0,29.37,51.1,16.15,0,0.0
2019,7,gasly,5.0,72023.0,71196.0,71079.0,8,villeneuve,red_bull,8.0,5.0,3.0,110.0,0.0,839.0,32.0,6.0,0.0,5.5,6.25,1.0,1.5,-0.75,29.37,51.1,16.15,0,0.0
2019,7,giovinazzi,13.0,72122.0,72136.0,,13,villeneuve,alfa,18.0,19.0,9.0,13.0,0.0,,0.0,18.0,0.0,15.67,14.6,0.0,2.0,1.07,29.37,51.1,16.15,0,0.0
2019,7,grosjean,15.0,72109.0,,,14,villeneuve,haas,13.0,10.0,6.0,16.0,0.0,,2.0,17.0,0.0,10.0,10.33,3.0,0.0,-0.33,29.37,51.1,16.15,0,0.0
2019,7,hamilton,2.0,71518.0,71010.0,70446.0,1,villeneuve,mercedes,1.0,1.0,1.0,257.0,6.0,206.0,137.0,1.0,4.0,1.33,1.2,0.0,0.33,0.13,29.37,51.1,16.15,0,0.0
2019,7,hulkenberg,7.0,71720.0,71553.0,71324.0,7,villeneuve,renault,11.0,13.0,8.0,14.0,0.0,1084.0,6.0,15.0,0.0,13.33,13.33,2.0,-4.67,0.0,29.37,51.1,16.15,0,0.0
2019,7,kevin_magnussen,10.0,72107.0,71786.0,,17,villeneuve,haas,5.0,14.0,6.0,16.0,0.0,,14.0,8.0,0.0,11.33,12.0,0.0,-3.0,-0.67,29.37,51.1,16.15,0,0.0
2019,7,kubica,20.0,74393.0,,,18,villeneuve,williams,20.0,18.0,10.0,0.0,0.0,,0.0,20.0,0.0,17.33,17.0,0.0,-5.0,0.33,29.37,51.1,16.15,0,0.0
2019,7,kvyat,12.0,71965.0,71921.0,,10,villeneuve,toro_rosso,7.0,7.0,7.0,16.0,0.0,,9.0,12.0,0.0,8.0,9.33,2.0,0.0,-1.33,29.37,51.1,16.15,0,0.0
2019,7,leclerc,3.0,71214.0,71205.0,70920.0,3,villeneuve,ferrari,15.0,20.0,2.0,139.0,0.0,680.0,57.0,5.0,0.0,5.0,4.5,0.0,1.5,0.5,29.37,51.1,16.15,0,0.0
2019,7,max_verstappen,11.0,71619.0,71800.0,,5,villeneuve,red_bull,3.0,4.0,3.0,110.0,0.0,,78.0,4.0,0.0,3.67,3.8,0.0,0.0,-0.13,29.37,51.1,16.15,0,0.0
2019,7,norris,8.0,71780.0,71735.0,71863.0,20,villeneuve,mclaren,12.0,11.0,4.0,30.0,0.0,1623.0,12.0,11.0,0.0,9.5,10.75,1.0,0.0,-1.25,29.37,51.1,16.15,0,0.0
2019,7,perez,16.0,72197.0,,,12,villeneuve,racing_point,16.0,12.0,5.0,17.0,0.0,,13.0,9.0,0.0,11.0,10.2,0.0,1.0,0.8,29.37,51.1,16.15,0,0.0
2019,7,raikkonen,17.0,72230.0,,,15,villeneuve,alfa,14.0,17.0,9.0,13.0,0.0,,13.0,10.0,0.0,13.67,11.4,0.0,-4.33,2.27,29.37,51.1,16.15,0,0.0
2019,7,ricciardo,4.0,71837.0,71532.0,71071.0,6,villeneuve,renault,6.0,9.0,8.0,14.0,0.0,831.0,8.0,13.0,0.0,10.5,9.33,3.0,-1.0,1.17,29.37,51.1,16.15,0,0.0
2019,7,russell,19.0,73617.0,,,16,villeneuve,williams,19.0,15.0,10.0,0.0,0.0,,0.0,19.0,0.0,15.67,15.6,0.0,2.33,0.07,29.37,51.1,16.15,0,0.0
2019,7,sainz,9.0,71750.0,71572.0,73981.0,11,villeneuve,mclaren,9.0,6.0,4.0,30.0,0.0,3741.0,18.0,7.0,0.0,7.0,8.75,2.0,3.0,-1.75,29.37,51.1,16.15,0,0.0
2019,7,stroll,18.0,72266.0,,,9,villeneuve,racing_point,17.0,16.0,5.0,17.0,0.0,,4.0,16.0,0.0,12.5,12.75,1.0,2.5,-0.25,29.37,51.1,16.15,0,0.0
2019,7,vettel,1.0,71200.0,71142.0,70240.0,2,villeneuve,ferrari,4.0,2.0,2.0,139.0,0.0,0.0,82.0,3.0,0.0,3.0,3.4,0.0,0.33,-0.4,29.37,51.1,16.15,0,0.0
2019,8,albon,11.0,91445.0,90461.0,,15,ricard,toro_rosso,13.0,19.0,7.0,17.0,0.0,,7.0,15.0,0.0,9.5,10.0,0.0,1.0,-0.5,26.89,54.53,39.09,0,0.0
2019,8,bottas,2.0,90550.0,89437.0,88605.0,2,ricard,mercedes,6.0,4.0,1.0,295.0,7.0,286.0,133.0,2.0,2.0,3.0,2.4,0.0,0.0,0.6,26.89,54.53,39.09,0,0.0
2019,8,gasly,9.0,91152.0,90421.0,90184.0,10,ricard,red_bull,5.0,8.0,3.0,124.0,0.0,1865.0,36.0,6.0,0.0,6.33,6.25,1.0,0.0,0.08,26.89,54.53,39.09,0,0.0
2019,8,giovinazzi,10.0,91180.0,90408.0,93420.0,16,ricard,alfa,12.0,13.0,9.0,13.0,0.0,5101.0,0.0,18.0,0.0,16.0,15.0,0.0,0.0,1.0,26.89,54.53,39.09,0,0.0
2019,8,grosjean,17.0,91626.0,,,20,ricard,haas,14.0,14.0,8.0,16.0,0.0,,2.0,17.0,0.0,11.33,11.25,3.0,0.0,0.08,26.89,54.53,39.09,0,0.0
2019,8,hamilton,1.0,90609.0,89520.0,88319.0,1,ricard,mercedes,2.0,1.0,1.0,295.0,7.0,0.0,162.0,1.0,5.0,1.0,1.2,0.0,0.67,-0.2,26.89,54.53,39.09,0,0.0
2019,8,hulkenberg,13.0,90865.0,90544.0,,8,ricard,renault,7.0,7.0,5.0,28.0,0.0,,12.0,13.0,0.0,11.0,11.75,2.0,-5.0,-0.75,26.89,54.53,39.09,0,0.0
2019,8,kevin_magnussen,15.0,91166.0,91440.0,,17,ricard,haas,0.0,17.0,8.0,16.0,0.0,,14.0,9.0,0.0,12.67,12.8,0.0,-8.33,-0.13,26.89,54.53,39.09,0,0.0
2019,8,kubica,20.0,93205.0,,,18,ricard,williams,19.0,18.0,10.0,0.0,0.0,,0.0,20.0,0.0,18.0,17.4,0.0,0.67,0.6,26.89,54.53,39.09,0,0.0
2019,8,kvyat,16.0,91564.0,,,14,ricard,toro_rosso,10.0,10.0,7.0,17.0,0.0,,10.0,14.0,0.0,8.67,8.67,2.0,0.0,0.0,26.89,54.53,39.09,0,0.0
2019,8,leclerc,3.0,90647.0,89699.0,88965.0,3,ricard,ferrari,3.0,3.0,2.0,172.0,0.0,646.0,72.0,5.0,0.0,4.0,4.5,1.0,0.0,-0.5,26.89,54.53,39.09,0,0.0
2019,8,max_verstappen,4.0,91327.0,90099.0,89409.0,4,ricard,red_bull,9.0,5.0,3.0,124.0,0.0,1090.0,88.0,4.0,0.0,4.0,4.0,0.0,1.33,0.0,26.89,54.53,39.09,0,0.0
2019,8,norris,5.0,90989.0,90019.0,89418.0,9,ricard,mclaren,8.0,20.0,4.0,30.0,0.0,1099.0,12.0,12.0,0.0,11.0,12.33,1.0,1.0,-1.33,26.89,54.53,39.09,0,0.0
2019,8,perez,14.0,90964.0,90738.0,,12,ricard,racing_point,15.0,12.0,6.0,19.0,0.0,,13.0,10.0,0.0,13.0,10.6,0.0,2.33,2.4,26.89,54.53,39.09,0,0.0
2019,8,raikkonen,12.0,90972.0,90533.0,,7,ricard,alfa,16.0,15.0,9.0,13.0,0.0,,13.0,11.0,0.0,15.33,13.0,0.0,-0.67,2.33,26.89,54.53,39.09,0,0.0
2019,8,ricciardo,8.0,90954.0,90369.0,89918.0,11,ricard,renault,4.0,6.0,5.0,28.0,0.0,1599.0,16.0,8.0,0.0,9.0,8.5,3.0,-1.33,0.5,26.89,54.53,39.09,0,0.0
2019,8,russell,19.0,92789.0,,,19,ricard,williams,18.0,16.0,10.0,0.0,0.0,,0.0,19.0,0.0,16.0,15.8,0.0,2.67,0.2,26.89,54.53,39.09,0,0.0
2019,8,sainz,6.0,91073.0,90319.0,89522.0,6,ricard,mclaren,11.0,11.0,4.0,30.0,0.0,1203.0,18.0,7.0,0.0,8.33,9.2,2.0,2.33,-0.87,26.89,54.53,39.09,0,0.0
2019,8,stroll,18.0,91726.0,,,13,ricard,racing_point,17.0,9.0,6.0,19.0,0.0,,6.0,16.0,0.0,12.5,11.5,1.0,4.5,1.0,26.89,54.53,39.09,0,0.0
2019,8,vettel,7.0,91075.0,89506.0,89799.0,5,ricard,ferrari,1.0,2.0,2.0,172.0,0.0,1480.0,100.0,3.0,0.0,2.67,2.8,0.0,0.0,-0.13,26.89,54.53,39.09,0,0.0
2019,9,albon,13.0,64708.0,64665.0,,15,red_bull_ring,toro_rosso,11.0,15.0,8.0,17.0,0.0,,7.0,15.0,0.0,11.5,11.25,1.0,-1.0,0.25,34.44,50.74,17.97,0,0.0
2019,9,bottas,4.0,64084.0,63863.0,63537.0,3,red_bull_ring,mercedes,2.0,2.0,1.0,338.0,8.0,534.0,151.0,2.0,2.0,3.0,2.4,0.0,0.33,0.6,34.44,50.74,17.97,0,0.0
2019,9,gasly,9.0,64412.0,63988.0,64199.0,7,red_bull_ring,red_bull,9.0,10.0,3.0,137.0,0.0,1196.0,37.0,6.0,0.0,7.67,7.25,1.0,-0.33,0.42,34.44,50.74,17.97,0,0.0
2019,9,giovinazzi,8.0,64450.0,64194.0,64179.0,10,red_bull_ring,alfa,10.0,16.0,7.0,19.0,0.0,1176.0,0.0,18.0,0.0,16.0,15.2,0.0,-2.67,0.8,34.44,50.74,17.97,0,0.0
2019,9,grosjean,11.0,64552.0,64490.0,,16,red_bull_ring,haas,16.0,20.0,9.0,16.0,0.0,,2.0,17.0,0.0,14.67,13.5,3.0,-0.33,1.17,34.44,50.74,17.97,0,0.0
2019,9,hamilton,2.0,63818.0,63803.0,63262.0,5,red_bull_ring,mercedes,1.0,1.0,1.0,338.0,8.0,259.0,187.0,1.0,6.0,1.0,1.2,0.0,0.33,-0.2,34.44,50.74,17.97,0,0.0
2019,9,hulkenberg,12.0,64733.0,64516.0,,13,red_bull_ring,renault,13.0,8.0,5.0,32.0,0.0,,16.0,10.0,0.0,9.33,11.0,2.0,1.0,-1.67,34.44,50.74,17.97,0,0.0
2019,9,kevin_magnussen,5.0,64778.0,64466.0,64072.0,19,red_bull_ring,haas,15.0,17.0,9.0,16.0,0.0,1069.0,14.0,11.0,0.0,16.0,13.6,0.0,-9.33,2.4,34.44,50.74,17.97,0,0.0
2019,9,kubica,20.0,66206.0,,,20,red_bull_ring,williams,18.0,18.0,10.0,0.0,0.0,,0.0,20.0,0.0,18.0,17.6,0.0,1.0,0.4,34.44,50.74,17.97,0,0.0
2019,9,kvyat,18.0,65324.0,,,17,red_bull_ring,toro_rosso,19.0,14.0,8.0,17.0,0.0,,10.0,14.0,0.0,10.33,10.0,2.0,1.67,0.33,34.44,50.74,17.97,0,0.0
2019,9,leclerc,1.0,64138.0,63378.0,63003.0,2,red_bull_ring,ferrari,3.0,3.0,2.0,198.0,0.0,0.0,87.0,5.0,0.0,3.0,4.0,1.0,0.0,-1.0,34.44,50.74,17.97,0,0.0
2019,9,max_verstappen,3.0,63807.0,63835.0,63439.0,1,red_bull_ring,red_bull,4.0,4.0,3.0,137.0,0.0,436.0,100.0,4.0,0.0,4.33,4.0,0.0,1.0,0.33,34.44,50.74,17.97,0,0.0
2019,9,norris,6.0,64361.0,64211.0,64099.0,6,red_bull_ring,mclaren,5.0,9.0,4.0,40.0,0.0,1096.0,14.0,12.0,0.0,10.0,9.33,2.0,-1.5,0.67,34.44,50.74,17.97,0,0.0
2019,9,perez,16.0,64789.0,,,11,red_bull_ring,racing_point,14.0,12.0,6.0,19.0,0.0,,13.0,13.0,0.0,12.0,11.4,0.0,3.0,0.6,34.44,50.74,17.97,0,0.0
2019,9,raikkonen,7.0,64615.0,64056.0,64166.0,9,red_bull_ring,alfa,12.0,7.0,7.0,19.0,0.0,1163.0,19.0,8.0,0.0,13.0,12.6,0.0,1.0,0.4,34.44,50.74,17.97,0,0.0
2019,9,ricciardo,14.0,64647.0,64790.0,,12,red_bull_ring,renault,8.0,11.0,5.0,32.0,0.0,,16.0,9.0,0.0,8.67,9.5,3.0,-2.67,-0.83,34.44,50.74,17.97,0,0.0
2019,9,russell,19.0,65904.0,,,18,red_bull_ring,williams,20.0,19.0,10.0,0.0,0.0,,0.0,19.0,0.0,16.67,16.4,0.0,2.33,0.27,34.44,50.74,17.97,0,0.0
2019,9,sainz,15.0,64453.0,73601.0,,8,red_bull_ring,mclaren,6.0,6.0,4.0,40.0,0.0,,26.0,7.0,0.0,7.67,7.6,2.0,1.0,0.07,34.44,50.74,17.97,0,0.0
2019,9,stroll,17.0,64832.0,,,14,red_bull_ring,racing_point,17.0,13.0,6.0,19.0,0.0,,6.0,16.0,0.0,12.67,11.75,1.0,4.33,0.92,34.44,50.74,17.97,0,0.0
2019,9,vettel,10.0,64430.0,63667.0,,4,red_bull_ring,ferrari,7.0,5.0,2.0,198.0,0.0,,111.0,3.0,0.0,3.0,3.2,0.0,1.0,-0.2,34.44,50.74,17.97,0,0.0
2019,10,albon,9.0,86482.0,86403.0,86345.0,12,silverstone,toro_rosso,18.0,15.0,8.0,17.0,0.0,1252.0,7.0,15.0,0.0,15.0,12.25,1.0,-0.5,2.75,18.91,30.32,62.14,0,0.0
2019,10,bottas,1.0,85750.0,85672.0,85093.0,2,silverstone,mercedes,3.0,3.0,1.0,363.0,8.0,0.0,166.0,2.0,2.0,3.0,2.8,0.0,0.67,0.2,18.91,30.32,62.14,0,0.0
2019,10,gasly,5.0,86273.0,86038.0,85590.0,4,silverstone,red_bull,8.0,7.0,3.0,169.0,1.0,497.0,43.0,6.0,0.0,8.33,7.2,1.0,-1.0,1.13,18.91,30.32,62.14,0,0.0
2019,10,giovinazzi,11.0,86449.0,86519.0,,18,silverstone,alfa,7.0,10.0,6.0,22.0,0.0,,1.0,18.0,0.0,13.0,14.8,0.0,-3.33,-1.8,18.91,30.32,62.14,0,0.0
2019,10,grosjean,14.0,86347.0,86757.0,,19,silverstone,haas,11.0,16.0,9.0,16.0,0.0,,2.0,17.0,0.0,16.67,14.0,3.0,-3.0,2.67,18.91,30.32,62.14,0,0.0
2019,10,hamilton,2.0,85513.0,85840.0,85099.0,1,silverstone,mercedes,4.0,5.0,1.0,363.0,8.0,6.0,197.0,1.0,6.0,2.33,1.8,0.0,0.0,0.53,18.91,30.32,62.14,0,0.0
2019,10,hulkenberg,10.0,86568.0,86397.0,86386.0,10,silverstone,renault,15.0,13.0,5.0,32.0,0.0,1293.0,16.0,11.0,0.0,9.33,10.8,2.0,2.33,-1.47,18.91,30.32,62.14,0,0.0
2019,10,kevin_magnussen,16.0,86662.0,,,20,silverstone,haas,10.0,19.0,9.0,16.0,0.0,,14.0,12.0,0.0,17.67,14.8,0.0,-9.33,2.87,18.91,30.32,62.14,0,0.0
2019,10,kubica,20.0,88257.0,,,15,silverstone,williams,17.0,20.0,10.0,0.0,0.0,,0.0,20.0,0.0,18.67,18.4,0.0,-0.67,0.27,18.91,30.32,62.14,0,0.0
2019,10,kvyat,17.0,86721.0,,,9,silverstone,toro_rosso,16.0,17.0,8.0,17.0,0.0,,10.0,14.0,0.0,13.67,11.4,2.0,1.33,2.27,18.91,30.32,62.14,0,0.0
2019,10,leclerc,3.0,85533.0,85546.0,85172.0,3,silverstone,ferrari,1.0,2.0,2.0,228.0,0.0,79.0,105.0,5.0,0.0,2.67,3.25,1.0,-0.33,-0.58,18.91,30.32,62.14,0,0.0
2019,10,max_verstappen,4.0,85700.0,85848.0,85276.0,5,silverstone,red_bull,2.0,1.0,3.0,169.0,1.0,183.0,126.0,3.0,1.0,3.33,3.4,0.0,1.67,-0.07,18.91,30.32,62.14,0,0.0
2019,10,norris,8.0,86079.0,86385.0,86224.0,11,silverstone,mclaren,5.0,6.0,4.0,52.0,0.0,1131.0,22.0,8.0,0.0,7.5,8.67,2.0,-2.5,-1.17,18.91,30.32,62.14,0,0.0
2019,10,perez,15.0,86649.0,86928.0,,17,silverstone,racing_point,13.0,11.0,7.0,19.0,0.0,,13.0,13.0,0.0,11.67,12.4,0.0,2.33,-0.73,18.91,30.32,62.14,0,0.0
2019,10,raikkonen,12.0,86558.0,86546.0,,8,silverstone,alfa,6.0,9.0,6.0,22.0,0.0,,21.0,9.0,0.0,10.33,12.4,0.0,1.0,-2.07,18.91,30.32,62.14,0,0.0
2019,10,ricciardo,7.0,86428.0,86283.0,86182.0,7,silverstone,renault,12.0,12.0,5.0,32.0,0.0,1089.0,16.0,10.0,0.0,9.67,10.0,3.0,-1.67,-0.33,18.91,30.32,62.14,0,0.0
2019,10,russell,19.0,87789.0,,,14,silverstone,williams,0.0,18.0,10.0,0.0,0.0,,0.0,19.0,0.0,17.67,17.0,0.0,-5.0,0.67,18.91,30.32,62.14,0,0.0
2019,10,sainz,13.0,86203.0,86578.0,,6,silverstone,mclaren,19.0,8.0,4.0,52.0,0.0,,30.0,7.0,0.0,8.33,7.8,2.0,3.67,0.53,18.91,30.32,62.14,0,0.0
2019,10,stroll,18.0,86762.0,,,13,silverstone,racing_point,14.0,14.0,7.0,19.0,0.0,,6.0,16.0,0.0,12.0,13.0,1.0,4.0,-1.0,18.91,30.32,62.14,0,0.0
2019,10,vettel,6.0,85898.0,86023.0,85787.0,16,silverstone,ferrari,9.0,4.0,2.0,228.0,0.0,694.0,123.0,4.0,0.0,3.67,3.4,0.0,2.0,0.27,18.91,30.32,62.14,0,0.0
2019,11,albon,17.0,73461.0,,,6,hockenheimring,toro_rosso,9.0,12.0,8.0,19.0,0.0,,7.0,15.0,0.0,14.0,12.5,1.0,-1.33,1.5,21.5,26.44,87.83,1,96.6
2019,11,bottas,3.0,73075.0,72424.0,72129.0,15,hockenheimring,mercedes,1.0,2.0,1.0,407.0,9.0,362.0,184.0,2.0,2.0,2.33,2.8,0.0,-0.33,-0.47,21.5,26.44,87.83,1,96.6
2019,11,gasly,4.0,72991.0,72385.0,72522.0,14,hockenheimring,red_bull,5.0,4.0,3.0,191.0,1.0,755.0,55.0,6.0,0.0,7.0,6.8,1.0,0.33,0.2,21.5,26.44,87.83,1,96.6
2019,11,giovinazzi,11.0,73170.0,72786.0,,13,hockenheimring,alfa,11.0,18.0,6.0,26.0,0.0,,1.0,18.0,0.0,13.0,14.5,0.0,-4.5,-1.5,21.5,26.44,87.83,1,96.6
2019,11,grosjean,6.0,73146.0,72769.0,72851.0,7,hockenheimring,haas,14.0,19.0,9.0,16.0,0.0,1084.0,2.0,17.0,0.0,18.0,15.0,3.0,-4.5,3.0,21.5,26.44,87.83,1,96.6
2019,11,hamilton,1.0,72852.0,72149.0,71767.0,9,hockenheimring,mercedes,2.0,1.0,1.0,407.0,9.0,0.0,223.0,1.0,7.0,2.33,1.8,0.0,0.0,0.53,21.5,26.44,87.83,1,96.6
2019,11,hulkenberg,9.0,73186.0,72766.0,73126.0,16,hockenheimring,renault,10.0,10.0,5.0,39.0,0.0,1359.0,17.0,11.0,0.0,10.33,10.2,2.0,2.33,0.13,21.5,26.44,87.83,1,96.6
2019,11,kevin_magnussen,12.0,73103.0,72789.0,,8,hockenheimring,haas,16.0,20.0,9.0,16.0,0.0,,14.0,12.0,0.0,18.0,16.75,0.0,-5.5,1.25,21.5,26.44,87.83,1,96.6
2019,11,kubica,19.0,74839.0,,,10,hockenheimring,williams,20.0,15.0,10.0,0.0,0.0,,0.0,20.0,0.0,17.67,17.8,0.0,0.67,-0.13,21.5,26.44,87.83,1,96.6
2019,11,kvyat,14.0,73278.0,73135.0,,3,hockenheimring,toro_rosso,17.0,9.0,8.0,19.0,0.0,,12.0,14.0,0.0,13.33,11.4,2.0,4.0,1.93,21.5,26.44,87.83,1,96.6
2019,11,leclerc,10.0,72229.0,72344.0,,17,hockenheimring,ferrari,3.0,3.0,2.0,243.0,0.0,,120.0,5.0,0.0,2.67,2.75,1.0,-0.33,-0.08,21.5,26.44,87.83,1,96.6
2019,11,max_verstappen,2.0,72593.0,72427.0,72113.0,1,hockenheimring,red_bull,4.0,5.0,3.0,191.0,1.0,346.0,136.0,3.0,1.0,3.33,3.8,0.0,0.0,-0.47,21.5,26.44,87.83,1,96.6
2019,11,norris,16.0,73333.0,,,18,hockenheimring,mclaren,8.0,11.0,4.0,60.0,0.0,,22.0,9.0,0.0,8.67,9.25,2.0,-2.67,-0.58,21.5,26.44,87.83,1,96.6
2019,11,perez,8.0,73194.0,72776.0,73065.0,20,hockenheimring,racing_point,15.0,17.0,7.0,19.0,0.0,1298.0,13.0,13.0,0.0,13.33,12.8,0.0,0.67,0.53,21.5,26.44,87.83,1,96.6
2019,11,raikkonen,5.0,73066.0,72519.0,72538.0,12,hockenheimring,alfa,12.0,8.0,6.0,26.0,0.0,771.0,25.0,8.0,0.0,8.0,11.2,0.0,2.0,-3.2,21.5,26.44,87.83,1,96.6
2019,11,ricciardo,13.0,73131.0,72799.0,,19,hockenheimring,renault,7.0,7.0,5.0,39.0,0.0,,22.0,10.0,0.0,10.0,9.0,3.0,-1.0,1.0,21.5,26.44,87.83,1,96.6
2019,11,russell,18.0,74721.0,,,11,hockenheimring,williams,19.0,14.0,10.0,0.0,0.0,,0.0,19.0,0.0,17.0,16.4,0.0,-4.0,0.6,21.5,26.44,87.83,1,96.6
2019,11,sainz,7.0,73221.0,72632.0,72897.0,5,hockenheimring,mclaren,13.0,6.0,4.0,60.0,0.0,1130.0,38.0,7.0,0.0,6.67,7.4,2.0,6.0,-0.73,21.5,26.44,87.83,1,96.6
2019,11,stroll,15.0,73256.0,73450.0,,4,hockenheimring,racing_point,18.0,13.0,7.0,19.0,0.0,,6.0,16.0,0.0,13.33,13.0,1.0,3.0,0.33,21.5,26.44,87.83,1,96.6
2019,11,vettel,20.0,,,,2,hockenheimring,ferrari,6.0,16.0,2.0,243.0,0.0,,123.0,4.0,0.0,8.33,5.8,0.0,-1.0,2.53,21.5,26.44,87.83,1,96.6
2019,12,albon,12.0,76912.0,76687.0,,10,hungaroring,toro_rosso,16.0,6.0,5.0,42.0,0.0,,15.0,15.0,0.0,11.0,12.0,1.0,3.33,-1.0,25.66,44.1,33.89,0,0.0
2019,12,bottas,2.0,76078.0,75669.0,74590.0,8,hungaroring,mercedes,3.0,15.0,1.0,409.0,9.0,18.0,184.0,2.0,2.0,2.5,2.75,0.0,-0.5,-0.25,25.66,44.1,33.89,0,0.0
2019,12,gasly,6.0,76716.0,76393.0,75450.0,6,hungaroring,red_bull,4.0,14.0,3.0,217.0,2.0,878.0,55.0,6.0,0.0,8.33,8.6,1.0,-2.67,-0.27,25.66,44.1,33.89,0,0.0
2019,12,giovinazzi,14.0,76894.0,76804.0,,18,hungaroring,alfa,11.0,13.0,9.0,26.0,0.0,,1.0,18.0,0.0,11.5,13.0,1.0,-2.5,-1.5,25.66,44.1,33.89,0,0.0
2019,12,grosjean,9.0,76978.0,76319.0,76013.0,20,hungaroring,haas,6.0,7.0,8.0,26.0,0.0,1441.0,8.0,17.0,0.0,11.5,14.25,4.0,-3.0,-2.75,25.66,44.1,33.89,0,0.0
2019,12,hamilton,3.0,76068.0,75548.0,74769.0,1,hungaroring,mercedes,1.0,9.0,1.0,409.0,9.0,197.0,225.0,1.0,7.0,5.0,3.4,0.0,-2.67,1.6,25.66,44.1,33.89,0,0.0
2019,12,hulkenberg,11.0,76790.0,76565.0,,12,hungaroring,renault,9.0,16.0,6.0,39.0,0.0,,17.0,14.0,0.0,11.5,9.5,2.0,1.0,2.0,25.66,44.1,33.89,0,0.0
2019,12,kevin_magnussen,15.0,76122.0,77081.0,,13,hungaroring,haas,12.0,8.0,8.0,26.0,0.0,,18.0,13.0,0.0,13.5,15.25,1.0,-2.5,-1.75,25.66,44.1,33.89,0,0.0
2019,12,kubica,20.0,78324.0,,,19,hungaroring,williams,18.0,10.0,10.0,1.0,0.0,,1.0,19.0,0.0,15.0,16.2,0.0,3.33,-1.2,25.66,44.1,33.89,0,0.0
2019,12,kvyat,13.0,76750.0,76692.0,,15,hungaroring,toro_rosso,14.0,3.0,5.0,42.0,0.0,,27.0,8.0,0.0,9.67,10.6,2.0,6.0,-0.93,25.66,44.1,33.89,0,0.0
2019,12,leclerc,4.0,76337.0,75792.0,75043.0,4,hungaroring,ferrari,10.0,17.0,2.0,261.0,0.0,471.0,120.0,5.0,0.0,2.5,2.75,1.0,-0.5,-0.25,25.66,44.1,33.89,0,0.0
2019,12,max_verstappen,1.0,75817.0,75573.0,74572.0,2,hungaroring,red_bull,2.0,1.0,3.0,217.0,2.0,0.0,162.0,3.0,2.0,2.33,3.2,0.0,0.33,-0.87,25.66,44.1,33.89,0,0.0
2019,12,norris,7.0,76697.0,76060.0,75800.0,9,hungaroring,mclaren,19.0,18.0,4.0,70.0,0.0,1228.0,22.0,10.0,0.0,8.5,8.67,2.0,-2.0,-0.17,25.66,44.1,33.89,0,0.0
2019,12,perez,17.0,77109.0,,,11,hungaroring,racing_point,8.0,20.0,7.0,31.0,0.0,,13.0,16.0,0.0,14.0,13.0,0.0,0.0,1.0,25.66,44.1,33.89,0,0.0
2019,12,raikkonen,10.0,76506.0,76518.0,76041.0,7,hungaroring,alfa,5.0,12.0,9.0,26.0,0.0,1469.0,25.0,9.0,0.0,9.67,10.2,0.0,-2.0,-0.53,25.66,44.1,33.89,0,0.0
2019,12,ricciardo,18.0,77257.0,,,14,hungaroring,renault,13.0,19.0,6.0,39.0,0.0,,22.0,11.0,0.0,9.5,9.0,3.0,0.0,0.5,25.66,44.1,33.89,0,0.0
2019,12,russell,16.0,77031.0,,,16,hungaroring,williams,17.0,11.0,10.0,1.0,0.0,,0.0,20.0,0.0,14.33,15.6,0.0,-2.33,-1.27,25.66,44.1,33.89,0,0.0
2019,12,sainz,8.0,76493.0,76308.0,75852.0,5,hungaroring,mclaren,7.0,5.0,4.0,70.0,0.0,1280.0,48.0,7.0,0.0,6.33,7.2,2.0,6.67,-0.87,25.66,44.1,33.89,0,0.0
2019,12,stroll,19.0,77542.0,,,17,hungaroring,racing_point,15.0,4.0,7.0,31.0,0.0,,18.0,12.0,0.0,10.33,10.6,1.0,5.33,-0.27,25.66,44.1,33.89,0,0.0
2019,12,vettel,5.0,76452.0,75885.0,75071.0,3,hungaroring,ferrari,20.0,2.0,2.0,261.0,0.0,499.0,141.0,4.0,0.0,7.33,5.8,0.0,4.33,1.53,25.66,44.1,33.89,0,0.0
2019,13,albon,14.0,105528.0,105799.0,,5,spa,red_bull,12.0,10.0,3.0,244.0,2.0,,16.0,15.0,0.0,9.33,11.6,1.0,3.0,-2.27,17.4,28.12,57.03,0,0.0
2019,13,bottas,4.0,105141.0,103980.0,103415.0,3,spa,mercedes,2.0,8.0,1.0,438.0,10.0,896.0,188.0,2.0,2.0,5.0,3.75,1.0,-3.5,1.25,17.4,28.12,57.03,0,0.0
2019,13,gasly,16.0,106435.0,,,9,spa,toro_rosso,6.0,6.0,5.0,43.0,0.0,,63.0,6.0,0.0,8.0,8.2,1.0,-3.0,-0.2,17.4,28.12,57.03,0,0.0
2019,13,giovinazzi,15.0,105637.0,,,18,spa,alfa,17.0,18.0,7.0,32.0,0.0,,1.0,18.0,0.0,15.5,14.25,1.0,-1.5,1.25,17.4,28.12,57.03,0,0.0
2019,13,grosjean,11.0,105694.0,104797.0,,13,spa,haas,9.0,20.0,9.0,26.0,0.0,,8.0,17.0,0.0,7.0,14.33,4.0,-1.0,-7.33,17.4,28.12,57.03,0,0.0
2019,13,hamilton,3.0,105260.0,103592.0,103282.0,2,spa,mercedes,3.0,1.0,1.0,438.0,10.0,763.0,250.0,1.0,8.0,3.67,3.4,0.0,-1.67,0.27,17.4,28.12,57.03,0,0.0
2019,13,hulkenberg,7.0,105899.0,104549.0,104542.0,8,spa,renault,11.0,12.0,6.0,39.0,0.0,2023.0,17.0,14.0,0.0,11.0,10.75,3.0,-0.5,0.25,17.4,28.12,57.03,0,0.0
2019,13,kevin_magnussen,10.0,105839.0,104738.0,105086.0,12,spa,haas,14.0,13.0,9.0,26.0,0.0,2567.0,18.0,13.0,0.0,10.5,14.25,1.0,2.5,-3.75,17.4,28.12,57.03,0,0.0
2019,13,kubica,20.0,,,,17,spa,williams,19.0,19.0,10.0,1.0,0.0,,1.0,19.0,0.0,14.67,16.4,0.0,4.33,-1.73,17.4,28.12,57.03,0,0.0
2019,13,kvyat,18.0,106518.0,,,7,spa,toro_rosso,13.0,15.0,5.0,43.0,0.0,,27.0,9.0,0.0,9.0,11.6,2.0,5.67,-2.6,17.4,28.12,57.03,0,0.0
2019,13,leclerc,1.0,103587.0,102938.0,102519.0,1,spa,ferrari,4.0,4.0,2.0,288.0,0.0,0.0,132.0,5.0,0.0,3.5,3.0,2.0,0.0,0.5,17.4,28.12,57.03,0,0.0
2019,13,max_verstappen,5.0,104622.0,104132.0,103690.0,20,spa,red_bull,1.0,2.0,3.0,244.0,2.0,1171.0,181.0,3.0,2.0,2.67,2.6,0.0,-0.33,0.07,17.4,28.12,57.03,0,0.0
2019,13,norris,12.0,106154.0,104847.0,,11,spa,mclaren,7.0,9.0,4.0,82.0,0.0,,24.0,10.0,0.0,10.0,8.75,3.0,-2.5,1.25,17.4,28.12,57.03,0,0.0
2019,13,perez,9.0,105732.0,104707.0,104706.0,6,spa,racing_point,16.0,11.0,8.0,31.0,0.0,2187.0,13.0,16.0,0.0,14.0,12.75,1.0,1.5,1.25,17.4,28.12,57.03,0,0.0
2019,13,raikkonen,8.0,105842.0,104140.0,104557.0,16,spa,alfa,10.0,7.0,7.0,32.0,0.0,2038.0,31.0,8.0,0.0,9.0,8.6,0.0,0.0,0.4,17.4,28.12,57.03,0,0.0
2019,13,ricciardo,6.0,105560.0,104103.0,104257.0,14,spa,renault,20.0,14.0,6.0,39.0,0.0,1738.0,22.0,11.0,0.0,10.5,11.0,4.0,3.0,-0.5,17.4,28.12,57.03,0,0.0
2019,13,russell,19.0,107548.0,,,15,spa,williams,15.0,16.0,10.0,1.0,0.0,,0.0,20.0,0.0,13.67,15.6,0.0,3.33,-1.93,17.4,28.12,57.03,0,0.0
2019,13,sainz,17.0,106507.0,,,19,spa,mclaren,8.0,5.0,4.0,82.0,0.0,,58.0,7.0,0.0,5.33,6.0,2.0,4.0,-0.67,17.4,28.12,57.03,0,0.0
2019,13,stroll,13.0,106000.0,105047.0,,10,spa,racing_point,18.0,17.0,8.0,31.0,0.0,,18.0,12.0,0.0,11.33,12.2,1.0,5.67,-0.87,17.4,28.12,57.03,0,0.0
2019,13,vettel,2.0,104109.0,103037.0,103267.0,4,spa,ferrari,5.0,3.0,2.0,288.0,0.0,748.0,156.0,4.0,0.0,7.0,6.0,0.0,3.33,1.0,17.4,28.12,57.03,0,0.0
2019,14,albon,8.0,80382.0,80021.0,,6,monza,red_bull,17.0,5.0,3.0,254.0,2.0,,26.0,10.0,0.0,7.0,9.6,1.0,8.0,-2.6,21.1,33.04,51.57,0,0.0
2019,14,bottas,3.0,80156.0,80018.0,79354.0,2,monza,mercedes,4.0,3.0,1.0,471.0,10.0,47.0,203.0,2.0,2.0,5.5,4.0,1.0,-2.5,1.5,21.1,33.04,51.57,0,0.0
2019,14,gasly,15.0,80508.0,81125.0,,11,monza,toro_rosso,13.0,9.0,5.0,51.0,0.0,,65.0,6.0,0.0,9.67,8.0,1.0,-2.0,1.67,21.1,33.04,51.57,0,0.0
2019,14,giovinazzi,11.0,80657.0,80517.0,,9,monza,alfa,18.0,18.0,8.0,32.0,0.0,,1.0,18.0,0.0,16.33,14.75,1.0,-1.0,1.58,21.1,33.04,51.57,0,0.0
2019,14,grosjean,16.0,80784.0,,,16,monza,haas,9.0,13.0,9.0,26.0,0.0,,8.0,17.0,0.0,10.0,12.0,5.0,-2.5,-2.0,21.1,33.04,51.57,0,0.0
2019,14,hamilton,2.0,80272.0,79464.0,79346.0,3,monza,mercedes,3.0,2.0,1.0,471.0,10.0,39.0,268.0,1.0,8.0,4.0,3.6,0.0,-1.67,0.4,21.1,33.04,51.57,0,0.0
2019,14,hulkenberg,6.0,80155.0,80275.0,80049.0,5,monza,renault,12.0,8.0,6.0,43.0,0.0,742.0,21.0,14.0,0.0,10.0,10.75,3.0,1.5,-0.75,21.1,33.04,51.57,0,0.0
2019,14,kevin_magnussen,12.0,80616.0,80615.0,,18,monza,haas,8.0,12.0,9.0,26.0,0.0,,18.0,16.0,0.0,11.0,13.0,1.0,0.33,-2.0,21.1,33.04,51.57,0,0.0
2019,14,kubica,19.0,82356.0,,,17,monza,williams,0.0,17.0,10.0,1.0,0.0,,1.0,19.0,0.0,15.33,16.2,0.0,-3.0,-0.87,21.1,33.04,51.57,0,0.0
2019,14,kvyat,13.0,80723.0,80630.0,,19,monza,toro_rosso,19.0,7.0,5.0,51.0,0.0,,33.0,8.0,0.0,8.33,10.2,2.0,7.0,-1.87,21.1,33.04,51.57,0,0.0
2019,14,leclerc,1.0,80126.0,79553.0,79307.0,1,monza,ferrari,1.0,1.0,2.0,326.0,1.0,0.0,157.0,5.0,1.0,2.5,2.5,2.0,0.0,0.0,21.1,33.04,51.57,0,0.0
2019,14,max_verstappen,20.0,,,,8,monza,red_bull,5.0,20.0,3.0,254.0,2.0,,181.0,3.0,2.0,1.5,2.25,0.0,0.0,-0.75,21.1,33.04,51.57,0,0.0
2019,14,norris,14.0,80646.0,81068.0,,10,monza,mclaren,11.0,11.0,4.0,82.0,0.0,,24.0,11.0,0.0,10.0,9.25,3.0,-1.0,0.75,21.1,33.04,51.57,0,0.0
2019,14,perez,17.0,81291.0,,,7,monza,racing_point,7.0,6.0,7.0,40.0,0.0,,21.0,13.0,0.0,8.5,11.25,1.0,3.0,-2.75,21.1,33.04,51.57,0,0.0
2019,14,raikkonen,10.0,80634.0,80515.0,,15,monza,alfa,6.0,16.0,8.0,32.0,0.0,,31.0,9.0,0.0,11.67,10.4,0.0,-4.67,1.27,21.1,33.04,51.57,0,0.0
2019,14,ricciardo,5.0,80374.0,79833.0,79839.0,4,monza,renault,10.0,14.0,6.0,43.0,0.0,532.0,22.0,12.0,0.0,14.0,11.75,4.0,1.0,2.25,21.1,33.04,51.57,0,0.0
2019,14,russell,18.0,81800.0,,,14,monza,williams,14.0,15.0,10.0,1.0,0.0,,0.0,20.0,0.0,14.0,14.8,0.0,1.33,-0.8,21.1,33.04,51.57,0,0.0
2019,14,sainz,7.0,80413.0,80202.0,80455.0,20,monza,mclaren,15.0,19.0,4.0,82.0,0.0,1148.0,58.0,7.0,0.0,5.0,6.0,2.0,2.5,-1.0,21.1,33.04,51.57,0,0.0
2019,14,stroll,9.0,80643.0,80498.0,,12,monza,racing_point,16.0,10.0,7.0,40.0,0.0,,19.0,15.0,0.0,10.33,11.6,1.0,6.0,-1.27,21.1,33.04,51.57,0,0.0
2019,14,vettel,4.0,80378.0,79715.0,79457.0,13,monza,ferrari,2.0,4.0,2.0,326.0,1.0,150.0,169.0,4.0,0.0,3.0,5.8,0.0,6.0,-2.8,21.1,33.04,51.57,0,0.0
2019,15,albon,6.0,99106.0,97865.0,97411.0,6,marina_bay,red_bull,8.0,6.0,3.0,266.0,2.0,1194.0,34.0,9.0,0.0,7.0,7.8,1.0,5.33,-0.8,29.97,35.75,66.46,0,0.0
2019,15,bottas,5.0,97317.0,97142.0,97146.0,5,marina_bay,mercedes,3.0,2.0,1.0,505.0,10.0,929.0,221.0,2.0,2.0,4.33,3.75,1.0,-1.33,0.58,29.97,35.75,66.46,0,0.0
2019,15,gasly,12.0,99085.0,98699.0,,8,marina_bay,toro_rosso,17.0,11.0,6.0,51.0,0.0,,65.0,6.0,0.0,8.67,8.8,1.0,3.33,-0.13,29.97,35.75,66.46,0,0.0
2019,15,giovinazzi,11.0,99272.0,98697.0,,10,marina_bay,alfa,10.0,9.0,8.0,34.0,0.0,,3.0,18.0,0.0,15.0,14.5,1.0,0.0,0.5,29.97,35.75,66.46,0,0.0
2019,15,grosjean,17.0,100277.0,,,11,marina_bay,haas,13.0,16.0,9.0,26.0,0.0,,8.0,17.0,0.0,14.5,12.0,5.0,-3.5,2.5,29.97,35.75,66.46,0,0.0
2019,15,hamilton,2.0,97565.0,96933.0,96408.0,4,marina_bay,mercedes,2.0,3.0,1.0,505.0,10.0,191.0,284.0,1.0,8.0,2.0,3.2,0.0,0.67,-1.2,29.97,35.75,66.46,0,0.0
2019,15,hulkenberg,8.0,99001.0,98580.0,98264.0,9,marina_bay,renault,6.0,5.0,5.0,65.0,0.0,2047.0,31.0,11.0,0.0,8.33,8.75,3.0,1.33,-0.42,29.97,35.75,66.46,0,0.0
2019,15,kevin_magnussen,14.0,99942.0,99650.0,,17,marina_bay,haas,11.0,18.0,9.0,26.0,0.0,,18.0,16.0,0.0,12.5,11.0,1.0,-1.5,1.5,29.97,35.75,66.46,0,0.0
2019,15,kubica,19.0,101186.0,,,16,marina_bay,williams,15.0,17.0,10.0,1.0,0.0,,1.0,19.0,0.0,17.67,15.6,0.0,-6.33,2.07,29.97,35.75,66.46,0,0.0
2019,15,kvyat,15.0,99957.0,,,15,marina_bay,toro_rosso,12.0,19.0,6.0,51.0,0.0,,33.0,10.0,0.0,11.0,8.5,2.0,5.0,2.5,29.97,35.75,66.46,0,0.0
2019,15,leclerc,1.0,98014.0,96650.0,96217.0,2,marina_bay,ferrari,1.0,1.0,2.0,351.0,2.0,0.0,182.0,4.0,2.0,2.0,2.25,2.0,0.0,-0.25,29.97,35.75,66.46,0,0.0
2019,15,max_verstappen,4.0,98540.0,97089.0,96813.0,3,marina_bay,red_bull,19.0,8.0,3.0,266.0,2.0,596.0,185.0,3.0,2.0,5.0,4.0,1.0,5.0,1.0,29.97,35.75,66.46,0,0.0
2019,15,norris,9.0,98606.0,97572.0,98329.0,7,marina_bay,mclaren,16.0,10.0,4.0,83.0,0.0,2112.0,25.0,14.0,0.0,10.0,10.25,3.0,1.33,-0.25,29.97,35.75,66.46,0,0.0
2019,15,perez,10.0,99909.0,98520.0,,19,marina_bay,racing_point,18.0,7.0,7.0,46.0,0.0,,27.0,13.0,0.0,8.0,10.25,1.0,5.67,-2.25,29.97,35.75,66.46,0,0.0
2019,15,raikkonen,13.0,99454.0,98858.0,,18,marina_bay,alfa,0.0,15.0,8.0,34.0,0.0,,31.0,12.0,0.0,12.67,11.6,0.0,-7.33,1.07,29.97,35.75,66.46,0,0.0
2019,15,ricciardo,20.0,,,,14,marina_bay,renault,5.0,4.0,5.0,65.0,0.0,,34.0,8.0,0.0,10.67,9.75,4.0,1.0,0.92,29.97,35.75,66.46,0,0.0
2019,15,russell,18.0,100867.0,,,20,marina_bay,williams,14.0,14.0,10.0,1.0,0.0,,0.0,20.0,0.0,15.0,14.0,0.0,-0.67,1.0,29.97,35.75,66.46,0,0.0
2019,15,sainz,7.0,98882.0,97982.0,97818.0,12,marina_bay,mclaren,7.0,20.0,4.0,83.0,0.0,1601.0,58.0,7.0,0.0,5.0,5.33,3.0,3.0,-0.33,29.97,35.75,66.46,0,0.0
2019,15,stroll,16.0,99979.0,,,13,marina_bay,racing_point,9.0,12.0,7.0,46.0,0.0,,19.0,15.0,0.0,13.0,11.2,1.0,1.33,1.8,29.97,35.75,66.46,0,0.0
2019,15,vettel,3.0,98374.0,96720.0,96437.0,1,marina_bay,ferrari,4.0,13.0,2.0,351.0,2.0,220.0,169.0,5.0,0.0,6.67,7.6,0.0,-3.0,-0.93,29.97,35.75,66.46,0,0.0
2019,16,albon,19.0,99197.0,,,5,sochi,red_bull,6.0,6.0,3.0,289.0,2.0,,42.0,8.0,0.0,5.67,6.6,1.0,4.67,-0.93,22.03,34.33,67.42,0,0.8
2019,16,bottas,5.0,93413.0,93281.0,92632.0,2,sochi,mercedes,5.0,5.0,1.0,527.0,10.0,1004.0,231.0,2.0,2.0,3.33,4.5,1.0,0.67,-1.17,22.03,34.33,67.42,0,0.8
2019,16,gasly,11.0,94456.0,93950.0,,14,sochi,toro_rosso,11.0,8.0,6.0,55.0,0.0,,69.0,6.0,0.0,9.33,9.6,1.0,4.33,-0.27,22.03,34.33,67.42,0,0.8
2019,16,giovinazzi,13.0,94755.0,94037.0,,15,sochi,alfa,10.0,10.0,8.0,35.0,0.0,,4.0,18.0,0.0,12.33,13.6,1.0,0.33,-1.27,22.03,34.33,67.42,0,0.8
2019,16,grosjean,9.0,94283.0,93643.0,93517.0,20,sochi,haas,17.0,11.0,9.0,26.0,0.0,1889.0,8.0,17.0,0.0,13.33,11.75,5.0,-0.33,1.58,22.03,34.33,67.42,0,0.8
2019,16,hamilton,2.0,93230.0,93134.0,92030.0,1,sochi,mercedes,2.0,4.0,1.0,527.0,10.0,402.0,296.0,1.0,8.0,3.0,3.8,0.0,-0.67,-0.8,22.03,34.33,67.42,0,0.8
2019,16,hulkenberg,7.0,94236.0,93898.0,93289.0,10,sochi,renault,8.0,9.0,5.0,67.0,0.0,1661.0,33.0,11.0,0.0,7.33,8.5,3.0,1.33,-1.17,22.03,34.33,67.42,0,0.8
2019,16,kevin_magnussen,14.0,93889.0,94082.0,,9,sochi,haas,13.0,17.0,9.0,26.0,0.0,,18.0,16.0,0.0,14.5,12.5,2.0,-4.0,2.0,22.03,34.33,67.42,0,0.8
2019,16,kubica,18.0,96474.0,,,16,sochi,williams,19.0,16.0,10.0,1.0,0.0,,1.0,19.0,0.0,16.67,15.8,0.0,-5.33,0.87,22.03,34.33,67.42,0,0.8
2019,16,kvyat,20.0,99544.0,,,12,sochi,toro_rosso,14.0,15.0,6.0,55.0,0.0,,33.0,10.0,0.0,11.0,10.0,3.0,5.5,1.0,22.03,34.33,67.42,0,0.8
2019,16,leclerc,1.0,93613.0,92434.0,91628.0,3,sochi,ferrari,1.0,2.0,2.0,394.0,3.0,0.0,200.0,3.0,2.0,1.33,2.0,2.0,-0.33,-0.67,22.03,34.33,67.42,0,0.8
2019,16,max_verstappen,4.0,93368.0,92634.0,92310.0,4,sochi,red_bull,4.0,3.0,3.0,289.0,2.0,682.0,200.0,4.0,2.0,5.5,3.5,1.0,6.0,2.0,22.03,34.33,67.42,0,0.8
2019,16,norris,8.0,94201.0,93725.0,93301.0,8,sochi,mclaren,9.0,7.0,4.0,89.0,0.0,1673.0,31.0,12.0,0.0,9.33,9.25,3.0,2.67,0.08,22.03,34.33,67.42,0,0.8
2019,16,perez,12.0,94336.0,93958.0,,7,sochi,racing_point,15.0,19.0,7.0,46.0,0.0,,27.0,14.0,0.0,6.5,8.0,1.0,6.0,-1.5,22.03,34.33,67.42,0,0.8
2019,16,raikkonen,16.0,94840.0,,,13,sochi,alfa,12.0,18.0,8.0,35.0,0.0,,31.0,13.0,0.0,15.5,12.5,0.0,-12.5,3.0,22.03,34.33,67.42,0,0.8
2019,16,ricciardo,10.0,94138.0,93862.0,93661.0,19,sochi,renault,20.0,14.0,5.0,67.0,0.0,2033.0,34.0,9.0,0.0,10.67,11.5,4.0,1.0,-0.83,22.03,34.33,67.42,0,0.8
2019,16,russell,17.0,95356.0,,,17,sochi,williams,18.0,20.0,10.0,1.0,0.0,,0.0,20.0,0.0,14.5,14.0,0.0,-0.5,0.5,22.03,34.33,67.42,0,0.8
2019,16,sainz,6.0,94184.0,93807.0,93222.0,6,sochi,mclaren,7.0,12.0,4.0,89.0,0.0,1594.0,58.0,7.0,0.0,12.0,7.33,4.0,-5.0,4.67,22.03,34.33,67.42,0,0.8
2019,16,stroll,15.0,94287.0,94233.0,,11,sochi,racing_point,16.0,13.0,7.0,46.0,0.0,,19.0,15.0,0.0,11.67,11.2,1.0,2.0,0.47,22.03,34.33,67.42,0,0.8
2019,16,vettel,3.0,93032.0,92536.0,92053.0,18,sochi,ferrari,3.0,1.0,2.0,394.0,3.0,425.0,194.0,5.0,1.0,6.0,4.6,0.0,-3.0,1.4,22.03,34.33,67.42,0,0.8
2019,17,albon,6.0,89351.0,88156.0,87851.0,4,suzuka,red_bull,0.0,5.0,3.0,311.0,2.0,787.0,52.0,8.0,0.0,5.67,6.4,1.0,-1.0,-0.73,21.62,32.18,57.48,0,0.0
2019,17,bottas,3.0,88896.0,87688.0,87293.0,1,suzuka,mercedes,4.0,2.0,1.0,571.0,11.0,229.0,249.0,2.0,2.0,3.0,4.0,1.0,1.0,-1.0,21.62,32.18,57.48,0,0.0
2019,17,gasly,9.0,89411.0,88779.0,88836.0,7,suzuka,toro_rosso,16.0,14.0,6.0,55.0,0.0,1772.0,69.0,6.0,0.0,11.0,9.6,1.0,3.67,1.4,21.62,32.18,57.48,0,0.0
2019,17,giovinazzi,11.0,89604.0,89254.0,,14,suzuka,alfa,12.0,15.0,8.0,35.0,0.0,,4.0,18.0,0.0,11.33,14.0,1.0,-0.67,-2.67,21.62,32.18,57.48,0,0.0
2019,17,grosjean,10.0,89572.0,89144.0,89341.0,13,suzuka,haas,8.0,20.0,9.0,28.0,0.0,2277.0,8.0,17.0,0.0,13.5,13.33,5.0,1.5,0.17,21.62,32.18,57.48,0,0.0
2019,17,hamilton,4.0,88735.0,87826.0,87302.0,3,suzuka,mercedes,2.0,1.0,1.0,571.0,11.0,238.0,322.0,1.0,9.0,2.67,2.2,0.0,-0.67,0.47,21.62,32.18,57.48,0,0.0
2019,17,hulkenberg,15.0,89619.0,90112.0,,20,suzuka,renault,6.0,10.0,5.0,68.0,0.0,,34.0,11.0,0.0,8.0,8.8,3.0,-1.33,-0.8,21.62,32.18,57.48,0,0.0
2019,17,kevin_magnussen,19.0,,,,15,suzuka,haas,13.0,9.0,9.0,28.0,0.0,,20.0,15.0,0.0,13.0,12.75,2.0,0.0,0.25,21.62,32.18,57.48,0,0.0
2019,17,kubica,20.0,,,,17,suzuka,williams,18.0,16.0,10.0,1.0,0.0,,1.0,19.0,0.0,16.5,17.25,0.0,0.5,-0.75,21.62,32.18,57.48,0,0.0
2019,17,kvyat,14.0,89723.0,89563.0,,10,suzuka,toro_rosso,19.0,12.0,6.0,55.0,0.0,,33.0,12.0,0.0,13.5,12.25,3.0,3.0,1.25,21.62,32.18,57.48,0,0.0
2019,17,leclerc,2.0,88405.0,88179.0,87253.0,6,suzuka,ferrari,1.0,3.0,2.0,409.0,3.0,189.0,215.0,3.0,2.0,2.0,2.2,2.0,-1.0,-0.2,21.62,32.18,57.48,0,0.0
2019,17,max_verstappen,5.0,88754.0,88499.0,87851.0,18,suzuka,red_bull,9.0,4.0,3.0,311.0,2.0,787.0,212.0,4.0,2.0,5.0,4.25,1.0,5.67,0.75,21.62,32.18,57.48,0,0.0
2019,17,norris,8.0,88873.0,88571.0,88464.0,11,suzuka,mclaren,7.0,8.0,4.0,101.0,0.0,1400.0,35.0,9.0,0.0,8.33,9.0,3.0,2.33,-0.67,21.62,32.18,57.48,0,0.0
2019,17,perez,17.0,90344.0,,,8,suzuka,racing_point,11.0,7.0,7.0,52.0,0.0,,33.0,13.0,0.0,7.0,7.75,2.0,7.5,-0.75,21.62,32.18,57.48,0,0.0
2019,17,raikkonen,13.0,89636.0,89358.0,,12,suzuka,alfa,15.0,13.0,8.0,35.0,0.0,,31.0,14.0,0.0,14.0,12.75,1.0,-6.5,1.25,21.62,32.18,57.48,0,0.0
2019,17,ricciardo,16.0,89822.0,,,19,suzuka,renault,10.0,19.0,5.0,68.0,0.0,,34.0,10.0,0.0,9.0,11.5,4.0,3.5,-2.5,21.62,32.18,57.48,0,0.0
2019,17,russell,18.0,90364.0,,,16,suzuka,williams,17.0,17.0,10.0,1.0,0.0,,0.0,20.0,0.0,14.0,15.0,1.0,0.0,-1.0,21.62,32.18,57.48,0,0.0
2019,17,sainz,7.0,89018.0,88577.0,88304.0,5,suzuka,mclaren,5.0,6.0,4.0,101.0,0.0,1240.0,66.0,7.0,0.0,9.0,7.67,4.0,-3.0,1.33,21.62,32.18,57.48,0,0.0
2019,17,stroll,12.0,89594.0,89345.0,,9,suzuka,racing_point,14.0,11.0,7.0,52.0,0.0,,19.0,16.0,0.0,12.0,12.6,1.0,1.0,-0.6,21.62,32.18,57.48,0,0.0
2019,17,vettel,1.0,88988.0,88174.0,87064.0,2,suzuka,ferrari,3.0,18.0,2.0,409.0,3.0,0.0,194.0,5.0,1.0,7.0,5.25,0.0,-3.5,1.75,21.62,32.18,57.48,0,0.0
2019,18,albon,5.0,76175.0,76574.0,75336.0,5,rodriguez,red_bull,6.0,4.0,3.0,323.0,2.0,578.0,64.0,8.0,0.0,5.0,5.2,1.0,-1.0,-0.2,23.2,41.63,46.29,0,0.0
2019,18,bottas,6.0,77062.0,75852.0,75338.0,3,rodriguez,mercedes,3.0,1.0,1.0,612.0,12.0,580.0,274.0,2.0,3.0,2.67,2.6,1.0,1.33,0.07,23.2,41.63,46.29,0,0.0
2019,18,gasly,10.0,77065.0,76679.0,76586.0,9,rodriguez,toro_rosso,9.0,7.0,6.0,62.0,0.0,1828.0,75.0,7.0,0.0,9.67,9.8,1.0,2.33,-0.13,23.2,41.63,46.29,0,0.0
2019,18,giovinazzi,15.0,77794.0,77269.0,,14,rodriguez,alfa,11.0,14.0,8.0,35.0,0.0,,4.0,18.0,0.0,13.0,13.2,1.0,-2.0,-0.2,23.2,41.63,46.29,0,0.0
2019,18,grosjean,18.0,78599.0,,,17,rodriguez,haas,10.0,13.0,9.0,28.0,0.0,,8.0,17.0,0.0,12.0,13.25,6.0,1.5,-1.25,23.2,41.63,46.29,0,0.0
2019,18,hamilton,4.0,76424.0,75721.0,75262.0,1,rodriguez,mercedes,4.0,3.0,1.0,612.0,12.0,504.0,338.0,1.0,9.0,2.67,2.6,0.0,0.0,0.07,23.2,41.63,46.29,0,0.0
2019,18,hulkenberg,12.0,77608.0,76885.0,,10,rodriguez,renault,15.0,20.0,5.0,68.0,0.0,,34.0,13.0,0.0,9.5,8.0,3.0,-2.5,1.5,23.2,41.63,46.29,0,0.0
2019,18,kevin_magnussen,17.0,78436.0,,,15,rodriguez,haas,19.0,15.0,9.0,28.0,0.0,,20.0,16.0,0.0,13.67,13.25,2.0,1.33,0.42,23.2,41.63,46.29,0,0.0
2019,18,kubica,20.0,80179.0,,,18,rodriguez,williams,0.0,17.0,10.0,1.0,0.0,,1.0,19.0,0.0,16.5,16.75,1.0,-7.0,-0.25,23.2,41.63,46.29,0,0.0
2019,18,kvyat,9.0,77041.0,76657.0,76469.0,11,rodriguez,toro_rosso,14.0,10.0,6.0,62.0,0.0,1711.0,34.0,11.0,0.0,12.33,11.0,3.0,3.33,1.33,23.2,41.63,46.29,0,0.0
2019,18,leclerc,2.0,76364.0,76219.0,75024.0,4,rodriguez,ferrari,2.0,6.0,2.0,435.0,3.0,266.0,223.0,3.0,2.0,3.67,2.6,2.0,-2.33,1.07,23.2,41.63,46.29,0,0.0
2019,18,max_verstappen,1.0,75949.0,76136.0,74758.0,6,rodriguez,red_bull,5.0,18.0,3.0,323.0,2.0,0.0,212.0,4.0,2.0,3.5,5.0,1.0,3.0,-1.5,23.2,41.63,46.29,0,0.0
2019,18,norris,8.0,77092.0,76447.0,76322.0,20,rodriguez,mclaren,8.0,11.0,4.0,111.0,0.0,1564.0,35.0,10.0,0.0,8.67,9.4,3.0,-0.67,-0.73,23.2,41.63,46.29,0,0.0
2019,18,perez,11.0,77465.0,76687.0,,7,rodriguez,racing_point,17.0,8.0,7.0,58.0,0.0,,37.0,9.0,0.0,7.5,7.0,2.0,6.5,0.5,23.2,41.63,46.29,0,0.0
2019,18,raikkonen,14.0,77225.0,76967.0,,19,rodriguez,alfa,13.0,12.0,8.0,35.0,0.0,,31.0,14.0,0.0,12.5,14.0,1.0,1.5,-1.5,23.2,41.63,46.29,0,0.0
2019,18,ricciardo,13.0,77270.0,76933.0,,8,rodriguez,renault,16.0,19.0,5.0,68.0,0.0,,34.0,12.0,0.0,14.0,10.67,5.0,6.0,3.33,23.2,41.63,46.29,0,0.0
2019,18,russell,19.0,78823.0,,,16,rodriguez,williams,18.0,16.0,10.0,1.0,0.0,,0.0,20.0,0.0,16.0,15.0,2.0,2.0,1.0,23.2,41.63,46.29,0,0.0
2019,18,sainz,7.0,77044.0,76267.0,76014.0,13,rodriguez,mclaren,7.0,5.0,4.0,111.0,0.0,1256.0,76.0,6.0,0.0,7.67,7.67,4.0,-1.33,0.0,23.2,41.63,46.29,0,0.0
2019,18,stroll,16.0,78065.0,,,12,rodriguez,racing_point,12.0,9.0,7.0,58.0,0.0,,21.0,15.0,0.0,11.0,11.0,1.0,3.0,0.0,23.2,41.63,46.29,0,0.0
2019,18,vettel,3.0,76696.0,75914.0,75170.0,2,rodriguez,ferrari,1.0,2.0,2.0,435.0,3.0,412.0,212.0,5.0,1.0,1.5,5.0,1.0,0.5,-3.5,23.2,41.63,46.29,0,0.0
2019,19,albon,6.0,93984.0,92898.0,92548.0,5,americas,red_bull,5.0,5.0,3.0,341.0,2.0,519.0,74.0,8.0,0.0,4.67,5.2,1.0,-1.0,-0.53,21.48,29.08,29.24,0,0.0
2019,19,bottas,1.0,93750.0,93160.0,92029.0,1,americas,mercedes,6.0,3.0,1.0,652.0,13.0,0.0,289.0,2.0,3.0,2.0,2.6,1.0,2.33,-0.6,21.48,29.08,29.24,0,0.0
2019,19,gasly,10.0,93556.0,93715.0,93601.0,16,americas,toro_rosso,10.0,9.0,6.0,64.0,0.0,1572.0,77.0,6.0,0.0,10.0,9.8,1.0,1.67,0.2,21.48,29.08,29.24,0,0.0
2019,19,giovinazzi,16.0,94226.0,,,14,americas,alfa,15.0,14.0,8.0,35.0,0.0,,4.0,18.0,0.0,14.33,12.4,1.0,-1.67,1.93,21.48,29.08,29.24,0,0.0
2019,19,grosjean,15.0,94161.0,94158.0,,15,americas,haas,18.0,17.0,9.0,28.0,0.0,,8.0,17.0,0.0,15.0,14.25,6.0,-1.0,0.75,21.48,29.08,29.24,0,0.0
2019,19,hamilton,5.0,93454.0,93045.0,92321.0,2,americas,mercedes,3.0,1.0,1.0,652.0,13.0,292.0,363.0,1.0,10.0,1.67,2.4,0.0,1.33,-0.73,21.48,29.08,29.24,0,0.0
2019,19,hulkenberg,11.0,94092.0,93815.0,,9,americas,renault,12.0,10.0,5.0,73.0,0.0,,35.0,11.0,0.0,10.0,8.5,3.0,-1.0,1.5,21.48,29.08,29.24,0,0.0
2019,19,kevin_magnussen,12.0,93812.0,93979.0,,18,americas,haas,17.0,15.0,9.0,28.0,0.0,,20.0,16.0,0.0,13.0,14.0,2.0,3.33,-1.0,21.48,29.08,29.24,0,0.0
2019,19,kubica,20.0,95889.0,,,19,americas,williams,20.0,18.0,10.0,1.0,0.0,,1.0,19.0,0.0,17.5,17.0,1.0,-7.5,0.5,21.48,29.08,29.24,0,0.0
2019,19,kvyat,13.0,94138.0,93989.0,,12,americas,toro_rosso,9.0,11.0,6.0,64.0,0.0,,34.0,13.0,0.0,11.0,12.0,3.0,3.0,-1.0,21.48,29.08,29.24,0,0.0
2019,19,leclerc,4.0,93988.0,92760.0,92137.0,4,americas,ferrari,1.0,4.0,2.0,466.0,3.0,108.0,236.0,3.0,2.0,4.33,3.2,2.0,-3.0,1.13,21.48,29.08,29.24,0,0.0
2019,19,max_verstappen,3.0,93549.0,93120.0,92096.0,3,americas,red_bull,4.0,6.0,3.0,341.0,2.0,67.0,220.0,5.0,2.0,5.0,5.25,2.0,1.5,-0.25,21.48,29.08,29.24,0,0.0
2019,19,norris,8.0,93353.0,93316.0,93175.0,7,americas,mclaren,8.0,20.0,4.0,111.0,0.0,1146.0,35.0,12.0,0.0,9.5,9.0,3.0,-2.0,0.5,21.48,29.08,29.24,0,0.0
2019,19,perez,19.0,95808.0,,,10,americas,racing_point,11.0,7.0,7.0,64.0,0.0,,43.0,9.0,0.0,7.33,7.25,2.0,5.67,0.08,21.48,29.08,29.24,0,0.0
2019,19,raikkonen,17.0,94369.0,,,11,americas,alfa,14.0,19.0,8.0,35.0,0.0,,31.0,14.0,0.0,12.5,13.33,1.0,1.5,-0.83,21.48,29.08,29.24,0,0.0
2019,19,ricciardo,9.0,93835.0,93608.0,93488.0,6,americas,renault,13.0,8.0,5.0,73.0,0.0,1459.0,38.0,10.0,0.0,8.0,8.67,5.0,5.0,-0.67,21.48,29.08,29.24,0,0.0
2019,19,russell,18.0,95372.0,,,17,americas,williams,19.0,16.0,10.0,1.0,0.0,,0.0,20.0,0.0,16.0,15.33,2.0,2.5,0.67,21.48,29.08,29.24,0,0.0
2019,19,sainz,7.0,93916.0,93422.0,92847.0,8,americas,mclaren,7.0,13.0,4.0,111.0,0.0,818.0,76.0,7.0,0.0,8.0,9.0,4.0,-1.67,-1.0,21.48,29.08,29.24,0,0.0
2019,19,stroll,14.0,93921.0,94100.0,,13,americas,racing_point,16.0,12.0,7.0,64.0,0.0,,21.0,15.0,0.0,10.67,11.4,1.0,3.33,-0.73,21.48,29.08,29.24,0,0.0
2019,19,vettel,2.0,93766.0,93782.0,92041.0,20,americas,ferrari,2.0,2.0,2.0,466.0,3.0,12.0,230.0,4.0,1.0,2.0,4.5,1.0,-0.5,-2.5,21.48,29.08,29.24,0,0.0
2019,20,albon,6.0,68503.0,68117.0,67935.0,14,interlagos,red_bull,6.0,5.0,3.0,366.0,2.0,427.0,84.0,6.0,0.0,4.67,5.0,1.0,1.0,-0.33,21.02,46.45,60.29,0,0.0
2019,20,bottas,5.0,68545.0,68232.0,67874.0,20,interlagos,mercedes,1.0,1.0,1.0,695.0,14.0,366.0,314.0,2.0,4.0,1.67,2.4,1.0,1.67,-0.73,21.02,46.45,60.29,0,0.0
2019,20,gasly,7.0,68909.0,68770.0,68837.0,2,interlagos,toro_rosso,10.0,16.0,7.0,64.0,0.0,1329.0,77.0,8.0,0.0,10.67,10.8,1.0,-1.0,-0.13,21.02,46.45,60.29,0,0.0
2019,20,giovinazzi,13.0,69175.0,68919.0,,5,interlagos,alfa,16.0,14.0,8.0,35.0,0.0,,4.0,18.0,0.0,14.0,13.4,1.0,0.0,0.6,21.02,46.45,60.29,0,0.0
2019,20,grosjean,8.0,69197.0,68705.0,68854.0,13,interlagos,haas,15.0,15.0,9.0,28.0,0.0,1346.0,8.0,17.0,0.0,15.0,14.0,6.0,-0.67,1.0,21.02,46.45,60.29,0,0.0
2019,20,hamilton,3.0,68614.0,68088.0,67699.0,7,interlagos,mercedes,5.0,2.0,1.0,695.0,14.0,191.0,381.0,1.0,10.0,2.0,2.2,0.0,2.0,-0.2,21.02,46.45,60.29,0,0.0
2019,20,hulkenberg,14.0,69050.0,68921.0,,15,interlagos,renault,11.0,9.0,5.0,83.0,0.0,,37.0,12.0,0.0,9.5,9.5,3.0,2.0,0.0,21.02,46.45,60.29,0,0.0
2019,20,kevin_magnussen,10.0,68875.0,68803.0,69037.0,11,interlagos,haas,12.0,18.0,9.0,28.0,0.0,1529.0,20.0,16.0,0.0,16.0,14.8,2.0,0.0,1.2,21.02,46.45,60.29,0,0.0
2019,20,kubica,19.0,70614.0,,,16,interlagos,williams,19.0,19.0,10.0,1.0,0.0,,1.0,19.0,0.0,17.5,17.0,1.0,-7.5,0.5,21.02,46.45,60.29,0,0.0
2019,20,kvyat,16.0,69320.0,,,10,interlagos,toro_rosso,13.0,12.0,7.0,64.0,0.0,,34.0,13.0,0.0,11.0,12.0,3.0,1.0,-1.0,21.02,46.45,60.29,0,0.0
2019,20,leclerc,4.0,68496.0,67888.0,67728.0,18,interlagos,ferrari,4.0,4.0,2.0,479.0,3.0,220.0,249.0,3.0,2.0,4.67,3.8,2.0,-2.33,0.87,21.02,46.45,60.29,0,0.0
2019,20,max_verstappen,1.0,68242.0,67503.0,67508.0,1,interlagos,red_bull,3.0,3.0,3.0,366.0,2.0,0.0,235.0,4.0,2.0,4.5,4.0,2.0,-1.0,0.5,21.02,46.45,60.29,0,0.0
2019,20,norris,11.0,68891.0,68868.0,,8,interlagos,mclaren,8.0,7.0,4.0,121.0,0.0,,41.0,11.0,0.0,9.0,8.25,3.0,-1.0,0.75,21.02,46.45,60.29,0,0.0
2019,20,perez,15.0,69288.0,69035.0,,9,interlagos,racing_point,0.0,10.0,6.0,65.0,0.0,,44.0,10.0,0.0,8.33,8.0,2.0,1.0,0.33,21.02,46.45,60.29,0,0.0
2019,20,raikkonen,9.0,69276.0,68858.0,68984.0,4,interlagos,alfa,17.0,11.0,8.0,35.0,0.0,1476.0,31.0,14.0,0.0,11.5,12.0,2.0,3.5,-0.5,21.02,46.45,60.29,0,0.0
2019,20,ricciardo,12.0,69086.0,68903.0,,6,interlagos,renault,9.0,6.0,5.0,83.0,0.0,,46.0,9.0,0.0,7.0,9.33,5.0,4.0,-2.33,21.02,46.45,60.29,0,0.0
2019,20,russell,18.0,70126.0,,,12,interlagos,williams,18.0,17.0,10.0,1.0,0.0,,0.0,20.0,0.0,16.33,16.33,2.0,2.0,0.0,21.02,46.45,60.29,0,0.0
2019,20,sainz,20.0,,,,3,interlagos,mclaren,7.0,8.0,4.0,121.0,0.0,,80.0,7.0,0.0,8.67,8.8,4.0,-1.67,-0.13,21.02,46.45,60.29,0,0.0
2019,20,stroll,17.0,69536.0,,,19,interlagos,racing_point,14.0,13.0,6.0,65.0,0.0,,21.0,15.0,0.0,11.33,11.6,1.0,2.67,-0.27,21.02,46.45,60.29,0,0.0
2019,20,vettel,2.0,68556.0,68050.0,67631.0,17,interlagos,ferrari,2.0,20.0,2.0,479.0,3.0,123.0,230.0,5.0,1.0,2.0,1.67,1.0,-0.5,0.33,21.02,46.45,60.29,0,0.0
2019,21,albon,6.0,96102.0,96718.0,95682.0,6,yas_marina,red_bull,5.0,14.0,3.0,391.0,3.0,903.0,84.0,8.0,0.0,8.0,6.6,1.0,-2.67,1.4,26.02,29.57,64.47,0,0.0
2019,21,bottas,2.0,96200.0,95674.0,94973.0,4,yas_marina,mercedes,4.0,20.0,1.0,701.0,14.0,194.0,314.0,2.0,4.0,2.0,1.75,1.0,1.5,0.25,26.02,29.57,64.47,0,0.0
2019,21,gasly,12.0,97198.0,97089.0,,18,yas_marina,toro_rosso,6.0,2.0,6.0,83.0,0.0,,95.0,6.0,0.0,9.0,9.6,1.0,-0.33,-0.6,26.02,29.57,64.47,0,0.0
2019,21,giovinazzi,17.0,98114.0,,,16,yas_marina,alfa,12.0,5.0,8.0,57.0,0.0,,14.0,17.0,0.0,11.0,12.4,1.0,3.33,-1.4,26.02,29.57,64.47,0,0.0
2019,21,grosjean,16.0,98051.0,,,15,yas_marina,haas,7.0,13.0,9.0,28.0,0.0,,8.0,18.0,0.0,15.0,14.5,6.0,-1.67,0.5,26.02,29.57,64.47,0,0.0
2019,21,hamilton,1.0,95851.0,95634.0,94779.0,1,yas_marina,mercedes,3.0,7.0,1.0,701.0,14.0,0.0,387.0,1.0,10.0,3.33,2.8,0.0,0.33,0.53,26.02,29.57,64.47,0,0.0
2019,21,hulkenberg,10.0,97506.0,96859.0,96710.0,12,yas_marina,renault,13.0,15.0,5.0,91.0,0.0,1931.0,37.0,13.0,0.0,11.33,11.0,3.0,0.67,0.33,26.02,29.57,64.47,0,0.0
2019,21,kevin_magnussen,15.0,97710.0,97254.0,,14,yas_marina,haas,9.0,11.0,9.0,28.0,0.0,,20.0,16.0,0.0,14.67,13.6,2.0,-2.0,1.07,26.02,29.57,64.47,0,0.0
2019,21,kubica,20.0,99236.0,,,19,yas_marina,williams,19.0,16.0,10.0,1.0,0.0,,1.0,19.0,0.0,17.0,17.0,2.0,2.5,0.0,26.02,29.57,64.47,0,0.0
2019,21,kvyat,14.0,97683.0,97141.0,,9,yas_marina,toro_rosso,16.0,10.0,6.0,83.0,0.0,,35.0,14.0,0.0,11.0,11.0,3.0,1.67,0.0,26.02,29.57,64.47,0,0.0
2019,21,leclerc,4.0,96478.0,95543.0,95219.0,3,yas_marina,ferrari,14.0,18.0,2.0,479.0,3.0,440.0,249.0,4.0,2.0,8.67,7.0,2.0,-2.33,1.67,26.02,29.57,64.47,0,0.0
2019,21,max_verstappen,3.0,96390.0,96275.0,95139.0,2,yas_marina,red_bull,1.0,1.0,3.0,391.0,3.0,360.0,260.0,3.0,3.0,3.33,3.5,2.0,-0.67,-0.17,26.02,29.57,64.47,0,0.0
2019,21,norris,7.0,97545.0,96764.0,96436.0,8,yas_marina,mclaren,10.0,8.0,4.0,140.0,0.0,1657.0,45.0,11.0,0.0,7.5,8.5,3.0,1.5,-1.0,26.02,29.57,64.47,0,0.0
2019,21,perez,11.0,96961.0,97055.0,,7,yas_marina,racing_point,15.0,9.0,7.0,67.0,0.0,,46.0,10.0,0.0,8.67,8.2,2.0,0.0,0.47,26.02,29.57,64.47,0,0.0
2019,21,raikkonen,18.0,98383.0,,,13,yas_marina,alfa,8.0,4.0,8.0,57.0,0.0,,43.0,12.0,0.0,7.5,10.0,2.0,5.0,-2.5,26.02,29.57,64.47,0,0.0
2019,21,ricciardo,8.0,97106.0,96785.0,96456.0,11,yas_marina,renault,11.0,6.0,5.0,91.0,0.0,1677.0,54.0,9.0,0.0,6.67,6.67,5.0,4.33,0.0,26.02,29.57,64.47,0,0.0
2019,21,russell,19.0,98717.0,,,17,yas_marina,williams,18.0,12.0,10.0,1.0,0.0,,0.0,20.0,0.0,15.0,15.25,2.0,3.33,-0.25,26.02,29.57,64.47,0,0.0
2019,21,sainz,9.0,97358.0,96308.0,96459.0,10,yas_marina,mclaren,20.0,3.0,4.0,140.0,0.0,1680.0,95.0,7.0,0.0,8.0,7.0,4.0,3.33,1.0,26.02,29.57,64.47,0,0.0
2019,21,stroll,13.0,97528.0,97103.0,,20,yas_marina,racing_point,17.0,19.0,7.0,67.0,0.0,,21.0,15.0,0.0,14.67,12.8,1.0,1.0,1.87,26.02,29.57,64.47,0,0.0
2019,21,vettel,5.0,96963.0,95786.0,95339.0,5,yas_marina,ferrari,2.0,17.0,2.0,479.0,3.0,560.0,230.0,5.0,1.0,9.5,7.0,2.0,-7.5,2.5,26.02,29.57,64.47,0,0.0
2020,1,albon,5.0,64661.0,63746.0,63868.0,13,red_bull_ring,red_bull,,,,,,929.0,,,,,,,,,28.68,52.02,33.83,0,0.0
2020,1,bottas,1.0,64111.0,63015.0,62939.0,1,red_bull_ring,mercedes,,,,,,0.0,,,,,,,,,28.68,52.02,33.83,0,0.0
2020,1,gasly,12.0,64603.0,64305.0,,7,red_bull_ring,alphatauri,,,,,,,,,,,,,,,28.68,52.02,33.83,0,0.0
2020,1,giovinazzi,18.0,65175.0,,,9,red_bull_ring,alfa,,,,,,,,,,,,,,,28.68,52.02,33.83,0,0.0
2020,1,grosjean,15.0,65094.0,64691.0,,16,red_bull_ring,haas,,,,,,,,,,,,,,,28.68,52.02,33.83,0,0.0
2020,1,hamilton,2.0,64198.0,63096.0,62951.0,4,red_bull_ring,mercedes,,,,,,12.0,,,,,,,,,28.68,52.02,33.83,0,0.0
2020,1,kevin_magnussen,16.0,65164.0,,,17,red_bull_ring,haas,,,,,,,,,,,,,,,28.68,52.02,33.83,0,0.0
2020,1,kvyat,13.0,65031.0,64431.0,,12,red_bull_ring,alphatauri,,,,,,,,,,,,,,,28.68,52.02,33.83,0,0.0
2020,1,latifi,20.0,65757.0,,,11,red_bull_ring,williams,,,,,,,,,,,,,,,28.68,52.02,33.83,0,0.0
2020,1,leclerc,7.0,64500.0,64041.0,63923.0,2,red_bull_ring,ferrari,,,,,,984.0,,,,,,,,,28.68,52.02,33.83,0,0.0
2020,1,max_verstappen,3.0,64024.0,64000.0,63477.0,20,red_bull_ring,red_bull,,,,,,538.0,,,,,,,,,28.68,52.02,33.83,0,0.0
2020,1,norris,4.0,64606.0,63819.0,63626.0,3,red_bull_ring,mclaren,,,,,,687.0,,,,,,,,,28.68,52.02,33.83,0,0.0
2020,1,ocon,14.0,64933.0,64643.0,,8,red_bull_ring,renault,,,,,,,,,,,,,,,28.68,52.02,33.83,0,0.0
2020,1,perez,6.0,64543.0,63860.0,63868.0,6,red_bull_ring,racing_point,,,,,,929.0,,,,,,,,,28.68,52.02,33.83,0,0.0
2020,1,raikkonen,19.0,65224.0,,,14,red_bull_ring,alfa,,,,,,,,,,,,,,,28.68,52.02,33.83,0,0.0
2020,1,ricciardo,10.0,64556.0,64023.0,64239.0,19,red_bull_ring,renault,,,,,,1300.0,,,,,,,,,28.68,52.02,33.83,0,0.0
2020,1,russell,17.0,65167.0,,,15,red_bull_ring,williams,,,,,,,,,,,,,,,28.68,52.02,33.83,0,0.0
2020,1,sainz,8.0,64537.0,63971.0,63971.0,5,red_bull_ring,mclaren,,,,,,1032.0,,,,,,,,,28.68,52.02,33.83,0,0.0
2020,1,stroll,9.0,64309.0,63955.0,64029.0,18,red_bull_ring,racing_point,,,,,,1090.0,,,,,,,,,28.68,52.02,33.83,0,0.0
2020,1,vettel,11.0,64554.0,64206.0,,10,red_bull_ring,ferrari,,,,,,,,,,,,,,,28.68,52.02,33.83,0,0.0
2020,2,albon,7.0,80882.0,79014.0,81011.0,4,red_bull_ring,red_bull,4.0,13.0,9,0.0,0.0,1738.0,0.0,13.0,0.0,13.0,13.0,0.0,-9.0,0.0,20.82,39.92,34.01,0,1.7
2020,2,bottas,4.0,78791.0,78657.0,80701.0,2,red_bull_ring,mercedes,1.0,1.0,1,37.0,1.0,1428.0,25.0,1.0,1.0,1.0,1.0,0.0,0.0,0.0,20.82,39.92,34.01,0,1.7
2020,2,gasly,8.0,80192.0,78744.0,81028.0,15,red_bull_ring,alphatauri,12.0,7.0,4,6.0,0.0,1755.0,6.0,7.0,0.0,7.0,7.0,0.0,5.0,0.0,20.82,39.92,34.01,0,1.7
2020,2,giovinazzi,19.0,81831.0,,,14,red_bull_ring,alfa,18.0,9.0,6,2.0,0.0,,2.0,9.0,0.0,9.0,9.0,0.0,9.0,0.0,20.82,39.92,34.01,0,1.7
2020,2,grosjean,20.0,,,,13,red_bull_ring,haas,15.0,16.0,-,0.0,0.0,,0.0,,0.0,,,0.0,,,20.82,39.92,34.01,0,1.7
2020,2,hamilton,1.0,78188.0,77825.0,79273.0,1,red_bull_ring,mercedes,5.0,4.0,1,37.0,1.0,0.0,12.0,4.0,0.0,4.0,4.0,0.0,1.0,0.0,20.82,39.92,34.01,0,1.7
2020,2,kevin_magnussen,15.0,81140.0,80211.0,,12,red_bull_ring,haas,16.0,17.0,-,0.0,0.0,,0.0,,0.0,,,0.0,,,20.82,39.92,34.01,0,1.7
2020,2,kvyat,14.0,79824.0,79717.0,,10,red_bull_ring,alphatauri,13.0,12.0,4,6.0,0.0,,0.0,12.0,0.0,12.0,12.0,0.0,1.0,0.0,20.82,39.92,34.01,0,1.7
2020,2,latifi,18.0,81759.0,,,17,red_bull_ring,williams,20.0,11.0,8,0.0,0.0,,0.0,11.0,0.0,11.0,11.0,0.0,9.0,0.0,20.82,39.92,34.01,0,1.7
2020,2,leclerc,11.0,80871.0,79628.0,,19,red_bull_ring,ferrari,7.0,2.0,3,19.0,0.0,,18.0,2.0,0.0,2.0,2.0,0.0,5.0,0.0,20.82,39.92,34.01,0,1.7
2020,2,max_verstappen,2.0,78297.0,77938.0,80489.0,3,red_bull_ring,red_bull,2.0,20.0,9,0.0,0.0,1216.0,0.0,,0.0,,,0.0,,,20.82,39.92,34.01,0,1.7
2020,2,norris,6.0,78504.0,78448.0,80925.0,5,red_bull_ring,mclaren,3.0,3.0,2,26.0,0.0,1652.0,16.0,3.0,0.0,3.0,3.0,0.0,0.0,0.0,20.82,39.92,34.01,0,1.7
2020,2,ocon,5.0,79687.0,78764.0,80922.0,18,red_bull_ring,renault,14.0,8.0,5,4.0,0.0,1649.0,4.0,8.0,0.0,8.0,8.0,0.0,6.0,0.0,20.82,39.92,34.01,0,1.7
2020,2,perez,17.0,81607.0,,,6,red_bull_ring,racing_point,6.0,6.0,7,0.0,0.0,,8.0,6.0,0.0,6.0,6.0,0.0,0.0,0.0,20.82,39.92,34.01,0,1.7
2020,2,raikkonen,16.0,81140.0,,,11,red_bull_ring,alfa,19.0,14.0,6,2.0,0.0,,0.0,,0.0,,,0.0,,,20.82,39.92,34.01,0,1.7
2020,2,ricciardo,9.0,79662.0,79229.0,81192.0,8,red_bull_ring,renault,10.0,19.0,5,4.0,0.0,1919.0,0.0,,0.0,,,0.0,,,20.82,39.92,34.01,0,1.7
2020,2,russell,12.0,80382.0,79636.0,,16,red_bull_ring,williams,17.0,15.0,8,0.0,0.0,,0.0,,0.0,,,0.0,,,20.82,39.92,34.01,0,1.7
2020,2,sainz,3.0,78590.0,78836.0,80671.0,9,red_bull_ring,mclaren,8.0,5.0,2,26.0,0.0,1398.0,10.0,5.0,0.0,5.0,5.0,0.0,3.0,0.0,20.82,39.92,34.01,0,1.7
2020,2,stroll,13.0,79697.0,79645.0,,7,red_bull_ring,racing_point,9.0,18.0,7,0.0,0.0,,0.0,,0.0,,,0.0,,,20.82,39.92,34.01,0,1.7
2020,2,vettel,10.0,80243.0,79545.0,81651.0,20,red_bull_ring,ferrari,11.0,10.0,3,19.0,0.0,2378.0,1.0,10.0,0.0,10.0,10.0,0.0,1.0,0.0,20.82,39.92,34.01,0,1.7
2020,3,albon,13.0,75722.0,75715.0,,5,hungaroring,red_bull,6.0,4.0,3,27.0,0.0,,12.0,8.0,0.0,8.5,8.5,0.0,-3.5,0.0,20.74,27.13,77.19,0,1.5
2020,3,bottas,2.0,75474.0,74530.0,73554.0,3,hungaroring,mercedes,4.0,2.0,1,80.0,2.0,107.0,43.0,1.0,1.0,1.5,1.5,0.0,1.0,0.0,20.74,27.13,77.19,0,1.5
2020,3,gasly,10.0,75767.0,75508.0,,20,hungaroring,alphatauri,7.0,15.0,7,7.0,0.0,,6.0,9.0,0.0,11.0,11.0,0.0,-1.5,0.0,20.74,27.13,77.19,0,1.5
2020,3,giovinazzi,19.0,76506.0,,,17,hungaroring,alfa,19.0,14.0,8,2.0,0.0,,2.0,13.0,0.0,11.5,11.5,0.0,7.0,0.0,20.74,27.13,77.19,0,1.5
2020,3,grosjean,18.0,76407.0,,,16,hungaroring,haas,0.0,13.0,10,0.0,0.0,,0.0,19.0,0.0,13.0,13.0,1.0,-13.0,0.0,20.74,27.13,77.19,0,1.5
2020,3,hamilton,1.0,74907.0,74261.0,73447.0,1,hungaroring,mercedes,1.0,1.0,1,80.0,2.0,0.0,37.0,2.0,1.0,2.5,2.5,0.0,0.5,0.0,20.74,27.13,77.19,0,1.5
2020,3,kevin_magnussen,16.0,76152.0,,,10,hungaroring,haas,15.0,12.0,10,0.0,0.0,,0.0,18.0,0.0,12.0,12.0,1.0,3.0,0.0,20.74,27.13,77.19,0,1.5
2020,3,kvyat,17.0,76204.0,,,12,hungaroring,alphatauri,13.0,10.0,7,7.0,0.0,,1.0,14.0,0.0,11.0,11.0,0.0,2.0,0.0,20.74,27.13,77.19,0,1.5
2020,3,latifi,15.0,76105.0,76544.0,,19,hungaroring,williams,18.0,17.0,9,0.0,0.0,,0.0,16.0,0.0,14.0,14.0,0.0,5.0,0.0,20.74,27.13,77.19,0,1.5
2020,3,leclerc,6.0,75793.0,75006.0,74817.0,11,hungaroring,ferrari,14.0,19.0,4,19.0,0.0,1370.0,18.0,4.0,0.0,2.0,2.0,0.0,5.0,0.0,20.74,27.13,77.19,0,1.5
2020,3,max_verstappen,7.0,75495.0,74976.0,74849.0,2,hungaroring,red_bull,2.0,3.0,3,27.0,0.0,1402.0,15.0,6.0,0.0,3.0,3.0,1.0,-1.0,0.0,20.74,27.13,77.19,0,1.5
2020,3,norris,8.0,75444.0,75085.0,74966.0,13,hungaroring,mclaren,9.0,5.0,2,39.0,0.0,1519.0,26.0,3.0,0.0,4.0,4.0,0.0,2.0,0.0,20.74,27.13,77.19,0,1.5
2020,3,ocon,14.0,75719.0,75742.0,,14,hungaroring,renault,5.0,18.0,5,8.0,0.0,,4.0,11.0,0.0,8.0,8.0,0.0,6.0,0.0,20.74,27.13,77.19,0,1.5
2020,3,perez,4.0,74681.0,75394.0,74545.0,7,hungaroring,racing_point,17.0,6.0,6,7.0,0.0,1098.0,16.0,5.0,0.0,6.0,6.0,0.0,5.5,0.0,20.74,27.13,77.19,0,1.5
2020,3,raikkonen,20.0,76614.0,,,15,hungaroring,alfa,16.0,11.0,8,2.0,0.0,,0.0,17.0,0.0,11.0,11.0,1.0,5.0,0.0,20.74,27.13,77.19,0,1.5
2020,3,ricciardo,11.0,75848.0,75661.0,,8,hungaroring,renault,8.0,8.0,5,8.0,0.0,,4.0,12.0,0.0,8.0,8.0,1.0,0.0,0.0,20.74,27.13,77.19,0,1.5
2020,3,russell,12.0,75585.0,75698.0,,18,hungaroring,williams,11.0,16.0,9,0.0,0.0,,0.0,20.0,0.0,16.0,16.0,1.0,-5.0,0.0,20.74,27.13,77.19,0,1.5
2020,3,sainz,9.0,75281.0,75267.0,75027.0,9,hungaroring,mclaren,3.0,9.0,2,39.0,0.0,1580.0,13.0,7.0,0.0,7.0,7.0,0.0,-1.5,0.0,20.74,27.13,77.19,0,1.5
2020,3,stroll,3.0,74895.0,75176.0,74377.0,4,hungaroring,racing_point,12.0,7.0,6,7.0,0.0,930.0,6.0,10.0,0.0,7.0,7.0,1.0,5.0,0.0,20.74,27.13,77.19,0,1.5
2020,3,vettel,5.0,75455.0,75131.0,74774.0,6,hungaroring,ferrari,10.0,20.0,4,19.0,0.0,1327.0,1.0,15.0,0.0,10.0,10.0,0.0,1.0,0.0,20.74,27.13,77.19,0,1.5
2020,4,albon,12.0,86565.0,86545.0,,8,silverstone,red_bull,13.0,5.0,2,55.0,0.0,,22.0,5.0,0.0,7.33,7.33,0.0,0.33,0.0,21.29,40.63,44.17,0,0.0
2020,4,bottas,2.0,85801.0,85015.0,84616.0,11,silverstone,mercedes,2.0,3.0,1,121.0,3.0,313.0,58.0,2.0,1.0,2.0,2.0,0.0,0.33,0.0,21.29,40.63,44.17,0,0.0
2020,4,gasly,11.0,86343.0,86501.0,,7,silverstone,alphatauri,10.0,20.0,7,7.0,0.0,,6.0,12.0,0.0,11.0,11.0,0.0,-1.5,0.0,21.29,40.63,44.17,0,0.0
2020,4,giovinazzi,17.0,87164.0,,,14,silverstone,alfa,19.0,17.0,8,2.0,0.0,,2.0,14.0,0.0,13.33,13.33,0.0,5.33,0.0,21.29,40.63,44.17,0,0.0
2020,4,grosjean,19.0,87643.0,,,16,silverstone,haas,0.0,16.0,9,1.0,0.0,,0.0,19.0,0.0,14.5,14.5,1.0,-14.5,0.0,21.29,40.63,44.17,0,0.0
2020,4,hamilton,1.0,85900.0,85347.0,84303.0,1,silverstone,mercedes,1.0,1.0,1,121.0,3.0,0.0,63.0,1.0,2.0,2.0,2.0,0.0,0.33,0.0,21.29,40.63,44.17,0,0.0
2020,4,hulkenberg,13.0,86327.0,86566.0,,20,silverstone,racing_point,,,5,25.0,0.0,,,,,,,,,,21.29,40.63,44.17,0,0.0
2020,4,kevin_magnussen,16.0,87158.0,,,19,silverstone,haas,0.0,10.0,9,1.0,0.0,,1.0,16.0,0.0,11.0,11.0,1.0,-3.5,0.0,21.29,40.63,44.17,0,0.0
2020,4,kvyat,14.0,86774.0,86744.0,,18,silverstone,alphatauri,17.0,12.0,7,7.0,0.0,,1.0,15.0,0.0,11.33,11.33,0.0,3.0,0.0,21.29,40.63,44.17,0,0.0
2020,4,latifi,20.0,87705.0,,,15,silverstone,williams,15.0,19.0,10,0.0,0.0,,0.0,18.0,0.0,15.67,15.67,0.0,2.0,0.0,21.29,40.63,44.17,0,0.0
2020,4,leclerc,4.0,86550.0,86203.0,85427.0,3,silverstone,ferrari,6.0,11.0,4,27.0,0.0,1124.0,18.0,7.0,0.0,6.5,6.5,1.0,0.0,0.0,21.29,40.63,44.17,0,0.0
2020,4,max_verstappen,3.0,86115.0,86144.0,85325.0,2,silverstone,red_bull,7.0,2.0,2,55.0,0.0,1022.0,33.0,3.0,0.0,2.5,2.5,1.0,2.0,0.0,21.29,40.63,44.17,0,0.0
2020,4,norris,5.0,86855.0,86420.0,85782.0,5,silverstone,mclaren,8.0,13.0,3,41.0,0.0,1479.0,26.0,4.0,0.0,7.0,7.0,0.0,-0.33,0.0,21.29,40.63,44.17,0,0.0
2020,4,ocon,9.0,86396.0,86252.0,86209.0,6,silverstone,renault,14.0,14.0,6,12.0,0.0,1906.0,4.0,13.0,0.0,11.0,11.0,1.0,3.0,0.0,21.29,40.63,44.17,0,0.0
2020,4,raikkonen,18.0,87366.0,,,17,silverstone,alfa,20.0,15.0,8,2.0,0.0,,0.0,17.0,0.0,13.0,13.0,1.0,5.0,0.0,21.29,40.63,44.17,0,0.0
2020,4,ricciardo,8.0,86677.0,86339.0,86009.0,4,silverstone,renault,11.0,8.0,6,12.0,0.0,1706.0,8.0,11.0,0.0,8.0,8.0,1.0,1.5,0.0,21.29,40.63,44.17,0,0.0
2020,4,russell,15.0,86732.0,87092.0,,12,silverstone,williams,12.0,18.0,10,0.0,0.0,,0.0,20.0,0.0,17.0,17.0,1.0,-5.5,0.0,21.29,40.63,44.17,0,0.0
2020,4,sainz,7.0,86715.0,86149.0,85965.0,13,silverstone,mclaren,9.0,9.0,3,41.0,0.0,1662.0,15.0,9.0,0.0,7.67,7.67,0.0,-1.0,0.0,21.29,40.63,44.17,0,0.0
2020,4,stroll,6.0,86243.0,86501.0,85839.0,9,silverstone,racing_point,3.0,4.0,5,25.0,0.0,1536.0,18.0,8.0,0.0,5.5,5.5,1.0,2.0,0.0,21.29,40.63,44.17,0,0.0
2020,4,vettel,10.0,86469.0,86455.0,86339.0,10,silverstone,ferrari,5.0,6.0,4,27.0,0.0,2036.0,9.0,10.0,0.0,8.0,8.0,1.0,0.0,0.0,21.29,40.63,44.17,0,0.0
2020,5,albon,9.0,87153.0,86642.0,86669.0,5,silverstone,red_bull,12.0,8.0,2,78.0,0.0,1515.0,26.0,6.0,0.0,5.67,7.5,0.0,4.67,-1.83,25.29,43.23,58.56,0,0.0
2020,5,bottas,1.0,86738.0,85785.0,85154.0,3,silverstone,mercedes,2.0,11.0,1,146.0,4.0,0.0,58.0,2.0,1.0,5.33,4.25,0.0,-2.67,1.08,25.29,43.23,58.56,0,0.0
2020,5,gasly,7.0,87154.0,86523.0,86534.0,11,silverstone,alphatauri,11.0,7.0,7,13.0,0.0,1380.0,12.0,12.0,0.0,11.0,9.67,1.0,-2.0,1.33,25.29,43.23,58.56,0,0.0
2020,5,giovinazzi,19.0,88433.0,,,17,silverstone,alfa,15.0,14.0,8,2.0,0.0,,2.0,14.0,0.0,15.0,13.5,0.0,2.67,1.5,25.29,43.23,58.56,0,0.0
2020,5,grosjean,14.0,87519.0,87254.0,,16,silverstone,haas,17.0,16.0,9,1.0,0.0,,0.0,20.0,0.0,15.0,15.0,1.0,-9.33,0.0,25.29,43.23,58.56,0,0.0
2020,5,hamilton,2.0,86818.0,86266.0,85217.0,2,silverstone,mercedes,1.0,1.0,1,146.0,4.0,63.0,88.0,1.0,3.0,1.0,1.75,0.0,0.0,-0.75,25.29,43.23,58.56,0,0.0
2020,5,hulkenberg,3.0,87279.0,86261.0,86082.0,7,silverstone,racing_point,13.0,20.0,6,27.0,0.0,928.0,0.0,,0.0,,,0.0,,,25.29,43.23,58.56,0,0.0
2020,5,kevin_magnussen,17.0,88236.0,,,20,silverstone,haas,14.0,19.0,9,1.0,0.0,,1.0,16.0,0.0,11.0,11.0,1.0,-3.5,0.0,25.29,43.23,58.56,0,0.0
2020,5,kvyat,16.0,87882.0,,,10,silverstone,alphatauri,19.0,18.0,7,13.0,0.0,,1.0,15.0,0.0,11.0,11.33,0.0,4.0,-0.33,25.29,43.23,58.56,0,0.0
2020,5,latifi,18.0,88430.0,,,19,silverstone,williams,18.0,15.0,10,0.0,0.0,,0.0,17.0,0.0,17.0,15.5,0.0,0.0,1.5,25.29,43.23,58.56,0,0.0
2020,5,leclerc,8.0,87427.0,86709.0,86614.0,4,silverstone,ferrari,4.0,3.0,4,43.0,0.0,1460.0,33.0,5.0,0.0,7.0,5.33,1.0,-2.0,1.67,25.29,43.23,58.56,0,0.0
2020,5,max_verstappen,4.0,87154.0,86779.0,86176.0,1,silverstone,red_bull,3.0,2.0,2,78.0,0.0,1022.0,52.0,3.0,0.0,2.33,2.33,1.0,1.67,0.0,25.29,43.23,58.56,0,0.0
2020,5,norris,10.0,87217.0,86885.0,86778.0,9,silverstone,mclaren,5.0,5.0,3,51.0,0.0,1624.0,36.0,4.0,0.0,7.67,6.5,0.0,-0.33,1.17,25.29,43.23,58.56,0,0.0
2020,5,ocon,11.0,87278.0,87011.0,,8,silverstone,renault,9.0,6.0,5,32.0,0.0,,12.0,11.0,0.0,10.0,9.33,1.0,1.5,0.67,25.29,43.23,58.56,0,0.0
2020,5,raikkonen,20.0,88493.0,,,15,silverstone,alfa,16.0,17.0,8,2.0,0.0,,0.0,18.0,0.0,14.33,14.33,1.0,3.0,0.0,25.29,43.23,58.56,0,0.0
2020,5,ricciardo,5.0,87442.0,86636.0,86297.0,14,silverstone,renault,8.0,4.0,5,32.0,0.0,1143.0,20.0,9.0,0.0,6.67,6.67,1.0,2.33,0.0,25.29,43.23,58.56,0,0.0
2020,5,russell,15.0,87757.0,87455.0,,18,silverstone,williams,20.0,12.0,10,0.0,0.0,,0.0,19.0,0.0,15.33,15.33,1.0,-1.0,0.0,25.29,43.23,58.56,0,0.0
2020,5,sainz,13.0,87450.0,87083.0,,13,silverstone,mclaren,7.0,13.0,3,51.0,0.0,,15.0,10.0,0.0,10.33,9.0,0.0,-4.0,1.33,25.29,43.23,58.56,0,0.0
2020,5,stroll,6.0,87187.0,86674.0,86428.0,6,silverstone,racing_point,6.0,9.0,6,27.0,0.0,1274.0,20.0,8.0,0.0,6.67,6.67,1.0,0.33,0.0,25.29,43.23,58.56,0,0.0
2020,5,vettel,12.0,87612.0,87078.0,,12,silverstone,ferrari,10.0,10.0,4,43.0,0.0,,10.0,13.0,0.0,8.0,8.67,1.0,-0.5,-0.67,25.29,43.23,58.56,0,0.0
2020,6,albon,6.0,77419.0,77163.0,77029.0,8,catalunya,red_bull,9.0,5.0,2,113.0,1.0,1445.0,36.0,6.0,0.0,6.0,7.0,0.0,5.33,-1.0,29.8,47.56,56.38,0,0.0
2020,6,bottas,2.0,77243.0,76152.0,75643.0,3,catalunya,mercedes,1.0,3.0,1,180.0,4.0,59.0,73.0,3.0,1.0,5.67,4.0,0.0,-4.0,1.67,29.8,47.56,56.38,0,0.0
2020,6,gasly,10.0,77356.0,76800.0,77136.0,9,catalunya,alphatauri,7.0,11.0,7,14.0,0.0,1552.0,12.0,12.0,0.0,9.0,10.0,1.0,0.0,-1.0,29.8,47.56,56.38,0,0.0
2020,6,giovinazzi,20.0,78697.0,,,16,catalunya,alfa,19.0,17.0,8,2.0,0.0,,2.0,15.0,0.0,16.0,14.2,0.0,1.67,1.8,29.8,47.56,56.38,0,0.0
2020,6,grosjean,17.0,78089.0,,,19,catalunya,haas,13.0,16.0,9,1.0,0.0,,0.0,21.0,0.0,16.0,15.25,1.0,-6.0,0.75,29.8,47.56,56.38,0,0.0
2020,6,hamilton,1.0,76872.0,76013.0,75584.0,1,catalunya,mercedes,2.0,2.0,1,180.0,4.0,0.0,107.0,1.0,3.0,1.33,1.8,0.0,0.0,-0.47,29.8,47.56,56.38,0,0.0
2020,6,kevin_magnussen,16.0,77908.0,,,15,catalunya,haas,17.0,20.0,9,1.0,0.0,,1.0,17.0,0.0,10.0,11.0,2.0,-10.0,-1.0,29.8,47.56,56.38,0,0.0
2020,6,kvyat,12.0,77676.0,77192.0,,12,catalunya,alphatauri,16.0,10.0,7,14.0,0.0,,2.0,16.0,0.0,11.0,11.0,1.0,5.5,0.0,29.8,47.56,56.38,0,0.0
2020,6,latifi,19.0,78532.0,,,18,catalunya,williams,18.0,19.0,10,0.0,0.0,,0.0,19.0,0.0,17.67,16.2,0.0,-0.67,1.47,29.8,47.56,56.38,0,0.0
2020,6,leclerc,9.0,77256.0,76953.0,77087.0,20,catalunya,ferrari,8.0,4.0,3,55.0,0.0,1503.0,45.0,4.0,0.0,6.0,5.0,1.0,0.0,1.0,29.8,47.56,56.38,0,0.0
2020,6,max_verstappen,3.0,77213.0,76518.0,76292.0,2,catalunya,red_bull,4.0,1.0,2,113.0,1.0,708.0,77.0,2.0,1.0,1.67,2.0,1.0,3.0,-0.33,29.8,47.56,56.38,0,0.0
2020,6,norris,8.0,77577.0,77166.0,77084.0,10,catalunya,mclaren,10.0,9.0,4,53.0,0.0,1500.0,38.0,5.0,0.0,9.0,7.0,0.0,-1.33,2.0,29.8,47.56,56.38,0,0.0
2020,6,ocon,15.0,77765.0,77567.0,,13,catalunya,renault,14.0,8.0,6,36.0,0.0,,16.0,10.0,0.0,9.33,9.0,1.0,3.0,0.33,29.8,47.56,56.38,0,0.0
2020,6,perez,4.0,77117.0,76936.0,76482.0,5,catalunya,racing_point,,,5,41.0,0.0,898.0,22.0,8.0,0.0,6.33,6.33,0.0,2.67,0.0,29.8,47.56,56.38,0,0.0
2020,6,raikkonen,14.0,77797.0,77386.0,,14,catalunya,alfa,20.0,15.0,8,2.0,0.0,,0.0,18.0,0.0,15.67,14.5,1.0,3.0,1.17,29.8,47.56,56.38,0,0.0
2020,6,ricciardo,13.0,77667.0,77198.0,,11,catalunya,renault,5.0,14.0,6,36.0,0.0,,20.0,9.0,0.0,8.67,8.5,1.0,-0.67,0.17,29.8,47.56,56.38,0,0.0
2020,6,russell,18.0,78099.0,,,17,catalunya,williams,15.0,18.0,10,0.0,0.0,,0.0,20.0,0.0,16.0,16.0,1.0,-0.33,0.0,29.8,47.56,56.38,0,0.0
2020,6,sainz,7.0,77438.0,76876.0,77044.0,6,catalunya,mclaren,12.0,13.0,4,53.0,0.0,1460.0,15.0,11.0,0.0,11.67,9.8,0.0,-2.33,1.87,29.8,47.56,56.38,0,0.0
2020,6,stroll,5.0,77316.0,76666.0,76589.0,4,catalunya,racing_point,6.0,6.0,5,41.0,0.0,1005.0,28.0,7.0,0.0,6.33,6.5,1.0,-1.33,-0.17,29.8,47.56,56.38,0,0.0
2020,6,vettel,11.0,77573.0,77168.0,,7,catalunya,ferrari,11.0,12.0,3,55.0,0.0,,10.0,13.0,0.0,9.33,9.5,1.0,-0.67,-0.17,29.8,47.56,56.38,0,0.0
2020,7,albon,5.0,103418.0,102193.0,102264.0,6,spa,red_bull,6.0,8.0,2,135.0,1.0,1012.0,40.0,6.0,0.0,7.0,6.0,0.0,2.0,1.0,18.57,29.82,54.85,0,0.0
2020,7,bottas,2.0,102534.0,102126.0,101763.0,2,spa,mercedes,2.0,3.0,1,221.0,5.0,511.0,89.0,3.0,1.0,5.67,4.4,0.0,-4.0,1.27,18.57,29.82,54.85,0,0.0
2020,7,gasly,12.0,103262.0,102745.0,,8,spa,alphatauri,10.0,9.0,7,16.0,0.0,,14.0,13.0,0.0,9.0,10.5,1.0,0.33,-1.5,18.57,29.82,54.85,0,0.0
2020,7,giovinazzi,18.0,103950.0,,,18,spa,alfa,20.0,16.0,8,2.0,0.0,,2.0,15.0,0.0,15.67,15.6,0.0,2.33,0.07,18.57,29.82,54.85,0,0.0
2020,7,grosjean,17.0,103838.0,,,15,spa,haas,17.0,19.0,9,1.0,0.0,,0.0,21.0,0.0,17.0,16.0,1.0,-1.33,1.0,18.57,29.82,54.85,0,0.0
2020,7,hamilton,1.0,102323.0,102014.0,101252.0,1,spa,mercedes,1.0,1.0,1,221.0,5.0,0.0,132.0,1.0,4.0,1.33,1.2,0.0,0.0,0.13,18.57,29.82,54.85,0,0.0
2020,7,kevin_magnussen,20.0,104314.0,,,17,spa,haas,16.0,15.0,9,1.0,0.0,,1.0,17.0,0.0,15.0,12.33,3.0,1.0,2.67,18.57,29.82,54.85,0,0.0
2020,7,kvyat,11.0,103267.0,102730.0,,11,spa,alphatauri,12.0,12.0,7,16.0,0.0,,2.0,16.0,0.0,11.0,11.0,1.0,3.0,0.0,18.57,29.82,54.85,0,0.0
2020,7,latifi,19.0,104138.0,,,16,spa,williams,19.0,18.0,10,0.0,0.0,,0.0,19.0,0.0,17.33,17.6,0.0,1.0,-0.27,18.57,29.82,54.85,0,0.0
2020,7,leclerc,13.0,103656.0,102996.0,,14,spa,ferrari,9.0,20.0,5,61.0,0.0,,45.0,4.0,0.0,3.5,6.0,1.0,2.5,-2.5,18.57,29.82,54.85,0,0.0
2020,7,max_verstappen,3.0,103197.0,102473.0,101778.0,3,spa,red_bull,3.0,2.0,2,135.0,1.0,526.0,95.0,2.0,1.0,1.67,2.0,1.0,1.67,-0.33,18.57,29.82,54.85,0,0.0
2020,7,norris,10.0,103514.0,102722.0,102657.0,7,spa,mclaren,8.0,10.0,4,62.0,0.0,1405.0,39.0,7.0,0.0,8.0,8.4,0.0,-0.33,-0.4,18.57,29.82,54.85,0,0.0
2020,7,ocon,6.0,103505.0,102534.0,102396.0,5,spa,renault,15.0,13.0,6,36.0,0.0,1144.0,16.0,12.0,0.0,9.0,10.25,1.0,3.67,-1.25,18.57,29.82,54.85,0,0.0
2020,7,perez,8.0,103349.0,102670.0,102532.0,10,spa,racing_point,4.0,5.0,3,63.0,0.0,1280.0,32.0,8.0,0.0,6.0,6.0,0.0,2.33,0.0,18.57,29.82,54.85,0,0.0
2020,7,raikkonen,16.0,103743.0,,,12,spa,alfa,14.0,14.0,8,2.0,0.0,,0.0,18.0,0.0,15.33,14.4,1.0,1.33,0.93,18.57,29.82,54.85,0,0.0
2020,7,ricciardo,4.0,103309.0,102487.0,102061.0,4,spa,renault,13.0,11.0,6,36.0,0.0,809.0,20.0,10.0,0.0,9.67,9.0,1.0,-1.0,0.67,18.57,29.82,54.85,0,0.0
2020,7,russell,15.0,103630.0,103468.0,,19,spa,williams,18.0,17.0,10,0.0,0.0,,0.0,20.0,0.0,15.67,16.2,1.0,2.0,-0.53,18.57,29.82,54.85,0,0.0
2020,7,sainz,7.0,103322.0,102478.0,102438.0,20,spa,mclaren,7.0,6.0,4,62.0,0.0,1186.0,23.0,9.0,0.0,10.67,10.0,0.0,-2.0,0.67,18.57,29.82,54.85,0,0.0
2020,7,stroll,9.0,103265.0,102491.0,102603.0,9,spa,racing_point,5.0,4.0,3,63.0,0.0,1351.0,40.0,5.0,0.0,6.33,6.0,1.0,-0.67,0.33,18.57,29.82,54.85,0,0.0
2020,7,vettel,14.0,103567.0,103261.0,,13,spa,ferrari,11.0,7.0,5,61.0,0.0,,16.0,11.0,0.0,9.67,8.75,1.0,1.0,0.92,18.57,29.82,54.85,0,0.0
2020,8,albon,9.0,81104.0,80064.0,80090.0,15,monza,red_bull,5.0,6.0,2,158.0,1.0,1203.0,48.0,4.0,0.0,6.33,6.4,0.0,0.33,-0.07,28.09,41.2,40.12,0,0.0
2020,8,bottas,2.0,79786.0,78952.0,78956.0,5,monza,mercedes,2.0,2.0,1,264.0,6.0,69.0,107.0,3.0,1.0,2.67,4.4,0.0,-1.0,-1.73,28.09,41.2,40.12,0,0.0
2020,8,gasly,10.0,80145.0,79909.0,80177.0,1,monza,alphatauri,12.0,8.0,7,20.0,0.0,1290.0,18.0,12.0,0.0,9.33,8.75,1.0,0.33,0.58,28.09,41.2,40.12,0,0.0
2020,8,giovinazzi,18.0,81206.0,,,16,monza,alfa,18.0,18.0,8,2.0,0.0,,2.0,15.0,0.0,16.5,16.0,0.0,3.0,0.5,28.09,41.2,40.12,0,0.0
2020,8,grosjean,16.0,81139.0,,,12,monza,haas,17.0,15.0,9,1.0,0.0,,0.0,21.0,0.0,16.67,16.4,1.0,-1.0,0.27,28.09,41.2,40.12,0,0.0
2020,8,hamilton,1.0,79514.0,79092.0,78887.0,7,monza,mercedes,1.0,1.0,1,264.0,6.0,0.0,157.0,1.0,5.0,1.33,1.2,0.0,0.0,0.13,28.09,41.2,40.12,0,0.0
2020,8,kevin_magnussen,15.0,80869.0,81573.0,,19,monza,haas,20.0,17.0,9,1.0,0.0,,1.0,17.0,0.0,16.0,14.0,3.0,2.0,2.0,28.09,41.2,40.12,0,0.0
2020,8,kvyat,11.0,80307.0,80169.0,,9,monza,alphatauri,11.0,11.0,7,20.0,0.0,,2.0,16.0,0.0,11.0,11.25,1.0,2.0,-0.25,28.09,41.2,40.12,0,0.0
2020,8,latifi,20.0,81717.0,,,11,monza,williams,19.0,16.0,10,0.0,0.0,,0.0,19.0,0.0,17.67,17.4,0.0,1.0,0.27,28.09,41.2,40.12,0,0.0
2020,8,leclerc,13.0,80443.0,80273.0,,18,monza,ferrari,13.0,14.0,5,61.0,0.0,,45.0,5.0,0.0,9.0,8.0,2.0,1.5,1.0,28.09,41.2,40.12,0,0.0
2020,8,max_verstappen,5.0,80193.0,79780.0,79795.0,17,monza,red_bull,3.0,3.0,2,158.0,1.0,908.0,110.0,2.0,1.0,2.0,2.0,1.0,1.33,0.0,28.09,41.2,40.12,0,0.0
2020,8,norris,6.0,80344.0,79962.0,79820.0,4,monza,mclaren,10.0,7.0,3,68.0,0.0,933.0,45.0,6.0,0.0,8.67,8.8,0.0,0.67,-0.13,28.09,41.2,40.12,0,0.0
2020,8,ocon,12.0,80747.0,80234.0,,8,monza,renault,6.0,5.0,6,59.0,0.0,,26.0,10.0,0.0,8.67,9.2,1.0,3.0,-0.53,28.09,41.2,40.12,0,0.0
2020,8,perez,4.0,80048.0,79718.0,79720.0,10,monza,racing_point,8.0,10.0,4,66.0,0.0,833.0,33.0,9.0,0.0,7.33,6.8,0.0,-2.0,0.53,28.09,41.2,40.12,0,0.0
2020,8,raikkonen,14.0,81010.0,80926.0,,13,monza,alfa,16.0,12.0,8,2.0,0.0,,0.0,18.0,0.0,13.67,14.6,1.0,3.0,-0.93,28.09,41.2,40.12,0,0.0
2020,8,ricciardo,7.0,80548.0,80031.0,79864.0,6,monza,renault,4.0,4.0,6,59.0,0.0,977.0,33.0,8.0,0.0,9.67,8.2,1.0,-2.33,1.47,28.09,41.2,40.12,0,0.0
2020,8,russell,19.0,81587.0,,,14,monza,williams,15.0,19.0,10,0.0,0.0,,0.0,20.0,0.0,17.5,16.25,1.0,-1.0,1.25,28.09,41.2,40.12,0,0.0
2020,8,sainz,3.0,80099.0,79705.0,79695.0,2,monza,mclaren,7.0,20.0,3,68.0,0.0,808.0,23.0,11.0,0.0,9.5,10.25,0.0,0.0,-0.75,28.09,41.2,40.12,0,0.0
2020,8,stroll,8.0,80400.0,79924.0,80049.0,3,monza,racing_point,9.0,9.0,4,66.0,0.0,1162.0,42.0,7.0,0.0,6.33,6.4,1.0,0.33,-0.07,28.09,41.2,40.12,0,0.0
2020,8,vettel,17.0,81151.0,,,20,monza,ferrari,14.0,13.0,5,61.0,0.0,,16.0,13.0,0.0,10.67,9.6,1.0,1.33,1.07,28.09,41.2,40.12,0,0.0
2020,9,albon,4.0,76527.0,75914.0,75954.0,3,mugello,red_bull,9.0,15.0,2,158.0,1.0,810.0,48.0,6.0,0.0,9.67,8.4,0.0,-3.0,1.27,30.17,43.1,39.94,0,0.0
2020,9,bottas,2.0,75749.0,75322.0,75203.0,2,mugello,mercedes,2.0,5.0,1,281.0,6.0,59.0,117.0,2.0,1.0,3.33,4.8,0.0,-1.33,-1.47,30.17,43.1,39.94,0,0.0
2020,9,gasly,16.0,77125.0,,,20,mugello,alphatauri,10.0,1.0,7,47.0,1.0,,43.0,8.0,1.0,6.0,7.2,1.0,4.67,-1.2,30.17,43.1,39.94,0,0.0
2020,9,giovinazzi,17.0,77220.0,,,17,mugello,alfa,18.0,16.0,8,2.0,0.0,,2.0,16.0,0.0,16.0,15.75,1.0,3.0,0.25,30.17,43.1,39.94,0,0.0
2020,9,grosjean,15.0,77069.0,77254.0,,12,mugello,haas,16.0,12.0,9,1.0,0.0,,0.0,20.0,0.0,15.33,15.6,1.0,1.33,-0.27,30.17,43.1,39.94,0,0.0
2020,9,hamilton,1.0,75778.0,75309.0,75144.0,1,mugello,mercedes,1.0,7.0,1,281.0,6.0,0.0,164.0,1.0,5.0,3.0,2.4,0.0,-2.0,0.6,30.17,43.1,39.94,0,0.0
2020,9,kevin_magnussen,20.0,77348.0,,,16,mugello,haas,15.0,19.0,9,1.0,0.0,,1.0,17.0,0.0,16.0,16.0,3.0,2.0,0.0,30.17,43.1,39.94,0,0.0
2020,9,kvyat,12.0,76928.0,76854.0,,7,mugello,alphatauri,11.0,9.0,7,47.0,1.0,,4.0,15.0,0.0,10.67,10.5,1.0,0.67,0.17,30.17,43.1,39.94,0,0.0
2020,9,latifi,19.0,77320.0,,,15,mugello,williams,20.0,11.0,10,0.0,0.0,,0.0,18.0,0.0,15.0,15.8,0.0,4.33,-0.8,30.17,43.1,39.94,0,0.0
2020,9,leclerc,5.0,76698.0,76324.0,76270.0,8,mugello,ferrari,13.0,18.0,6,61.0,0.0,1126.0,45.0,7.0,0.0,14.0,7.0,2.0,-1.0,7.0,30.17,43.1,39.94,0,0.0
2020,9,max_verstappen,3.0,76335.0,75471.0,75509.0,19,mugello,red_bull,5.0,17.0,2,158.0,1.0,365.0,110.0,3.0,1.0,2.5,2.0,1.0,0.5,0.5,30.17,43.1,39.94,0,0.0
2020,9,norris,11.0,76895.0,76640.0,,6,mugello,mclaren,6.0,4.0,3,98.0,0.0,,57.0,5.0,0.0,7.0,7.0,0.0,1.0,0.0,30.17,43.1,39.94,0,0.0
2020,9,ocon,10.0,76825.0,76297.0,,14,mugello,renault,12.0,8.0,5,71.0,0.0,,30.0,12.0,0.0,8.67,8.0,1.0,2.33,0.67,30.17,43.1,39.94,0,0.0
2020,9,perez,6.0,76596.0,76489.0,76311.0,5,mugello,racing_point,4.0,10.0,4,82.0,0.0,1167.0,34.0,11.0,0.0,8.33,7.6,0.0,-3.0,0.73,30.17,43.1,39.94,0,0.0
2020,9,raikkonen,13.0,77059.0,76854.0,,9,mugello,alfa,14.0,13.0,8,2.0,0.0,,0.0,19.0,0.0,13.0,14.2,1.0,1.67,-1.2,30.17,43.1,39.94,0,0.0
2020,9,ricciardo,8.0,76981.0,76243.0,76543.0,4,mugello,renault,7.0,6.0,5,71.0,0.0,1399.0,41.0,10.0,0.0,7.0,7.8,1.0,1.0,-0.8,30.17,43.1,39.94,0,0.0
2020,9,russell,18.0,77232.0,,,11,mugello,williams,19.0,14.0,10,0.0,0.0,,0.0,21.0,0.0,15.5,15.25,2.0,3.0,0.25,30.17,43.1,39.94,0,0.0
2020,9,sainz,9.0,76993.0,76522.0,77870.0,18,mugello,mclaren,3.0,2.0,3,98.0,0.0,2726.0,41.0,9.0,0.0,4.0,8.5,0.0,1.0,-4.5,30.17,43.1,39.94,0,0.0
2020,9,stroll,7.0,76701.0,76271.0,76356.0,13,mugello,racing_point,8.0,3.0,4,82.0,0.0,1212.0,57.0,4.0,0.0,5.33,6.2,1.0,2.0,-0.87,30.17,43.1,39.94,0,0.0
2020,9,vettel,14.0,77072.0,76858.0,,10,mugello,ferrari,17.0,20.0,6,61.0,0.0,,16.0,13.0,0.0,10.0,10.5,1.0,2.5,-0.5,30.17,43.1,39.94,0,0.0
2020,10,albon,10.0,93919.0,93153.0,93008.0,10,sochi,red_bull,4.0,3.0,2,173.0,1.0,1704.0,63.0,5.0,0.0,8.0,7.4,0.0,-2.0,0.6,28.81,40.34,51.36,0,0.0
2020,10,bottas,3.0,92656.0,92405.0,91956.0,1,sochi,mercedes,2.0,2.0,1,325.0,7.0,652.0,135.0,2.0,1.0,3.0,3.0,0.0,-1.0,0.0,28.81,40.34,51.36,0,0.0
2020,10,gasly,9.0,93734.0,93139.0,93000.0,9,sochi,alphatauri,16.0,20.0,7,53.0,1.0,1696.0,43.0,10.0,1.0,4.5,7.25,1.0,6.5,-2.75,28.81,40.34,51.36,0,0.0
2020,10,giovinazzi,17.0,94594.0,,,11,sochi,alfa,17.0,17.0,8,4.0,0.0,,2.0,17.0,0.0,16.0,16.33,1.0,2.0,-0.33,28.81,40.34,51.36,0,0.0
2020,10,grosjean,16.0,94592.0,,,17,sochi,haas,15.0,12.0,9,1.0,0.0,,0.0,21.0,0.0,13.0,14.8,1.0,3.0,-1.8,28.81,40.34,51.36,0,0.0
2020,10,hamilton,1.0,92983.0,92835.0,91304.0,3,sochi,mercedes,1.0,1.0,1,325.0,7.0,0.0,190.0,1.0,6.0,3.0,2.4,0.0,-2.0,0.6,28.81,40.34,51.36,0,0.0
2020,10,kevin_magnussen,18.0,94681.0,,,12,sochi,haas,20.0,16.0,9,1.0,0.0,,1.0,18.0,0.0,17.0,16.0,4.0,3.0,1.0,28.81,40.34,51.36,0,0.0
2020,10,kvyat,12.0,93511.0,93249.0,,8,sochi,alphatauri,12.0,7.0,7,53.0,1.0,,10.0,14.0,0.0,9.0,9.8,1.0,2.33,-0.8,28.81,40.34,51.36,0,0.0
2020,10,latifi,19.0,95066.0,,,16,sochi,williams,19.0,15.0,10,0.0,0.0,,0.0,19.0,0.0,13.5,16.0,0.0,6.0,-2.5,28.81,40.34,51.36,0,0.0
2020,10,leclerc,11.0,94071.0,93239.0,,6,sochi,ferrari,5.0,8.0,6,66.0,0.0,,49.0,8.0,0.0,11.0,8.67,3.0,-2.0,2.33,28.81,40.34,51.36,0,0.0
2020,10,max_verstappen,2.0,93630.0,93157.0,91867.0,2,sochi,red_bull,3.0,19.0,2,173.0,1.0,563.0,110.0,3.0,1.0,3.0,2.0,2.0,0.0,1.0,28.81,40.34,51.36,0,0.0
2020,10,norris,8.0,93804.0,93081.0,92847.0,15,sochi,mclaren,11.0,6.0,3,106.0,0.0,1543.0,65.0,4.0,0.0,5.67,7.2,0.0,3.33,-1.53,28.81,40.34,51.36,0,0.0
2020,10,ocon,7.0,93557.0,93196.0,92624.0,7,sochi,renault,10.0,14.0,5,83.0,0.0,1320.0,30.0,12.0,0.0,6.5,8.5,1.0,2.5,-2.0,28.81,40.34,51.36,0,0.0
2020,10,perez,4.0,93704.0,93038.0,92317.0,4,sochi,racing_point,7.0,5.0,4,92.0,0.0,1013.0,44.0,9.0,0.0,8.33,7.4,0.0,-2.0,0.93,28.81,40.34,51.36,0,0.0
2020,10,raikkonen,20.0,95267.0,,,14,sochi,alfa,13.0,9.0,8,4.0,0.0,,2.0,16.0,0.0,11.33,12.6,1.0,3.0,-1.27,28.81,40.34,51.36,0,0.0
2020,10,ricciardo,5.0,93650.0,92218.0,92364.0,5,sochi,renault,8.0,4.0,5,83.0,0.0,1060.0,53.0,7.0,0.0,4.67,7.8,1.0,1.67,-3.13,28.81,40.34,51.36,0,0.0
2020,10,russell,14.0,94020.0,93583.0,,18,sochi,williams,18.0,11.0,10,0.0,0.0,,0.0,20.0,0.0,12.5,15.0,2.0,6.0,-2.5,28.81,40.34,51.36,0,0.0
2020,10,sainz,6.0,93967.0,92757.0,92550.0,19,sochi,mclaren,9.0,18.0,3,106.0,0.0,1246.0,41.0,11.0,0.0,2.0,7.0,0.0,1.0,-5.0,28.81,40.34,51.36,0,0.0
2020,10,stroll,13.0,93852.0,93364.0,,20,sochi,racing_point,6.0,13.0,4,92.0,0.0,,57.0,6.0,0.0,6.0,5.5,1.0,2.5,0.5,28.81,40.34,51.36,0,0.0
2020,10,vettel,15.0,94134.0,93609.0,,13,sochi,ferrari,14.0,10.0,6,66.0,0.0,,17.0,13.0,0.0,11.5,10.5,2.0,2.5,1.0,28.81,40.34,51.36,0,0.0
2020,11,albon,5.0,87126.0,86285.0,86047.0,17,nurburgring,red_bull,15.0,10.0,2,192.0,1.0,778.0,64.0,5.0,0.0,9.33,8.4,0.0,0.0,0.93,9.5,16.36,59.4,0,2.0
2020,11,bottas,1.0,86573.0,85971.0,85269.0,19,nurburgring,mercedes,3.0,1.0,1,366.0,8.0,0.0,161.0,2.0,2.0,2.67,2.6,0.0,-0.33,0.07,9.5,16.36,59.4,0,2.0
2020,11,gasly,12.0,87072.0,86776.0,,6,nurburgring,alphatauri,9.0,9.0,7,59.0,1.0,,45.0,10.0,1.0,5.0,6.75,2.0,4.5,-1.75,9.5,16.36,59.4,0,2.0
2020,11,giovinazzi,14.0,87532.0,86936.0,,10,nurburgring,alfa,17.0,11.0,8,4.0,0.0,,2.0,17.0,0.0,13.5,14.33,2.0,4.0,-0.83,9.5,16.36,59.4,0,2.0
2020,11,grosjean,16.0,87552.0,,,9,nurburgring,haas,16.0,17.0,9,1.0,0.0,,0.0,21.0,0.0,13.67,15.0,1.0,2.0,-1.33,9.5,16.36,59.4,0,2.0
2020,11,hamilton,2.0,86620.0,85390.0,85525.0,1,nurburgring,mercedes,1.0,3.0,1,366.0,8.0,256.0,205.0,1.0,6.0,3.67,2.6,0.0,-2.67,1.07,9.5,16.36,59.4,0,2.0
2020,11,hulkenberg,20.0,88021.0,,,8,nurburgring,racing_point,,,4,104.0,0.0,,6.0,15.0,0.0,7.0,7.0,0.0,-4.0,0.0,9.5,16.36,59.4,0,2.0
2020,11,kevin_magnussen,15.0,87231.0,87125.0,,13,nurburgring,haas,18.0,12.0,9,1.0,0.0,,1.0,18.0,0.0,12.0,14.67,5.0,6.0,-2.67,9.5,16.36,59.4,0,2.0
2020,11,kvyat,13.0,87285.0,86848.0,,15,nurburgring,alphatauri,11.0,8.0,7,59.0,1.0,,14.0,14.0,0.0,8.0,9.4,1.0,3.33,-1.4,9.5,16.36,59.4,0,2.0
2020,11,latifi,18.0,87812.0,,,14,nurburgring,williams,20.0,16.0,10,0.0,0.0,,0.0,19.0,0.0,13.5,15.25,1.0,6.5,-1.75,9.5,16.36,59.4,0,2.0
2020,11,leclerc,4.0,86857.0,86240.0,86035.0,7,nurburgring,ferrari,10.0,6.0,6,74.0,0.0,766.0,57.0,7.0,0.0,7.0,9.33,3.0,0.5,-2.33,9.5,16.36,59.4,0,2.0
2020,11,max_verstappen,3.0,86319.0,85467.0,85562.0,2,nurburgring,red_bull,2.0,2.0,2,192.0,1.0,293.0,128.0,3.0,1.0,2.0,2.33,3.0,0.0,-0.33,9.5,16.36,59.4,0,2.0
2020,11,norris,8.0,86829.0,86316.0,86458.0,16,nurburgring,mclaren,8.0,15.0,3,106.0,0.0,1189.0,65.0,4.0,0.0,8.33,8.4,0.0,0.0,-0.07,9.5,16.36,59.4,0,2.0
2020,11,ocon,7.0,87086.0,86364.0,86242.0,18,nurburgring,renault,7.0,7.0,5,99.0,0.0,973.0,36.0,12.0,0.0,7.5,8.25,2.0,2.0,-0.75,9.5,16.36,59.4,0,2.0
2020,11,perez,9.0,87120.0,86330.0,86704.0,4,nurburgring,racing_point,4.0,4.0,4,104.0,0.0,1435.0,56.0,9.0,0.0,6.33,6.8,0.0,-1.33,-0.47,9.5,16.36,59.4,0,2.0
2020,11,raikkonen,19.0,87817.0,,,12,nurburgring,alfa,19.0,14.0,8,4.0,0.0,,2.0,16.0,0.0,12.0,12.4,1.0,3.33,-0.4,9.5,16.36,59.4,0,2.0
2020,11,ricciardo,6.0,86836.0,86096.0,86223.0,3,nurburgring,renault,5.0,5.0,5,99.0,0.0,954.0,63.0,6.0,0.0,5.0,6.0,1.0,1.67,-1.0,9.5,16.36,59.4,0,2.0
2020,11,russell,17.0,87564.0,,,20,nurburgring,williams,13.0,18.0,10,0.0,0.0,,0.0,20.0,0.0,14.33,15.0,2.0,2.33,-0.67,9.5,16.36,59.4,0,2.0
2020,11,sainz,10.0,87378.0,86361.0,86709.0,5,nurburgring,mclaren,6.0,19.0,3,106.0,0.0,1440.0,41.0,11.0,0.0,2.0,4.0,1.0,1.0,-2.0,9.5,16.36,59.4,0,2.0
2020,11,vettel,11.0,87107.0,86738.0,,11,nurburgring,ferrari,14.0,13.0,6,74.0,0.0,,17.0,13.0,0.0,11.5,10.75,2.0,2.5,0.75,9.5,16.36,59.4,0,2.0
2020,12,albon,6.0,77435.0,77411.0,77437.0,12,portimao,red_bull,5.0,17.0,2,211.0,1.0,785.0,64.0,7.0,0.0,6.5,8.5,0.0,3.0,-2.0,20.51,25.72,67.53,0,0.0
2020,12,bottas,2.0,76945.0,76466.0,76754.0,2,portimao,mercedes,1.0,19.0,1,391.0,9.0,102.0,161.0,2.0,2.0,1.5,2.5,0.0,1.0,-1.0,20.51,25.72,67.53,0,0.0
2020,12,gasly,9.0,77209.0,77367.0,77803.0,5,portimao,alphatauri,12.0,6.0,7,67.0,1.0,1151.0,53.0,10.0,1.0,7.5,6.0,2.0,3.0,1.5,20.51,25.72,67.53,0,0.0
2020,12,giovinazzi,17.0,78323.0,,,15,portimao,alfa,14.0,10.0,8,5.0,0.0,,3.0,16.0,0.0,10.5,12.33,2.0,5.0,-1.83,20.51,25.72,67.53,0,0.0
2020,12,grosjean,18.0,78364.0,,,17,portimao,haas,16.0,9.0,9,3.0,0.0,,2.0,18.0,0.0,12.67,13.0,1.0,3.0,-0.33,20.51,25.72,67.53,0,0.0
2020,12,hamilton,1.0,76828.0,76824.0,76652.0,1,portimao,mercedes,2.0,1.0,1,391.0,9.0,0.0,230.0,1.0,7.0,1.67,2.6,0.0,-0.33,-0.93,20.51,25.72,67.53,0,0.0
2020,12,kevin_magnussen,19.0,78508.0,,,16,portimao,haas,15.0,13.0,9,3.0,0.0,,1.0,19.0,0.0,12.5,14.0,5.0,4.0,-1.5,20.51,25.72,67.53,0,0.0
2020,12,kvyat,13.0,77841.0,77728.0,,19,portimao,alphatauri,13.0,15.0,7,67.0,1.0,,14.0,14.0,0.0,10.0,10.0,1.0,2.0,0.0,20.51,25.72,67.53,0,0.0
2020,12,latifi,20.0,78777.0,,,18,portimao,williams,18.0,14.0,10,0.0,0.0,,0.0,20.0,0.0,15.0,14.25,1.0,4.0,0.75,20.51,25.72,67.53,0,0.0
2020,12,leclerc,4.0,77421.0,77367.0,77090.0,4,portimao,ferrari,4.0,7.0,6,80.0,0.0,438.0,63.0,8.0,0.0,7.0,8.75,3.0,-0.67,-1.75,20.51,25.72,67.53,0,0.0
2020,12,max_verstappen,3.0,76879.0,77038.0,76904.0,3,portimao,red_bull,3.0,2.0,2,211.0,1.0,252.0,147.0,3.0,1.0,2.0,2.33,3.0,0.5,-0.33,20.51,25.72,67.53,0,0.0
2020,12,norris,8.0,77547.0,77321.0,77525.0,13,portimao,mclaren,8.0,16.0,4,116.0,0.0,873.0,65.0,6.0,0.0,10.5,8.0,0.0,-1.0,2.5,20.51,25.72,67.53,0,0.0
2020,12,ocon,11.0,77775.0,77614.0,,8,portimao,renault,7.0,18.0,5,114.0,0.0,,36.0,12.0,0.0,7.0,6.67,2.0,0.0,0.33,20.51,25.72,67.53,0,0.0
2020,12,perez,5.0,77370.0,77129.0,77223.0,7,portimao,racing_point,9.0,4.0,3,120.0,0.0,571.0,68.0,5.0,0.0,4.33,6.6,0.0,2.33,-2.27,20.51,25.72,67.53,0,0.0
2020,12,raikkonen,16.0,78201.0,,,11,portimao,alfa,19.0,12.0,8,5.0,0.0,,2.0,17.0,0.0,11.67,12.0,1.0,5.33,-0.33,20.51,25.72,67.53,0,0.0
2020,12,ricciardo,10.0,77621.0,77481.0,,9,portimao,renault,6.0,3.0,5,114.0,0.0,,78.0,4.0,0.0,4.0,4.4,1.0,2.33,-0.4,20.51,25.72,67.53,0,0.0
2020,12,russell,14.0,77931.0,77788.0,,14,portimao,williams,17.0,20.0,10,0.0,0.0,,0.0,21.0,0.0,14.5,14.33,2.0,1.0,0.17,20.51,25.72,67.53,0,0.0
2020,12,sainz,7.0,77627.0,77183.0,77520.0,6,portimao,mclaren,10.0,5.0,4,116.0,0.0,868.0,51.0,11.0,0.0,5.0,3.5,2.0,5.0,1.5,20.51,25.72,67.53,0,0.0
2020,12,stroll,12.0,77667.0,77626.0,,20,portimao,racing_point,,,3,120.0,0.0,,57.0,9.0,0.0,3.0,5.33,2.0,5.0,-2.33,20.51,25.72,67.53,0,0.0
2020,12,vettel,15.0,77446.0,77919.0,,10,portimao,ferrari,11.0,11.0,6,80.0,0.0,,17.0,13.0,0.0,11.33,11.75,2.0,1.67,-0.42,20.51,25.72,67.53,0,0.0
2020,13,albon,6.0,75402.0,74745.0,74572.0,15,imola,red_bull,6.0,12.0,2,226.0,1.0,963.0,64.0,8.0,0.0,11.0,10.0,1.0,-0.5,1.0,18.03,23.26,71.14,0,0.0
2020,13,bottas,1.0,74221.0,74585.0,73609.0,2,imola,mercedes,2.0,2.0,1,435.0,10.0,0.0,179.0,2.0,2.0,1.5,2.5,1.0,1.0,-1.0,18.03,23.26,71.14,0,0.0
2020,13,gasly,4.0,75183.0,74681.0,74502.0,20,imola,alphatauri,9.0,5.0,7,77.0,1.0,893.0,63.0,9.0,1.0,6.67,5.25,2.0,3.33,1.42,18.03,23.26,71.14,0,0.0
2020,13,giovinazzi,20.0,76208.0,,,10,imola,alfa,17.0,15.0,8,5.0,0.0,,3.0,16.0,0.0,12.0,13.0,2.0,4.0,-1.0,18.03,23.26,71.14,0,0.0
2020,13,grosjean,16.0,75918.0,,,14,imola,haas,18.0,17.0,9,3.0,0.0,,2.0,18.0,0.0,14.33,13.4,1.0,2.33,0.93,18.03,23.26,71.14,0,0.0
2020,13,hamilton,2.0,74229.0,74643.0,73706.0,1,imola,mercedes,1.0,1.0,1,435.0,10.0,97.0,256.0,1.0,8.0,1.67,2.6,0.0,-0.33,-0.93,18.03,23.26,71.14,0,0.0
2020,13,kevin_magnussen,17.0,75939.0,,,18,imola,haas,19.0,16.0,9,3.0,0.0,,1.0,19.0,0.0,13.67,13.67,5.0,3.67,0.0,18.03,23.26,71.14,0,0.0
2020,13,kvyat,8.0,75412.0,75022.0,74696.0,4,imola,alphatauri,13.0,19.0,7,77.0,1.0,1087.0,14.0,14.0,0.0,14.0,11.6,1.0,-1.67,2.4,18.03,23.26,71.14,0,0.0
2020,13,latifi,19.0,75987.0,,,11,imola,williams,20.0,18.0,10,0.0,0.0,,0.0,20.0,0.0,16.0,14.75,1.0,3.33,1.25,18.03,23.26,71.14,0,0.0
2020,13,leclerc,7.0,75123.0,75017.0,74616.0,5,imola,ferrari,4.0,4.0,6,93.0,0.0,1007.0,75.0,5.0,0.0,5.67,6.25,3.0,0.33,-0.58,18.03,23.26,71.14,0,0.0
2020,13,max_verstappen,3.0,75034.0,74974.0,74176.0,17,imola,red_bull,3.0,3.0,2,226.0,1.0,567.0,162.0,3.0,1.0,2.33,2.33,3.0,0.33,0.0,18.03,23.26,71.14,0,0.0
2020,13,norris,9.0,75274.0,75051.0,74814.0,8,imola,mclaren,8.0,13.0,4,124.0,0.0,1205.0,65.0,7.0,0.0,14.0,9.5,1.0,-6.0,4.5,18.03,23.26,71.14,0,0.0
2020,13,ocon,12.0,75352.0,75201.0,,19,imola,renault,11.0,8.0,5,120.0,0.0,,40.0,12.0,0.0,7.5,7.67,3.0,1.5,-0.17,18.03,23.26,71.14,0,0.0
2020,13,perez,11.0,75407.0,75061.0,,6,imola,racing_point,5.0,7.0,3,126.0,0.0,,74.0,6.0,0.0,5.0,6.0,0.0,1.0,-1.0,18.03,23.26,71.14,0,0.0
2020,13,raikkonen,18.0,75953.0,,,9,imola,alfa,16.0,11.0,8,5.0,0.0,,2.0,17.0,0.0,12.33,11.8,1.0,5.67,0.53,18.03,23.26,71.14,0,0.0
2020,13,ricciardo,5.0,75474.0,74953.0,74520.0,3,imola,renault,10.0,9.0,5,120.0,0.0,911.0,80.0,4.0,0.0,5.67,5.4,1.0,1.33,0.27,18.03,23.26,71.14,0,0.0
2020,13,russell,13.0,75760.0,75323.0,,16,imola,williams,14.0,14.0,10,0.0,0.0,,0.0,21.0,0.0,16.0,14.25,3.0,-2.5,1.75,18.03,23.26,71.14,0,0.0
2020,13,sainz,10.0,75528.0,75027.0,74911.0,7,imola,mclaren,7.0,6.0,4,124.0,0.0,1302.0,59.0,10.0,0.0,5.5,4.33,2.0,3.0,1.17,18.03,23.26,71.14,0,0.0
2020,13,stroll,15.0,75822.0,75494.0,,13,imola,racing_point,12.0,20.0,3,126.0,0.0,,57.0,11.0,0.0,,6.0,2.0,,,18.03,23.26,71.14,0,0.0
2020,13,vettel,14.0,75571.0,75385.0,,12,imola,ferrari,15.0,10.0,6,93.0,0.0,,18.0,13.0,0.0,11.33,11.0,2.0,2.0,0.33,18.03,23.26,71.14,0,0.0
2020,14,albon,4.0,119431.0,112282.0,110448.0,7,istanbul,red_bull,6.0,15.0,2,226.0,1.0,2683.0,64.0,9.0,0.0,13.5,10.0,1.0,-7.5,3.5,13.1,15.21,80.16,0,4.3
2020,14,bottas,9.0,127001.0,113767.0,113258.0,14,istanbul,mercedes,1.0,2.0,1,479.0,11.0,5493.0,197.0,2.0,2.0,2.0,1.75,1.0,-0.5,0.25,13.1,15.21,80.16,0,4.3
2020,14,gasly,15.0,125579.0,118556.0,,13,istanbul,alphatauri,4.0,20.0,7,89.0,1.0,,63.0,10.0,1.0,5.5,6.67,2.0,5.0,-1.17,13.1,15.21,80.16,0,4.3
2020,14,giovinazzi,10.0,127341.0,113431.0,117226.0,20,istanbul,alfa,20.0,10.0,8,8.0,0.0,9461.0,4.0,17.0,0.0,11.67,11.5,2.0,5.33,0.17,13.1,15.21,80.16,0,4.3
2020,14,grosjean,19.0,132909.0,,,18,istanbul,haas,16.0,14.0,9,3.0,0.0,,2.0,18.0,0.0,13.33,13.8,1.0,3.33,-0.47,13.1,15.21,80.16,0,4.3
2020,14,hamilton,6.0,127599.0,112709.0,112560.0,1,istanbul,mercedes,2.0,1.0,1,479.0,11.0,4795.0,282.0,1.0,9.0,1.0,1.4,0.0,0.67,-0.4,13.1,15.21,80.16,0,4.3
2020,14,kevin_magnussen,16.0,128007.0,,,17,istanbul,haas,17.0,18.0,9,3.0,0.0,,1.0,19.0,0.0,14.5,13.67,5.0,2.5,0.83,13.1,15.21,80.16,0,4.3
2020,14,kvyat,17.0,129070.0,,,12,istanbul,alphatauri,8.0,4.0,7,89.0,1.0,,26.0,13.0,0.0,12.67,10.6,1.0,-1.33,2.07,13.1,15.21,80.16,0,4.3
2020,14,latifi,20.0,141611.0,,,19,istanbul,williams,19.0,11.0,10,0.0,0.0,,0.0,20.0,0.0,14.33,14.75,1.0,4.67,-0.42,13.1,15.21,80.16,0,4.3
2020,14,leclerc,14.0,124464.0,116696.0,,4,istanbul,ferrari,7.0,5.0,6,103.0,0.0,,85.0,5.0,0.0,5.33,6.0,3.0,-0.33,-0.67,13.1,15.21,80.16,0,4.3
2020,14,max_verstappen,2.0,117485.0,110293.0,108055.0,6,istanbul,red_bull,3.0,17.0,2,226.0,1.0,290.0,162.0,3.0,1.0,2.5,2.33,3.0,0.5,0.17,13.1,15.21,80.16,0,4.3
2020,14,norris,11.0,127167.0,114945.0,,8,istanbul,mclaren,9.0,8.0,4,134.0,0.0,,69.0,7.0,0.0,10.5,10.5,1.0,-2.0,0.0,13.1,15.21,80.16,0,4.3
2020,14,ocon,7.0,126115.0,113657.0,112622.0,11,istanbul,renault,12.0,19.0,3,135.0,0.0,4857.0,40.0,12.0,0.0,8.0,7.5,3.0,3.0,0.5,13.1,15.21,80.16,0,4.3
2020,14,perez,3.0,127614.0,114097.0,109321.0,2,istanbul,racing_point,11.0,6.0,5,134.0,0.0,1556.0,82.0,6.0,0.0,5.67,5.2,0.0,2.67,0.47,13.1,15.21,80.16,0,4.3
2020,14,raikkonen,8.0,121249.0,113793.0,112745.0,15,istanbul,alfa,18.0,9.0,8,8.0,0.0,4980.0,4.0,16.0,0.0,10.67,11.0,1.0,7.0,-0.33,13.1,15.21,80.16,0,4.3
2020,14,ricciardo,5.0,125598.0,114278.0,111595.0,10,istanbul,renault,5.0,3.0,3,135.0,0.0,3830.0,95.0,4.0,0.0,5.0,4.8,1.0,2.0,0.2,13.1,15.21,80.16,0,4.3
2020,14,russell,18.0,130017.0,,,16,istanbul,williams,13.0,16.0,10,0.0,0.0,,0.0,21.0,0.0,14.0,14.33,3.0,0.0,-0.33,13.1,15.21,80.16,0,4.3
2020,14,sainz,13.0,127489.0,115410.0,,5,istanbul,mclaren,10.0,7.0,4,134.0,0.0,,65.0,8.0,0.0,6.0,6.0,2.0,3.0,0.0,13.1,15.21,80.16,0,4.3
2020,14,stroll,1.0,127467.0,113372.0,107765.0,9,istanbul,racing_point,15.0,13.0,5,134.0,0.0,0.0,57.0,11.0,0.0,13.0,8.0,3.0,2.0,5.0,13.1,15.21,80.16,0,4.3
2020,14,vettel,12.0,123356.0,115169.0,,3,istanbul,ferrari,14.0,12.0,6,103.0,0.0,,18.0,14.0,0.0,11.0,11.2,2.0,2.33,-0.2,13.1,15.21,80.16,0,4.3
2020,15,albon,4.0,88732.0,88749.0,88274.0,3,bahrain,red_bull,4.0,7.0,2,240.0,1.0,1010.0,70.0,9.0,0.0,11.33,11.0,1.0,-6.0,0.33,25.1,27.55,67.85,0,0.0
2020,15,bottas,2.0,88767.0,88063.0,87553.0,8,bahrain,mercedes,9.0,14.0,1,504.0,12.0,289.0,197.0,2.0,2.0,6.0,4.75,1.0,-2.0,1.25,25.1,27.55,67.85,0,0.0
2020,15,gasly,8.0,88971.0,89008.0,88448.0,6,bahrain,alphatauri,19.0,13.0,7,89.0,1.0,1184.0,63.0,10.0,1.0,9.0,8.25,3.0,5.0,0.75,25.1,27.55,67.85,0,0.0
2020,15,giovinazzi,16.0,89491.0,,,16,bahrain,alfa,10.0,20.0,8,8.0,0.0,,4.0,17.0,0.0,12.5,11.5,2.0,6.0,1.0,25.1,27.55,67.85,0,0.0
2020,15,grosjean,19.0,90138.0,,,20,bahrain,haas,17.0,18.0,9,3.0,0.0,,2.0,18.0,0.0,15.5,14.25,1.0,1.5,1.25,25.1,27.55,67.85,0,0.0
2020,15,hamilton,1.0,88343.0,87586.0,87264.0,1,bahrain,mercedes,6.0,1.0,1,504.0,12.0,0.0,307.0,1.0,10.0,1.0,1.4,0.0,2.0,-0.4,25.1,27.55,67.85,0,0.0
2020,15,kevin_magnussen,18.0,90111.0,,,17,bahrain,haas,13.0,17.0,9,3.0,0.0,,1.0,19.0,0.0,16.5,14.5,6.0,-0.5,2.0,25.1,27.55,67.85,0,0.0
2020,15,kvyat,10.0,89158.0,88944.0,88618.0,11,bahrain,alphatauri,16.0,12.0,7,89.0,1.0,1354.0,26.0,14.0,0.0,11.67,11.6,1.0,0.67,0.07,25.1,27.55,67.85,0,0.0
2020,15,latifi,20.0,90182.0,,,14,bahrain,williams,0.0,19.0,10,0.0,0.0,,0.0,20.0,0.0,14.5,14.75,1.0,5.0,-0.25,25.1,27.55,67.85,0,0.0
2020,15,leclerc,12.0,89137.0,89165.0,,10,bahrain,ferrari,12.0,4.0,6,130.0,0.0,,97.0,5.0,0.0,4.33,5.2,3.0,3.33,-0.87,25.1,27.55,67.85,0,0.0
2020,15,max_verstappen,3.0,88885.0,88025.0,87678.0,2,bahrain,red_bull,2.0,6.0,2,240.0,1.0,414.0,170.0,3.0,1.0,4.5,3.25,4.0,-2.0,1.25,25.1,27.55,67.85,0,0.0
2020,15,norris,9.0,89464.0,88877.0,88542.0,4,bahrain,mclaren,14.0,8.0,4,149.0,0.0,1278.0,74.0,8.0,0.0,9.67,11.0,1.0,0.67,-1.33,25.1,27.55,67.85,0,0.0
2020,15,ocon,7.0,89203.0,88937.0,88419.0,9,bahrain,renault,7.0,11.0,5,136.0,0.0,1155.0,40.0,12.0,0.0,9.5,8.67,4.0,-0.5,0.83,25.1,27.55,67.85,0,0.0
2020,15,perez,5.0,89178.0,88894.0,88322.0,18,bahrain,racing_point,3.0,2.0,3,154.0,0.0,1058.0,100.0,4.0,0.0,5.0,4.6,0.0,1.33,0.4,25.1,27.55,67.85,0,0.0
2020,15,raikkonen,17.0,89810.0,,,15,bahrain,alfa,8.0,15.0,8,8.0,0.0,,4.0,16.0,0.0,11.67,12.2,1.0,2.33,-0.53,25.1,27.55,67.85,0,0.0
2020,15,ricciardo,6.0,89005.0,88648.0,88417.0,7,bahrain,renault,5.0,10.0,5,136.0,0.0,1153.0,96.0,6.0,0.0,7.33,6.0,1.0,-0.67,1.33,25.1,27.55,67.85,0,0.0
2020,15,russell,14.0,89294.0,91218.0,,12,bahrain,williams,0.0,16.0,10,0.0,0.0,,0.0,21.0,0.0,15.0,16.0,4.0,-8.0,-1.0,25.1,27.55,67.85,0,0.0
2020,15,sainz,15.0,88975.0,,,5,bahrain,mclaren,15.0,5.0,4,149.0,0.0,,75.0,7.0,0.0,6.0,5.75,2.0,4.67,0.25,25.1,27.55,67.85,0,0.0
2020,15,stroll,13.0,88679.0,89557.0,,19,bahrain,racing_point,1.0,9.0,3,154.0,0.0,,59.0,11.0,0.0,11.0,11.0,3.0,-3.0,0.0,25.1,27.55,67.85,0,0.0
2020,15,vettel,11.0,89142.0,89149.0,,13,bahrain,ferrari,11.0,3.0,6,130.0,0.0,,33.0,13.0,0.0,8.33,9.8,2.0,5.0,-1.47,25.1,27.55,67.85,0,0.0
2020,16,aitken,18.0,,,,16,bahrain,williams,,,10,0.0,0.0,,,,,,,,,,20.95,23.47,58.17,0,0.0
2020,16,albon,12.0,,,,6,bahrain,red_bull,4.0,3.0,2,274.0,1.0,,85.0,9.0,0.0,8.33,9.25,1.0,-3.67,-0.92,20.95,23.47,58.17,0,0.0
2020,16,bottas,1.0,,,,8,bahrain,mercedes,2.0,8.0,1,533.0,13.0,,201.0,2.0,2.0,8.0,6.5,1.0,-4.0,1.5,20.95,23.47,58.17,0,0.0
2020,16,gasly,9.0,,,,11,bahrain,alphatauri,8.0,6.0,7,97.0,1.0,,71.0,10.0,1.0,9.5,7.5,3.0,4.0,2.0,20.95,23.47,58.17,0,0.0
2020,16,giovinazzi,14.0,,,,13,bahrain,alfa,16.0,16.0,8,8.0,0.0,,4.0,17.0,0.0,13.0,12.75,3.0,5.0,0.25,20.95,23.47,58.17,0,0.0
2020,16,kevin_magnussen,16.0,,,,15,bahrain,haas,18.0,17.0,9,3.0,0.0,,1.0,19.0,0.0,17.0,15.75,6.0,-1.5,1.25,20.95,23.47,58.17,0,0.0
2020,16,kvyat,6.0,,,,7,bahrain,alphatauri,10.0,11.0,7,97.0,1.0,,26.0,14.0,0.0,9.0,12.2,1.0,2.33,-3.2,20.95,23.47,58.17,0,0.0
2020,16,latifi,17.0,,,,18,bahrain,williams,20.0,14.0,10,0.0,0.0,,0.0,20.0,0.0,12.5,14.25,2.0,7.0,-1.75,20.95,23.47,58.17,0,0.0
2020,16,leclerc,4.0,,,,20,bahrain,ferrari,12.0,10.0,6,131.0,0.0,,98.0,6.0,0.0,6.33,6.0,3.0,4.0,0.33,20.95,23.47,58.17,0,0.0
2020,16,max_verstappen,3.0,,,,19,bahrain,red_bull,3.0,2.0,2,274.0,1.0,,189.0,3.0,1.0,4.0,3.25,4.0,-1.5,0.75,20.95,23.47,58.17,0,0.0
2020,16,norris,15.0,,,,10,bahrain,mclaren,9.0,4.0,3,171.0,0.0,,86.0,7.0,0.0,6.67,8.25,1.0,4.0,-1.58,20.95,23.47,58.17,0,0.0
2020,16,ocon,11.0,,,,2,bahrain,renault,7.0,9.0,5,144.0,0.0,,42.0,12.0,0.0,10.0,9.33,4.0,-3.0,0.67,20.95,23.47,58.17,0,0.0
2020,16,perez,5.0,,,,1,bahrain,racing_point,5.0,18.0,4,154.0,0.0,,100.0,5.0,0.0,8.67,7.4,0.0,-2.33,1.27,20.95,23.47,58.17,0,0.0
2020,16,pietro_fittipaldi,20.0,,,,17,bahrain,haas,,,9,3.0,0.0,,,,,,,,,,20.95,23.47,58.17,0,0.0
2020,16,raikkonen,19.0,,,,14,bahrain,alfa,17.0,15.0,8,8.0,0.0,,4.0,16.0,0.0,13.0,12.4,1.0,1.33,0.6,20.95,23.47,58.17,0,0.0
2020,16,ricciardo,7.0,,,,5,bahrain,renault,6.0,7.0,5,144.0,0.0,,102.0,4.0,0.0,6.67,6.4,1.0,-1.33,0.27,20.95,23.47,58.17,0,0.0
2020,16,russell,2.0,,,,9,bahrain,mercedes,14.0,12.0,1,533.0,13.0,,0.0,21.0,0.0,14.0,14.0,4.0,-7.0,0.0,20.95,23.47,58.17,0,0.0
2020,16,sainz,8.0,,,,4,bahrain,mclaren,15.0,5.0,3,171.0,0.0,,85.0,8.0,0.0,5.67,5.6,2.0,7.67,0.07,20.95,23.47,58.17,0,0.0
2020,16,stroll,10.0,,,,3,bahrain,racing_point,13.0,19.0,4,154.0,0.0,,59.0,11.0,0.0,11.0,11.0,3.0,-3.0,0.0,20.95,23.47,58.17,0,0.0
2020,16,vettel,13.0,,,,12,bahrain,ferrari,11.0,13.0,6,131.0,0.0,,33.0,13.0,0.0,9.33,9.8,2.0,2.67,-0.47,20.95,23.47,58.17,0,0.0
2020,17,albon,5.0,96106.0,95654.0,95571.0,4,yas_marina,red_bull,12.0,6.0,2,282.0,1.0,325.0,93.0,8.0,0.0,5.33,8.6,1.0,1.33,-3.27,23.12,27.98,55.45,0,0.0
2020,17,bottas,2.0,95699.0,95527.0,95271.0,2,yas_marina,mercedes,1.0,8.0,1,540.0,13.0,25.0,205.0,2.0,2.0,10.0,6.8,1.0,-6.0,3.2,23.12,27.98,55.45,0,0.0
2020,17,gasly,10.0,96545.0,96282.0,96242.0,8,yas_marina,alphatauri,9.0,11.0,7,103.0,1.0,996.0,71.0,11.0,1.0,10.0,8.75,3.0,2.0,1.25,23.12,27.98,55.45,0,0.0
2020,17,giovinazzi,14.0,97075.0,98248.0,,16,yas_marina,alfa,14.0,13.0,8,8.0,0.0,,4.0,17.0,0.0,14.5,13.5,3.0,0.5,1.0,23.12,27.98,55.45,0,0.0
2020,17,hamilton,3.0,95528.0,95466.0,95332.0,3,yas_marina,mercedes,,,1,540.0,13.0,86.0,332.0,1.0,11.0,1.0,1.0,0.0,2.0,0.0,23.12,27.98,55.45,0,0.0
2020,17,kevin_magnussen,17.0,97863.0,,,18,yas_marina,haas,15.0,15.0,9,3.0,0.0,,1.0,20.0,0.0,16.33,16.25,6.0,-1.0,0.08,23.12,27.98,55.45,0,0.0
2020,17,kvyat,7.0,96459.0,96214.0,95963.0,11,yas_marina,alphatauri,6.0,7.0,7,103.0,1.0,717.0,32.0,14.0,0.0,10.0,10.6,1.0,0.67,-0.6,23.12,27.98,55.45,0,0.0
2020,17,latifi,20.0,98443.0,,,17,yas_marina,williams,16.0,18.0,10,0.0,0.0,,0.0,21.0,0.0,14.0,14.33,2.0,6.0,-0.33,23.12,27.98,55.45,0,0.0
2020,17,leclerc,9.0,95881.0,95932.0,96065.0,13,yas_marina,ferrari,4.0,20.0,6,131.0,0.0,819.0,98.0,6.0,0.0,7.0,5.75,3.0,5.0,1.25,23.12,27.98,55.45,0,0.0
2020,17,max_verstappen,1.0,95993.0,95641.0,95246.0,1,yas_marina,red_bull,3.0,19.0,2,282.0,1.0,0.0,189.0,3.0,1.0,4.0,3.67,4.0,-1.5,0.33,23.12,27.98,55.45,0,0.0
2020,17,norris,4.0,96016.0,95849.0,95497.0,5,yas_marina,mclaren,19.0,10.0,4,184.0,0.0,251.0,87.0,9.0,0.0,7.33,8.6,1.0,6.67,-1.27,23.12,27.98,55.45,0,0.0
2020,17,ocon,11.0,96783.0,96359.0,,9,yas_marina,renault,11.0,2.0,5,172.0,0.0,,60.0,12.0,0.0,7.33,7.5,4.0,1.0,-0.17,23.12,27.98,55.45,0,0.0
2020,17,perez,15.0,96034.0,,,20,yas_marina,racing_point,5.0,1.0,3,194.0,1.0,,125.0,4.0,1.0,7.0,6.8,0.0,-2.67,0.2,23.12,27.98,55.45,0,0.0
2020,17,pietro_fittipaldi,19.0,98173.0,,,19,yas_marina,haas,20.0,17.0,9,3.0,0.0,,0.0,23.0,0.0,17.0,17.0,0.0,3.0,0.0,23.12,27.98,55.45,0,0.0
2020,17,raikkonen,16.0,97555.0,,,12,yas_marina,alfa,18.0,14.0,8,8.0,0.0,,4.0,16.0,0.0,14.67,12.8,1.0,-0.33,1.87,23.12,27.98,55.45,0,0.0
2020,17,ricciardo,12.0,96704.0,96406.0,,7,yas_marina,renault,7.0,5.0,5,172.0,0.0,,112.0,5.0,0.0,7.33,6.8,1.0,-1.33,0.53,23.12,27.98,55.45,0,0.0
2020,17,russell,18.0,98045.0,,,15,yas_marina,williams,2.0,9.0,10,0.0,0.0,,3.0,18.0,0.0,12.33,12.75,4.0,-7.0,-0.42,23.12,27.98,55.45,0,0.0
2020,17,sainz,6.0,96517.0,96192.0,95815.0,6,yas_marina,mclaren,8.0,4.0,4,184.0,0.0,569.0,97.0,7.0,0.0,4.67,5.4,2.0,8.0,-0.73,23.12,27.98,55.45,0,0.0
2020,17,stroll,8.0,96502.0,96143.0,96046.0,10,yas_marina,racing_point,10.0,3.0,3,194.0,1.0,800.0,74.0,10.0,0.0,6.0,8.33,4.0,-0.5,-2.33,23.12,27.98,55.45,0,0.0
2020,17,vettel,13.0,96655.0,96631.0,,14,yas_marina,ferrari,13.0,12.0,6,131.0,0.0,,33.0,13.0,0.0,9.33,10.0,2.0,2.33,-0.67,23.12,27.98,55.45,0,0.0
2021,1,alonso,9.0,90863.0,90595.0,90249.0,19,bahrain,alpine,,,,,,1252.0,,,,,,,,,20.54,27.63,54.52,0,0.0
2021,1,bottas,3.0,91200.0,90186.0,89586.0,3,bahrain,mercedes,,,,,,589.0,,,,,,,,,20.54,27.63,54.52,0,0.0
2021,1,gasly,5.0,90848.0,90513.0,89809.0,17,bahrain,alphatauri,,,,,,812.0,,,,,,,,,20.54,27.63,54.52,0,0.0
2021,1,giovinazzi,12.0,90998.0,90708.0,,12,bahrain,alfa,,,,,,,,,,,,,,,20.54,27.63,54.52,0,0.0
2021,1,hamilton,2.0,90617.0,90085.0,89385.0,1,bahrain,mercedes,,,,,,388.0,,,,,,,,,20.54,27.63,54.52,0,0.0
2021,1,latifi,17.0,91936.0,,,18,bahrain,williams,,,,,,,,,,,,,,,20.54,27.63,54.52,0,0.0
2021,1,leclerc,4.0,90691.0,90010.0,89678.0,6,bahrain,ferrari,,,,,,681.0,,,,,,,,,20.54,27.63,54.52,0,0.0
2021,1,max_verstappen,1.0,90499.0,90318.0,88997.0,2,bahrain,red_bull,,,,,,0.0,,,,,,,,,20.54,27.63,54.52,0,0.0
2021,1,mazepin,20.0,93273.0,,,20,bahrain,haas,,,,,,,,,,,,,,,20.54,27.63,54.52,0,0.0
2021,1,mick_schumacher,19.0,92449.0,,,16,bahrain,haas,,,,,,,,,,,,,,,20.54,27.63,54.52,0,0.0
2021,1,norris,7.0,90902.0,90099.0,89974.0,4,bahrain,mclaren,,,,,,977.0,,,,,,,,,20.54,27.63,54.52,0,0.0
2021,1,ocon,16.0,91724.0,,,13,bahrain,alpine,,,,,,,,,,,,,,,20.54,27.63,54.52,0,0.0
2021,1,perez,11.0,91165.0,90659.0,,5,bahrain,red_bull,,,,,,,,,,,,,,,20.54,27.63,54.52,0,0.0
2021,1,raikkonen,14.0,91547.0,91238.0,,11,bahrain,alfa,,,,,,,,,,,,,,,20.54,27.63,54.52,0,0.0
2021,1,ricciardo,6.0,90795.0,90222.0,89927.0,7,bahrain,mclaren,,,,,,930.0,,,,,,,,,20.54,27.63,54.52,0,0.0
2021,1,russell,15.0,91316.0,93430.0,,14,bahrain,williams,,,,,,,,,,,,,,,20.54,27.63,54.52,0,0.0
2021,1,sainz,8.0,91653.0,90009.0,90215.0,8,bahrain,ferrari,,,,,,1218.0,,,,,,,,,20.54,27.63,54.52,0,0.0
2021,1,stroll,10.0,91261.0,90624.0,90601.0,10,bahrain,aston_martin,,,,,,1604.0,,,,,,,,,20.54,27.63,54.52,0,0.0
2021,1,tsunoda,13.0,90607.0,91203.0,,9,bahrain,alphatauri,,,,,,,,,,,,,,,20.54,27.63,54.52,0,0.0
2021,1,vettel,18.0,92056.0,,,15,bahrain,aston_martin,,,,,,,,,,,,,,,20.54,27.63,54.52,0,0.0
2021,2,alonso,15.0,75832.0,75593.0,,10,imola,alpine,9.0,19.0,8.0,0.0,0.0,,0.0,,0.0,,,0.0,,,10.62,16.83,69.49,0,41.0
2021,2,bottas,8.0,74672.0,74905.0,74898.0,18,imola,mercedes,3.0,3.0,1.0,41.0,1.0,487.0,16.0,3.0,0.0,3.0,3.0,0.0,0.0,0.0,10.62,16.83,69.49,0,41.0
2021,2,gasly,5.0,75548.0,74927.0,74790.0,7,imola,alphatauri,5.0,17.0,5.0,2.0,0.0,379.0,0.0,17.0,0.0,17.0,17.0,0.0,-12.0,0.0,10.62,16.83,69.49,0,41.0
2021,2,giovinazzi,17.0,76122.0,,,14,imola,alfa,12.0,12.0,7.0,0.0,0.0,,0.0,12.0,0.0,12.0,12.0,0.0,0.0,0.0,10.62,16.83,69.49,0,41.0
2021,2,hamilton,1.0,74823.0,74817.0,74411.0,2,imola,mercedes,2.0,1.0,1.0,41.0,1.0,0.0,25.0,1.0,1.0,1.0,1.0,0.0,1.0,0.0,10.62,16.83,69.49,0,41.0
2021,2,latifi,14.0,75653.0,75593.0,,20,imola,williams,17.0,18.0,9.0,0.0,0.0,,0.0,18.0,0.0,18.0,18.0,0.0,-1.0,0.0,10.62,16.83,69.49,0,41.0
2021,2,leclerc,4.0,75413.0,74808.0,74740.0,4,imola,ferrari,4.0,6.0,4.0,12.0,0.0,329.0,8.0,6.0,0.0,6.0,6.0,0.0,-2.0,0.0,10.62,16.83,69.49,0,41.0
2021,2,max_verstappen,3.0,75109.0,74884.0,74498.0,1,imola,red_bull,1.0,2.0,2.0,28.0,0.0,87.0,18.0,2.0,0.0,2.0,2.0,0.0,-1.0,0.0,10.62,16.83,69.49,0,41.0
2021,2,mazepin,19.0,76797.0,,,17,imola,haas,19.0,20.0,10.0,0.0,0.0,,0.0,,0.0,,,0.0,,,10.62,16.83,69.49,0,41.0
2021,2,mick_schumacher,18.0,76279.0,,,16,imola,haas,18.0,16.0,10.0,0.0,0.0,,0.0,16.0,0.0,16.0,16.0,0.0,2.0,0.0,10.62,16.83,69.49,0,41.0
2021,2,norris,7.0,75009.0,74718.0,74875.0,3,imola,mclaren,7.0,4.0,3.0,18.0,0.0,464.0,12.0,4.0,0.0,4.0,4.0,0.0,3.0,0.0,10.62,16.83,69.49,0,41.0
2021,2,ocon,9.0,75385.0,75117.0,75210.0,9,imola,alpine,16.0,13.0,8.0,0.0,0.0,799.0,0.0,13.0,0.0,13.0,13.0,0.0,3.0,0.0,10.62,16.83,69.49,0,41.0
2021,2,perez,2.0,75395.0,74716.0,74446.0,11,imola,red_bull,0.0,5.0,2.0,28.0,0.0,35.0,10.0,5.0,0.0,5.0,5.0,0.0,-5.0,0.0,10.62,16.83,69.49,0,41.0
2021,2,raikkonen,16.0,75974.0,,,13,imola,alfa,14.0,11.0,7.0,0.0,0.0,,0.0,11.0,0.0,11.0,11.0,0.0,3.0,0.0,10.62,16.83,69.49,0,41.0
2021,2,ricciardo,6.0,75669.0,75033.0,74826.0,6,imola,mclaren,6.0,7.0,3.0,18.0,0.0,415.0,6.0,7.0,0.0,7.0,7.0,0.0,-1.0,0.0,10.62,16.83,69.49,0,41.0
2021,2,russell,12.0,75826.0,75261.0,,19,imola,williams,15.0,14.0,9.0,0.0,0.0,,0.0,14.0,0.0,14.0,14.0,0.0,1.0,0.0,10.62,16.83,69.49,0,41.0
2021,2,sainz,11.0,75406.0,75199.0,,5,imola,ferrari,8.0,8.0,4.0,12.0,0.0,,4.0,8.0,0.0,8.0,8.0,0.0,0.0,0.0,10.62,16.83,69.49,0,41.0
2021,2,stroll,10.0,75522.0,75138.0,,8,imola,aston_martin,10.0,10.0,6.0,1.0,0.0,,1.0,10.0,0.0,10.0,10.0,0.0,0.0,0.0,10.62,16.83,69.49,0,41.0
2021,2,tsunoda,20.0,,,,12,imola,alphatauri,13.0,9.0,5.0,2.0,0.0,,2.0,9.0,0.0,9.0,9.0,0.0,4.0,0.0,10.62,16.83,69.49,0,41.0
2021,2,vettel,13.0,75459.0,75394.0,,15,imola,aston_martin,20.0,15.0,6.0,1.0,0.0,,0.0,15.0,0.0,15.0,15.0,0.0,5.0,0.0,10.62,16.83,69.49,0,41.0
2021,3,alonso,13.0,79728.0,79456.0,,8,portimao,alpine,15.0,10.0,7.0,3.0,0.0,,1.0,13.0,0.0,10.0,10.0,1.0,5.0,0.0,19.39,38.95,39.4,0,0.0
2021,3,bottas,1.0,78722.0,78458.0,78348.0,3,portimao,mercedes,8.0,18.0,1.0,60.0,1.0,0.0,16.0,5.0,0.0,3.0,3.0,0.0,0.0,0.0,19.39,38.95,39.4,0,0.0
2021,3,gasly,9.0,79464.0,79052.0,79475.0,10,portimao,alphatauri,5.0,7.0,5.0,8.0,0.0,1127.0,6.0,9.0,0.0,12.0,12.0,0.0,-7.0,0.0,19.39,38.95,39.4,0,0.0
2021,3,giovinazzi,12.0,79410.0,79216.0,,12,portimao,alfa,17.0,14.0,8.0,0.0,0.0,,0.0,15.0,0.0,13.0,13.0,0.0,1.5,0.0,19.39,38.95,39.4,0,0.0
2021,3,hamilton,2.0,78857.0,77968.0,78355.0,1,portimao,mercedes,1.0,2.0,1.0,60.0,1.0,7.0,44.0,1.0,1.0,1.5,1.5,0.0,0.0,0.0,19.39,38.95,39.4,0,0.0
2021,3,latifi,18.0,80285.0,,,18,portimao,williams,14.0,20.0,9.0,0.0,0.0,,0.0,20.0,0.0,18.0,18.0,0.0,-1.0,0.0,19.39,38.95,39.4,0,0.0
2021,3,leclerc,8.0,79373.0,78769.0,79306.0,6,portimao,ferrari,4.0,4.0,4.0,34.0,0.0,958.0,20.0,4.0,0.0,5.0,5.0,0.0,-1.0,0.0,19.39,38.95,39.4,0,0.0
2021,3,max_verstappen,3.0,79485.0,78650.0,78746.0,2,portimao,red_bull,3.0,1.0,2.0,53.0,1.0,398.0,43.0,2.0,1.0,1.5,1.5,0.0,0.5,0.0,19.39,38.95,39.4,0,0.0
2021,3,mazepin,20.0,80912.0,,,19,portimao,haas,19.0,17.0,10.0,0.0,0.0,,0.0,19.0,0.0,17.0,17.0,1.0,2.0,0.0,19.39,38.95,39.4,0,0.0
2021,3,mick_schumacher,19.0,80452.0,,,17,portimao,haas,18.0,16.0,10.0,0.0,0.0,,0.0,18.0,0.0,16.0,16.0,0.0,2.0,0.0,19.39,38.95,39.4,0,0.0
2021,3,norris,7.0,78794.0,78481.0,79116.0,5,portimao,mclaren,7.0,3.0,3.0,41.0,0.0,768.0,27.0,3.0,0.0,3.5,3.5,0.0,3.5,0.0,19.39,38.95,39.4,0,0.0
2021,3,ocon,6.0,79092.0,78586.0,79042.0,7,portimao,alpine,9.0,9.0,7.0,3.0,0.0,694.0,2.0,12.0,0.0,11.0,11.0,0.0,1.5,0.0,19.39,38.95,39.4,0,0.0
2021,3,perez,4.0,79337.0,78845.0,78890.0,4,portimao,red_bull,2.0,11.0,2.0,53.0,1.0,542.0,10.0,8.0,0.0,8.0,8.0,0.0,-7.0,0.0,19.39,38.95,39.4,0,0.0
2021,3,raikkonen,15.0,79748.0,79812.0,,20,portimao,alfa,16.0,13.0,8.0,0.0,0.0,,0.0,14.0,0.0,12.0,12.0,0.0,3.0,0.0,19.39,38.95,39.4,0,0.0
2021,3,ricciardo,16.0,79839.0,,,9,portimao,mclaren,6.0,6.0,3.0,41.0,0.0,,14.0,7.0,0.0,6.5,6.5,0.0,-0.5,0.0,19.39,38.95,39.4,0,0.0
2021,3,russell,11.0,79797.0,79109.0,,16,portimao,williams,12.0,19.0,9.0,0.0,0.0,,0.0,16.0,0.0,14.0,14.0,0.0,1.0,0.0,19.39,38.95,39.4,0,0.0
2021,3,sainz,5.0,79309.0,78813.0,79039.0,11,portimao,ferrari,11.0,5.0,4.0,34.0,0.0,691.0,14.0,6.0,0.0,6.5,6.5,0.0,3.0,0.0,19.39,38.95,39.4,0,0.0
2021,3,stroll,17.0,79913.0,,,14,portimao,aston_martin,10.0,8.0,6.0,5.0,0.0,,5.0,10.0,0.0,9.0,9.0,0.0,1.0,0.0,19.39,38.95,39.4,0,0.0
2021,3,tsunoda,14.0,79684.0,79463.0,,15,portimao,alphatauri,20.0,12.0,5.0,8.0,0.0,,2.0,11.0,0.0,10.5,10.5,0.0,6.0,0.0,19.39,38.95,39.4,0,0.0
2021,3,vettel,10.0,79403.0,78970.0,79659.0,13,portimao,aston_martin,0.0,15.0,6.0,5.0,0.0,1311.0,0.0,17.0,0.0,15.0,15.0,0.0,-5.0,0.0,19.39,38.95,39.4,0,0.0
2021,4,alonso,10.0,78281.0,77966.0,78147.0,17,catalunya,alpine,13.0,8.0,5.0,13.0,0.0,1406.0,5.0,12.0,0.0,9.0,9.0,1.0,5.0,0.0,22.2,32.92,57.55,0,0.0
2021,4,bottas,3.0,78005.0,77142.0,76873.0,3,catalunya,mercedes,1.0,3.0,1.0,101.0,2.0,132.0,32.0,4.0,0.0,3.0,3.0,1.0,-1.0,0.0,22.2,32.92,57.55,0,0.0
2021,4,gasly,12.0,78190.0,77982.0,,10,catalunya,alphatauri,9.0,10.0,6.0,9.0,0.0,,7.0,10.0,0.0,11.33,11.33,0.0,-5.0,0.0,22.2,32.92,57.55,0,0.0
2021,4,giovinazzi,14.0,78549.0,78356.0,,15,catalunya,alfa,12.0,12.0,8.0,0.0,0.0,,0.0,15.0,0.0,12.67,12.67,0.0,1.0,0.0,22.2,32.92,57.55,0,0.0
2021,4,hamilton,1.0,78245.0,77166.0,76741.0,1,catalunya,mercedes,2.0,1.0,1.0,101.0,2.0,0.0,69.0,1.0,2.0,1.33,1.33,0.0,0.33,0.0,22.2,32.92,57.55,0,0.0
2021,4,latifi,19.0,79219.0,,,16,catalunya,williams,18.0,18.0,9.0,0.0,0.0,,0.0,20.0,0.0,18.0,18.0,1.0,-0.5,0.0,22.2,32.92,57.55,0,0.0
2021,4,leclerc,4.0,78041.0,77717.0,77510.0,4,catalunya,ferrari,8.0,6.0,4.0,42.0,0.0,769.0,28.0,5.0,0.0,5.33,5.33,0.0,0.0,0.0,22.2,32.92,57.55,0,0.0
2021,4,max_verstappen,2.0,78090.0,76922.0,76777.0,2,catalunya,red_bull,3.0,2.0,2.0,83.0,1.0,36.0,61.0,2.0,1.0,1.67,1.67,0.0,0.67,0.0,22.2,32.92,57.55,0,0.0
2021,4,mazepin,20.0,79807.0,,,19,catalunya,haas,20.0,19.0,10.0,0.0,0.0,,0.0,19.0,0.0,18.0,18.0,1.0,1.5,0.0,22.2,32.92,57.55,0,0.0
2021,4,mick_schumacher,18.0,79117.0,,,18,catalunya,haas,19.0,17.0,10.0,0.0,0.0,,0.0,18.0,0.0,16.33,16.33,0.0,2.0,0.0,22.2,32.92,57.55,0,0.0
2021,4,norris,9.0,77821.0,77696.0,78010.0,8,catalunya,mclaren,7.0,5.0,3.0,53.0,0.0,1269.0,37.0,3.0,0.0,4.0,4.0,0.0,3.0,0.0,22.2,32.92,57.55,0,0.0
2021,4,ocon,5.0,78281.0,77743.0,77580.0,9,catalunya,alpine,6.0,7.0,5.0,13.0,0.0,839.0,8.0,9.0,0.0,9.67,9.67,0.0,0.67,0.0,22.2,32.92,57.55,0,0.0
2021,4,perez,8.0,78203.0,77669.0,77701.0,5,catalunya,red_bull,4.0,4.0,2.0,83.0,1.0,960.0,22.0,6.0,0.0,6.67,6.67,0.0,-4.67,0.0,22.2,32.92,57.55,0,0.0
2021,4,raikkonen,17.0,78917.0,,,12,catalunya,alfa,15.0,20.0,8.0,0.0,0.0,,0.0,14.0,0.0,12.0,12.0,0.0,3.0,0.0,22.2,32.92,57.55,0,0.0
2021,4,ricciardo,7.0,78264.0,77719.0,77622.0,6,catalunya,mclaren,16.0,9.0,3.0,53.0,0.0,881.0,16.0,7.0,0.0,7.33,7.33,0.0,2.0,0.0,22.2,32.92,57.55,0,0.0
2021,4,russell,15.0,78445.0,79154.0,,14,catalunya,williams,11.0,16.0,9.0,0.0,0.0,,0.0,17.0,0.0,15.0,15.0,1.0,-2.0,0.0,22.2,32.92,57.55,0,0.0
2021,4,sainz,6.0,78205.0,77656.0,77620.0,7,catalunya,ferrari,5.0,11.0,4.0,42.0,0.0,879.0,14.0,8.0,0.0,8.0,8.0,0.0,0.0,0.0,22.2,32.92,57.55,0,0.0
2021,4,stroll,11.0,78241.0,77974.0,,11,catalunya,aston_martin,17.0,14.0,7.0,5.0,0.0,,5.0,11.0,0.0,10.67,10.67,0.0,1.67,0.0,22.2,32.92,57.55,0,0.0
2021,4,tsunoda,16.0,78556.0,,,20,catalunya,alphatauri,14.0,15.0,6.0,9.0,0.0,,2.0,13.0,0.0,12.0,12.0,0.0,3.67,0.0,22.2,32.92,57.55,0,0.0
2021,4,vettel,13.0,78289.0,78079.0,,13,catalunya,aston_martin,10.0,13.0,7.0,5.0,0.0,,0.0,16.0,0.0,14.33,14.33,0.0,-4.33,0.0,22.2,32.92,57.55,0,0.0
2021,5,alonso,17.0,72205.0,,,13,monaco,alpine,10.0,17.0,5.0,15.0,0.0,,5.0,12.0,0.0,11.67,11.67,1.0,1.0,0.0,20.76,37.6,61.42,0,0.0
2021,5,bottas,3.0,70938.0,70695.0,70601.0,19,monaco,mercedes,3.0,3.0,1.0,141.0,3.0,255.0,47.0,3.0,0.0,3.0,3.0,1.0,-1.0,0.0,20.76,37.6,61.42,0,0.0
2021,5,gasly,6.0,71560.0,71179.0,70900.0,6,monaco,alphatauri,12.0,10.0,6.0,10.0,0.0,554.0,8.0,10.0,0.0,9.0,11.0,0.0,-0.33,-2.0,20.76,37.6,61.42,0,0.0
2021,5,giovinazzi,10.0,71658.0,71409.0,71779.0,10,monaco,alfa,14.0,15.0,8.0,0.0,0.0,1433.0,0.0,15.0,0.0,13.67,13.25,0.0,0.67,0.42,20.76,37.6,61.42,0,0.0
2021,5,hamilton,7.0,71622.0,71116.0,71095.0,7,monaco,mercedes,1.0,1.0,1.0,141.0,3.0,749.0,94.0,1.0,3.0,1.33,1.25,0.0,0.0,0.08,20.76,37.6,61.42,0,0.0
2021,5,latifi,18.0,72366.0,,,15,monaco,williams,19.0,16.0,9.0,0.0,0.0,,0.0,19.0,0.0,17.0,17.33,1.0,1.5,-0.33,20.76,37.6,61.42,0,0.0
2021,5,leclerc,1.0,71113.0,70597.0,70346.0,20,monaco,ferrari,4.0,4.0,4.0,60.0,0.0,0.0,40.0,5.0,0.0,4.67,5.0,0.0,0.67,-0.33,20.76,37.6,61.42,0,0.0
2021,5,max_verstappen,2.0,71124.0,70650.0,70576.0,1,monaco,red_bull,2.0,2.0,2.0,112.0,1.0,230.0,80.0,2.0,1.0,1.67,1.75,0.0,1.0,-0.08,20.76,37.6,61.42,0,0.0
2021,5,mazepin,19.0,72958.0,,,17,monaco,haas,20.0,19.0,10.0,0.0,0.0,,0.0,20.0,0.0,18.33,18.33,1.0,1.33,0.0,20.76,37.6,61.42,0,0.0
2021,5,mick_schumacher,,,,,18,monaco,haas,18.0,18.0,10.0,0.0,0.0,,0.0,18.0,0.0,17.0,16.75,0.0,1.33,0.25,20.76,37.6,61.42,0,0.0
2021,5,norris,5.0,71321.0,71031.0,70620.0,3,monaco,mclaren,9.0,8.0,3.0,65.0,0.0,274.0,41.0,4.0,0.0,5.33,5.0,0.0,2.33,0.33,20.76,37.6,61.42,0,0.0
2021,5,ocon,11.0,71740.0,71486.0,,9,monaco,alpine,5.0,9.0,5.0,15.0,0.0,,10.0,9.0,0.0,8.33,9.5,0.0,-1.67,-1.17,20.76,37.6,61.42,0,0.0
2021,5,perez,9.0,71644.0,71019.0,71573.0,4,monaco,red_bull,8.0,5.0,2.0,112.0,1.0,1227.0,32.0,6.0,0.0,6.67,6.25,0.0,-2.0,0.42,20.76,37.6,61.42,0,0.0
2021,5,raikkonen,14.0,71899.0,71642.0,,11,monaco,alfa,17.0,12.0,8.0,0.0,0.0,,0.0,14.0,0.0,12.5,12.0,1.0,4.0,0.5,20.76,37.6,61.42,0,0.0
2021,5,ricciardo,12.0,71747.0,71598.0,,12,monaco,mclaren,7.0,6.0,3.0,65.0,0.0,,24.0,7.0,0.0,7.0,7.0,0.0,2.67,0.0,20.76,37.6,61.42,0,0.0
2021,5,russell,15.0,72016.0,71830.0,,14,monaco,williams,15.0,14.0,9.0,0.0,0.0,,0.0,17.0,0.0,15.0,14.67,1.0,-2.0,0.33,20.76,37.6,61.42,0,0.0
2021,5,sainz,4.0,71324.0,70806.0,70611.0,2,monaco,ferrari,6.0,7.0,4.0,60.0,0.0,265.0,20.0,8.0,0.0,7.67,7.75,0.0,-0.33,-0.08,20.76,37.6,61.42,0,0.0
2021,5,stroll,13.0,71979.0,71600.0,,8,monaco,aston_martin,11.0,11.0,7.0,5.0,0.0,,5.0,11.0,0.0,11.0,10.75,0.0,1.67,0.25,20.76,37.6,61.42,0,0.0
2021,5,tsunoda,16.0,72096.0,,,16,monaco,alphatauri,16.0,20.0,6.0,10.0,0.0,,2.0,13.0,0.0,13.5,12.0,0.0,3.5,1.5,20.76,37.6,61.42,0,0.0
2021,5,vettel,8.0,72078.0,71309.0,71419.0,5,monaco,aston_martin,13.0,13.0,7.0,5.0,0.0,1073.0,0.0,16.0,0.0,13.67,14.0,0.0,-6.0,-0.33,20.76,37.6,61.42,0,0.0
2021,6,alonso,9.0,102934.0,102195.0,102327.0,6,baku,alpine,17.0,13.0,7.0,17.0,0.0,1109.0,5.0,13.0,0.0,12.67,12.0,1.0,0.67,0.67,24.17,38.31,55.81,0,0.0
2021,6,bottas,10.0,102701.0,102106.0,102659.0,12,baku,mercedes,3.0,19.0,2.0,148.0,3.0,1441.0,47.0,4.0,0.0,3.0,3.0,1.0,-1.0,0.0,24.17,38.31,55.81,0,0.0
2021,6,gasly,4.0,102288.0,101932.0,101565.0,3,baku,alphatauri,6.0,6.0,6.0,18.0,0.0,347.0,16.0,9.0,0.0,8.67,10.0,0.0,0.33,-1.33,24.17,38.31,55.81,0,0.0
2021,6,giovinazzi,20.0,,,,11,baku,alfa,10.0,10.0,8.0,1.0,0.0,,1.0,15.0,0.0,12.33,12.6,0.0,-0.33,-0.27,24.17,38.31,55.81,0,0.0
2021,6,hamilton,2.0,101545.0,101634.0,101450.0,15,baku,mercedes,7.0,7.0,2.0,148.0,3.0,232.0,101.0,2.0,3.0,3.0,2.4,0.0,0.33,0.6,24.17,38.31,55.81,0,0.0
2021,6,latifi,16.0,103128.0,,,16,baku,williams,18.0,15.0,9.0,0.0,0.0,,0.0,18.0,0.0,16.33,16.75,1.0,2.0,-0.42,24.17,38.31,55.81,0,0.0
2021,6,leclerc,1.0,102241.0,101659.0,101218.0,4,baku,ferrari,1.0,20.0,4.0,78.0,0.0,0.0,40.0,6.0,0.0,5.0,5.0,0.0,1.0,0.0,24.17,38.31,55.81,0,0.0
2021,6,max_verstappen,3.0,101760.0,101625.0,101563.0,18,baku,red_bull,2.0,1.0,1.0,149.0,2.0,345.0,105.0,1.0,2.0,1.67,1.6,0.0,0.67,0.07,24.17,38.31,55.81,0,0.0
2021,6,mazepin,18.0,104238.0,,,14,baku,haas,19.0,17.0,10.0,0.0,0.0,,0.0,20.0,0.0,18.33,18.0,1.0,1.33,0.33,24.17,38.31,55.81,0,0.0
2021,6,mick_schumacher,17.0,104158.0,,,13,baku,haas,20.0,18.0,10.0,0.0,0.0,,0.0,19.0,0.0,17.67,17.0,0.0,1.33,0.67,24.17,38.31,55.81,0,0.0
2021,6,norris,6.0,102167.0,101813.0,101747.0,5,baku,mclaren,5.0,3.0,3.0,80.0,0.0,529.0,56.0,3.0,0.0,5.33,4.6,0.0,1.67,0.73,24.17,38.31,55.81,0,0.0
2021,6,ocon,12.0,102426.0,102273.0,,20,baku,alpine,11.0,9.0,7.0,17.0,0.0,,12.0,10.0,0.0,8.33,9.4,0.0,-1.0,-1.07,24.17,38.31,55.81,0,0.0
2021,6,perez,7.0,101968.0,101630.0,101917.0,1,baku,red_bull,9.0,4.0,1.0,149.0,2.0,699.0,44.0,5.0,0.0,4.33,5.8,0.0,2.67,-1.47,24.17,38.31,55.81,0,0.0
2021,6,raikkonen,14.0,102923.0,102587.0,,10,baku,alfa,14.0,11.0,8.0,1.0,0.0,,0.0,16.0,0.0,11.5,11.75,1.0,4.0,-0.25,24.17,38.31,55.81,0,0.0
2021,6,ricciardo,13.0,102304.0,102558.0,,9,baku,mclaren,12.0,12.0,3.0,80.0,0.0,,24.0,8.0,0.0,9.0,8.0,0.0,2.67,1.0,24.17,38.31,55.81,0,0.0
2021,6,russell,15.0,102728.0,102758.0,,17,baku,williams,15.0,14.0,9.0,0.0,0.0,,0.0,17.0,0.0,14.67,14.5,1.0,-1.0,0.17,24.17,38.31,55.81,0,0.0
2021,6,sainz,5.0,102121.0,101740.0,101576.0,8,baku,ferrari,4.0,2.0,4.0,78.0,0.0,358.0,38.0,7.0,0.0,6.67,6.6,0.0,-1.67,0.07,24.17,38.31,55.81,0,0.0
2021,6,stroll,19.0,,,,19,baku,aston_martin,13.0,8.0,5.0,19.0,0.0,,9.0,12.0,0.0,11.0,10.2,0.0,2.67,0.8,24.17,38.31,55.81,0,0.0
2021,6,tsunoda,8.0,102521.0,101654.0,102211.0,7,baku,alphatauri,16.0,16.0,6.0,18.0,0.0,993.0,2.0,14.0,0.0,15.5,13.0,1.0,-0.5,2.5,24.17,38.31,55.81,0,0.0
2021,6,vettel,11.0,102460.0,102224.0,,2,baku,aston_martin,8.0,5.0,5.0,19.0,0.0,,10.0,11.0,0.0,10.33,12.2,0.0,0.0,-1.87,24.17,38.31,55.81,0,0.0
2021,7,alonso,9.0,92158.0,91549.0,91340.0,8,ricard,alpine,8.0,6.0,7.0,25.0,0.0,1350.0,13.0,11.0,0.0,12.0,10.8,1.0,-0.33,1.2,25.31,35.23,58.63,0,0.0
2021,7,bottas,3.0,91669.0,90735.0,90376.0,4,ricard,mercedes,10.0,12.0,2.0,148.0,3.0,386.0,47.0,6.0,0.0,7.5,6.0,2.0,-1.0,1.5,25.31,35.23,58.63,0,0.0
2021,7,gasly,6.0,91898.0,91353.0,90868.0,7,ricard,alphatauri,4.0,3.0,5.0,39.0,0.0,878.0,31.0,8.0,0.0,6.33,7.2,0.0,1.0,-0.87,25.31,35.23,58.63,0,0.0
2021,7,giovinazzi,13.0,92722.0,91813.0,,15,ricard,alfa,20.0,11.0,8.0,2.0,0.0,,1.0,16.0,0.0,12.0,12.4,0.0,2.67,-0.4,25.31,35.23,58.63,0,0.0
2021,7,hamilton,2.0,91237.0,90788.0,90248.0,2,ricard,mercedes,2.0,15.0,2.0,148.0,3.0,258.0,101.0,2.0,3.0,7.67,5.2,0.0,-4.33,2.47,25.31,35.23,58.63,0,0.0
2021,7,latifi,16.0,93062.0,,,18,ricard,williams,16.0,16.0,10.0,0.0,0.0,,0.0,20.0,0.0,15.67,16.25,1.0,2.0,-0.58,25.31,35.23,58.63,0,0.0
2021,7,leclerc,7.0,92209.0,91567.0,90987.0,16,ricard,ferrari,1.0,4.0,3.0,94.0,0.0,997.0,52.0,5.0,0.0,4.0,4.5,0.0,-1.5,-0.5,25.31,35.23,58.63,0,0.0
2021,7,max_verstappen,1.0,91001.0,91080.0,89990.0,1,ricard,red_bull,3.0,18.0,1.0,174.0,3.0,0.0,105.0,1.0,2.0,1.5,1.5,0.0,0.5,0.0,25.31,35.23,58.63,0,0.0
2021,7,mazepin,18.0,93554.0,,,20,ricard,haas,18.0,14.0,9.0,0.0,0.0,,0.0,19.0,0.0,16.67,17.2,1.0,2.33,-0.53,25.31,35.23,58.63,0,0.0
2021,7,mick_schumacher,15.0,92942.0,,,19,ricard,haas,17.0,13.0,9.0,0.0,0.0,,0.0,17.0,0.0,16.33,16.4,0.0,2.0,-0.07,25.31,35.23,58.63,0,0.0
2021,7,norris,8.0,91733.0,91542.0,91252.0,5,ricard,mclaren,9.0,5.0,4.0,92.0,0.0,1262.0,66.0,4.0,0.0,5.33,4.8,0.0,2.33,0.53,25.31,35.23,58.63,0,0.0
2021,7,ocon,11.0,92139.0,91736.0,,14,ricard,alpine,12.0,20.0,7.0,25.0,0.0,,12.0,12.0,0.0,9.0,8.5,0.0,-1.0,0.5,25.31,35.23,58.63,0,0.0
2021,7,perez,4.0,91560.0,90971.0,90445.0,3,ricard,red_bull,6.0,1.0,1.0,174.0,3.0,455.0,69.0,3.0,1.0,3.33,5.0,0.0,4.33,-1.67,25.31,35.23,58.63,0,0.0
2021,7,raikkonen,17.0,93354.0,,,17,ricard,alfa,14.0,10.0,8.0,2.0,0.0,,1.0,15.0,0.0,11.0,11.5,1.0,4.0,-0.5,25.31,35.23,58.63,0,0.0
2021,7,ricciardo,10.0,92181.0,91615.0,91382.0,6,ricard,mclaren,13.0,9.0,4.0,92.0,0.0,1392.0,26.0,10.0,0.0,9.0,8.4,0.0,1.67,0.6,25.31,35.23,58.63,0,0.0
2021,7,russell,14.0,93060.0,92065.0,,12,ricard,williams,15.0,17.0,10.0,0.0,0.0,,0.0,18.0,0.0,14.0,14.67,1.0,1.0,-0.67,25.31,35.23,58.63,0,0.0
2021,7,sainz,5.0,92079.0,91146.0,90840.0,11,ricard,ferrari,5.0,8.0,3.0,94.0,0.0,850.0,42.0,7.0,0.0,5.67,6.6,0.0,-0.67,-0.93,25.31,35.23,58.63,0,0.0
2021,7,stroll,19.0,,,,10,ricard,aston_martin,19.0,19.0,6.0,37.0,0.0,,9.0,13.0,0.0,9.5,10.25,0.0,2.5,-0.75,25.31,35.23,58.63,0,0.0
2021,7,tsunoda,20.0,,,,13,ricard,alphatauri,7.0,7.0,5.0,39.0,0.0,,8.0,14.0,0.0,11.5,12.5,1.0,0.0,-1.0,25.31,35.23,58.63,0,0.0
2021,7,vettel,12.0,92132.0,91767.0,,9,ricard,aston_martin,11.0,2.0,6.0,37.0,0.0,,28.0,9.0,0.0,6.67,9.6,0.0,4.0,-2.93,25.31,35.23,58.63,0,0.0
2021,8,alonso,9.0,64971.0,64582.0,64574.0,9,red_bull_ring,alpine,9.0,8.0,7.0,29.0,0.0,733.0,17.0,11.0,0.0,9.0,10.4,1.0,2.33,-1.4,26.69,52.35,33.25,0,0.0
2021,8,bottas,2.0,64537.0,64443.0,64035.0,3,red_bull_ring,mercedes,3.0,4.0,2.0,178.0,3.0,194.0,59.0,5.0,0.0,8.0,5.5,2.0,-1.5,2.5,26.69,52.35,33.25,0,0.0
2021,8,gasly,6.0,64765.0,64429.0,64236.0,20,red_bull_ring,alphatauri,6.0,7.0,5.0,45.0,0.0,395.0,37.0,8.0,0.0,5.33,7.2,0.0,0.0,-1.87,26.69,52.35,33.25,0,0.0
2021,8,giovinazzi,15.0,65092.0,64913.0,,15,red_bull_ring,alfa,13.0,15.0,8.0,2.0,0.0,,1.0,16.0,0.0,12.0,12.6,0.0,2.33,-0.6,26.69,52.35,33.25,0,0.0
2021,8,hamilton,3.0,64672.0,64512.0,64067.0,2,red_bull_ring,mercedes,2.0,2.0,2.0,178.0,3.0,226.0,119.0,2.0,3.0,8.0,5.2,0.0,-4.33,2.8,26.69,52.35,33.25,0,0.0
2021,8,latifi,16.0,65175.0,,,17,red_bull_ring,williams,16.0,18.0,9.0,0.0,0.0,,0.0,20.0,0.0,16.33,16.6,1.0,0.33,-0.27,26.69,52.35,33.25,0,0.0
2021,8,leclerc,7.0,64745.0,64646.0,64472.0,7,red_bull_ring,ferrari,7.0,16.0,4.0,94.0,0.0,631.0,52.0,6.0,0.0,10.0,7.5,0.0,-6.0,2.5,26.69,52.35,33.25,0,0.0
2021,8,max_verstappen,1.0,64489.0,64433.0,63841.0,1,red_bull_ring,red_bull,1.0,1.0,1.0,215.0,4.0,0.0,131.0,1.0,3.0,1.0,1.5,1.0,0.5,-0.5,26.69,52.35,33.25,0,0.0
2021,8,mazepin,20.0,66192.0,,,18,red_bull_ring,haas,18.0,20.0,10.0,0.0,0.0,,0.0,19.0,0.0,17.0,17.8,1.0,1.33,-0.8,26.69,52.35,33.25,0,0.0
2021,8,mick_schumacher,19.0,66041.0,,,16,red_bull_ring,haas,15.0,19.0,10.0,0.0,0.0,,0.0,18.0,0.0,16.67,17.0,0.0,0.67,-0.33,26.69,52.35,33.25,0,0.0
2021,8,norris,4.0,64584.0,64298.0,64120.0,5,red_bull_ring,mclaren,8.0,5.0,3.0,110.0,0.0,279.0,76.0,4.0,0.0,4.33,5.2,0.0,3.0,-0.87,26.69,52.35,33.25,0,0.0
2021,8,ocon,17.0,65217.0,,,14,red_bull_ring,alpine,11.0,14.0,7.0,29.0,0.0,,12.0,12.0,0.0,11.5,9.75,1.0,-0.5,1.75,26.69,52.35,33.25,0,0.0
2021,8,perez,5.0,64638.0,64197.0,64168.0,4,red_bull_ring,red_bull,4.0,3.0,1.0,215.0,4.0,327.0,84.0,3.0,1.0,2.67,3.4,0.0,3.67,-0.73,26.69,52.35,33.25,0,0.0
2021,8,raikkonen,18.0,65429.0,,,11,red_bull_ring,alfa,17.0,17.0,8.0,2.0,0.0,,1.0,15.0,0.0,12.67,12.5,1.0,2.33,0.17,26.69,52.35,33.25,0,0.0
2021,8,ricciardo,13.0,65142.0,64808.0,,13,red_bull_ring,mclaren,10.0,6.0,3.0,110.0,0.0,,34.0,9.0,0.0,9.0,8.4,0.0,2.67,0.6,26.69,52.35,33.25,0,0.0
2021,8,russell,11.0,65033.0,64671.0,,19,red_bull_ring,williams,14.0,12.0,9.0,0.0,0.0,,0.0,17.0,0.0,13.0,14.0,2.0,1.5,-1.0,26.69,52.35,33.25,0,0.0
2021,8,sainz,12.0,64859.0,64800.0,,6,red_bull_ring,ferrari,5.0,11.0,4.0,94.0,0.0,,42.0,7.0,0.0,7.0,7.8,0.0,-2.33,-0.8,26.69,52.35,33.25,0,0.0
2021,8,stroll,10.0,64821.0,64663.0,64708.0,8,red_bull_ring,aston_martin,19.0,10.0,6.0,40.0,0.0,867.0,10.0,13.0,0.0,9.0,10.75,1.0,7.0,-1.75,26.69,52.35,33.25,0,0.0
2021,8,tsunoda,8.0,64608.0,64631.0,64514.0,10,red_bull_ring,alphatauri,0.0,13.0,5.0,45.0,0.0,673.0,8.0,14.0,0.0,12.0,12.75,1.0,-4.33,-0.75,26.69,52.35,33.25,0,0.0
2021,8,vettel,14.0,65051.0,64875.0,,12,red_bull_ring,aston_martin,12.0,9.0,6.0,40.0,0.0,,30.0,10.0,0.0,5.33,8.4,0.0,5.0,-3.07,26.69,52.35,33.25,0,0.0
2021,9,alonso,14.0,64472.0,64856.0,,10,red_bull_ring,alpine,8.0,9.0,7.0,31.0,0.0,,19.0,11.0,0.0,7.67,10.6,1.0,0.67,-2.93,20.97,33.18,49.73,0,3.8
2021,9,bottas,5.0,64563.0,64376.0,64049.0,2,red_bull_ring,mercedes,5.0,3.0,2.0,212.0,3.0,329.0,74.0,5.0,0.0,6.33,5.5,2.0,-0.33,0.83,20.97,33.18,49.73,0,3.8
2021,9,gasly,6.0,64841.0,64412.0,64107.0,9,red_bull_ring,alphatauri,6.0,20.0,5.0,46.0,0.0,387.0,37.0,8.0,0.0,5.0,6.5,0.0,0.0,-1.5,20.97,33.18,49.73,0,3.8
2021,9,giovinazzi,15.0,64782.0,65083.0,,14,red_bull_ring,alfa,15.0,15.0,8.0,2.0,0.0,,1.0,16.0,0.0,13.67,13.2,0.0,2.33,0.47,20.97,33.18,49.73,0,3.8
2021,9,hamilton,4.0,64506.0,64258.0,64014.0,4,red_bull_ring,mercedes,2.0,2.0,2.0,212.0,3.0,294.0,138.0,2.0,3.0,6.33,5.4,0.0,-4.33,0.93,20.97,33.18,49.73,0,3.8
2021,9,latifi,18.0,65195.0,,,16,red_bull_ring,williams,16.0,17.0,9.0,0.0,0.0,,0.0,20.0,0.0,17.0,16.4,1.0,-1.0,0.6,20.97,33.18,49.73,0,3.8
2021,9,leclerc,12.0,64906.0,64600.0,,8,red_bull_ring,ferrari,7.0,7.0,4.0,108.0,0.0,,58.0,6.0,0.0,9.0,7.75,0.0,-4.0,1.25,20.97,33.18,49.73,0,3.8
2021,9,max_verstappen,1.0,64249.0,63927.0,63720.0,1,red_bull_ring,red_bull,1.0,1.0,1.0,252.0,5.0,0.0,156.0,1.0,4.0,1.0,1.25,1.0,0.0,-0.25,20.97,33.18,49.73,0,3.8
2021,9,mazepin,20.0,65951.0,,,19,red_bull_ring,haas,20.0,18.0,10.0,0.0,0.0,,0.0,19.0,0.0,17.33,17.6,1.0,1.33,-0.27,20.97,33.18,49.73,0,3.8
2021,9,mick_schumacher,19.0,65427.0,,,18,red_bull_ring,haas,19.0,16.0,10.0,0.0,0.0,,0.0,18.0,0.0,16.0,16.8,0.0,1.0,-0.8,20.97,33.18,49.73,0,3.8
2021,9,norris,2.0,64345.0,64415.0,63768.0,3,red_bull_ring,mclaren,3.0,5.0,3.0,120.0,0.0,48.0,86.0,4.0,0.0,5.0,5.2,0.0,1.67,-0.2,20.97,33.18,49.73,0,3.8
2021,9,ocon,17.0,65051.0,,,20,red_bull_ring,alpine,17.0,14.0,7.0,31.0,0.0,,12.0,13.0,0.0,14.0,11.5,1.0,0.0,2.5,20.97,33.18,49.73,0,3.8
2021,9,perez,3.0,64833.0,64483.0,63990.0,6,red_bull_ring,red_bull,4.0,4.0,1.0,252.0,5.0,270.0,96.0,3.0,1.0,2.67,3.4,0.0,2.0,-0.73,20.97,33.18,49.73,0,3.8
2021,9,raikkonen,16.0,65009.0,,,15,red_bull_ring,alfa,18.0,11.0,8.0,2.0,0.0,,1.0,15.0,0.0,12.67,12.2,1.0,3.67,0.47,20.97,33.18,49.73,0,3.8
2021,9,ricciardo,13.0,64977.0,64719.0,,7,red_bull_ring,mclaren,13.0,13.0,3.0,120.0,0.0,,34.0,9.0,0.0,9.33,9.2,0.0,2.67,0.13,20.97,33.18,49.73,0,3.8
2021,9,russell,9.0,64907.0,64553.0,64591.0,11,red_bull_ring,williams,10.0,19.0,9.0,0.0,0.0,871.0,0.0,17.0,0.0,12.0,13.33,2.0,2.0,-1.33,20.97,33.18,49.73,0,3.8
2021,9,sainz,11.0,64596.0,64559.0,,5,red_bull_ring,ferrari,12.0,6.0,4.0,108.0,0.0,,50.0,7.0,0.0,8.33,6.8,0.0,-1.0,1.53,20.97,33.18,49.73,0,3.8
2021,9,stroll,10.0,64927.0,64547.0,64618.0,13,red_bull_ring,aston_martin,9.0,8.0,6.0,44.0,0.0,898.0,14.0,12.0,0.0,9.0,9.25,1.0,5.0,-0.25,20.97,33.18,49.73,0,3.8
2021,9,tsunoda,7.0,64967.0,64518.0,64273.0,12,red_bull_ring,alphatauri,11.0,10.0,5.0,46.0,0.0,553.0,9.0,14.0,0.0,10.0,11.5,1.0,-4.0,-1.5,20.97,33.18,49.73,0,3.8
2021,9,vettel,8.0,64846.0,64493.0,64570.0,17,red_bull_ring,aston_martin,14.0,12.0,6.0,44.0,0.0,850.0,30.0,10.0,0.0,7.67,8.2,0.0,4.67,-0.53,20.97,33.18,49.73,0,3.8
2021,10,alonso,11.0,87580.0,87245.0,,7,silverstone,alpine,14.0,10.0,7.0,32.0,0.0,,20.0,11.0,0.0,9.0,9.2,1.0,1.33,-0.2,29.4,50.93,37.2,0,0.0
2021,10,bottas,3.0,87487.0,86764.0,86328.0,3,silverstone,mercedes,5.0,2.0,2.0,242.0,3.0,194.0,92.0,5.0,0.0,3.0,5.25,2.0,1.33,-2.25,29.4,50.93,37.2,0,0.0
2021,10,gasly,12.0,87600.0,87273.0,,11,silverstone,alphatauri,6.0,9.0,5.0,48.0,0.0,,39.0,9.0,0.0,8.0,6.25,1.0,-2.0,1.75,29.4,50.93,37.2,0,0.0
2021,10,giovinazzi,14.0,87595.0,87617.0,,13,silverstone,alfa,15.0,14.0,8.0,2.0,0.0,,1.0,16.0,0.0,14.67,13.0,0.0,-0.33,1.67,29.4,50.93,37.2,0,0.0
2021,10,hamilton,1.0,86786.0,86023.0,86134.0,1,silverstone,mercedes,4.0,4.0,2.0,242.0,3.0,0.0,150.0,2.0,3.0,2.67,6.0,0.0,0.0,-3.33,29.4,50.93,37.2,0,0.0
2021,10,latifi,18.0,88254.0,,,14,silverstone,williams,18.0,16.0,9.0,0.0,0.0,,0.0,20.0,0.0,17.0,16.4,1.0,-0.33,0.6,29.4,50.93,37.2,0,0.0
2021,10,leclerc,4.0,87051.0,86919.0,86828.0,2,silverstone,ferrari,12.0,8.0,4.0,122.0,0.0,694.0,62.0,6.0,0.0,10.33,8.75,0.0,-1.67,1.58,29.4,50.93,37.2,0,0.0
2021,10,max_verstappen,2.0,86751.0,86315.0,86209.0,20,silverstone,red_bull,1.0,1.0,1.0,286.0,6.0,75.0,182.0,1.0,5.0,1.0,1.0,1.0,0.0,0.0,29.4,50.93,37.2,0,0.0
2021,10,mazepin,20.0,89051.0,,,17,silverstone,haas,20.0,19.0,10.0,0.0,0.0,,0.0,19.0,0.0,19.0,17.6,1.0,0.33,1.4,29.4,50.93,37.2,0,0.0
2021,10,mick_schumacher,19.0,88738.0,,,18,silverstone,haas,19.0,18.0,10.0,0.0,0.0,,0.0,18.0,0.0,17.67,16.8,0.0,0.0,0.87,29.4,50.93,37.2,0,0.0
2021,10,norris,6.0,87444.0,87220.0,86897.0,4,silverstone,mclaren,2.0,3.0,3.0,141.0,0.0,763.0,101.0,4.0,0.0,4.33,4.2,0.0,0.0,0.13,29.4,50.93,37.2,0,0.0
2021,10,ocon,13.0,87415.0,87340.0,,9,silverstone,alpine,17.0,20.0,7.0,32.0,0.0,,12.0,13.0,0.0,14.0,12.33,1.0,0.0,1.67,29.4,50.93,37.2,0,0.0
2021,10,perez,5.0,87121.0,87073.0,86844.0,16,silverstone,red_bull,3.0,6.0,1.0,286.0,6.0,710.0,104.0,3.0,1.0,4.33,3.6,0.0,-0.67,0.73,29.4,50.93,37.2,0,0.0
2021,10,raikkonen,17.0,88062.0,,,15,silverstone,alfa,16.0,15.0,8.0,2.0,0.0,,1.0,15.0,0.0,14.33,12.8,1.0,2.67,1.53,29.4,50.93,37.2,0,0.0
2021,10,ricciardo,7.0,87323.0,87125.0,86899.0,5,silverstone,mclaren,13.0,7.0,3.0,141.0,0.0,765.0,40.0,8.0,0.0,8.67,9.4,0.0,3.33,-0.73,29.4,50.93,37.2,0,0.0
2021,10,russell,8.0,87671.0,87080.0,86971.0,12,silverstone,williams,8.0,11.0,9.0,0.0,0.0,837.0,0.0,17.0,0.0,11.5,12.33,3.0,-0.5,-0.83,29.4,50.93,37.2,0,0.0
2021,10,sainz,9.0,87337.0,86848.0,87007.0,6,silverstone,ferrari,10.0,5.0,4.0,122.0,0.0,873.0,60.0,7.0,0.0,7.33,6.4,0.0,1.67,0.93,29.4,50.93,37.2,0,0.0
2021,10,stroll,15.0,88017.0,87665.0,,8,silverstone,aston_martin,9.0,13.0,6.0,44.0,0.0,,14.0,12.0,0.0,10.33,9.75,1.0,2.0,0.58,29.4,50.93,37.2,0,0.0
2021,10,tsunoda,16.0,88043.0,,,10,silverstone,alphatauri,7.0,12.0,5.0,48.0,0.0,,9.0,14.0,0.0,11.67,11.6,1.0,-5.67,0.07,29.4,50.93,37.2,0,0.0
2021,10,vettel,10.0,87493.0,87103.0,87179.0,19,silverstone,aston_martin,11.0,17.0,6.0,44.0,0.0,1045.0,30.0,10.0,0.0,12.67,9.0,0.0,-0.33,3.67,29.4,50.93,37.2,0,0.0
2021,11,alonso,9.0,77123.0,76541.0,76715.0,4,hungaroring,alpine,7.0,7.0,7.0,40.0,0.0,1296.0,26.0,11.0,0.0,8.67,8.0,1.0,1.0,0.67,27.23,37.82,68.62,0,30.4
2021,11,bottas,2.0,76569.0,76702.0,75734.0,16,hungaroring,mercedes,3.0,3.0,2.0,285.0,4.0,315.0,108.0,4.0,0.0,2.67,4.8,2.0,1.67,-2.13,27.23,37.82,68.62,0,30.4
2021,11,gasly,5.0,76874.0,76394.0,76483.0,5,hungaroring,alphatauri,11.0,11.0,5.0,49.0,0.0,1064.0,39.0,9.0,0.0,10.0,7.5,1.0,-1.5,2.5,27.23,37.82,68.62,0,30.4
2021,11,giovinazzi,14.0,77776.0,77583.0,,13,hungaroring,alfa,15.0,13.0,8.0,2.0,0.0,,1.0,16.0,0.0,14.0,13.6,0.0,1.0,0.4,27.23,37.82,68.62,0,30.4
2021,11,hamilton,1.0,76424.0,76553.0,75419.0,2,hungaroring,mercedes,2.0,1.0,2.0,285.0,4.0,0.0,177.0,2.0,4.0,2.33,4.8,0.0,0.33,-2.47,27.23,37.82,68.62,0,30.4
2021,11,latifi,18.0,78036.0,,,7,hungaroring,williams,17.0,14.0,9.0,0.0,0.0,,0.0,19.0,0.0,15.67,16.2,1.0,1.33,-0.53,27.23,37.82,68.62,0,30.4
2021,11,leclerc,7.0,77084.0,76574.0,76496.0,18,hungaroring,ferrari,4.0,2.0,4.0,148.0,0.0,1077.0,80.0,6.0,0.0,5.67,7.4,0.0,2.0,-1.73,27.23,37.82,68.62,0,30.4
2021,11,max_verstappen,3.0,76214.0,75650.0,75840.0,9,hungaroring,red_bull,1.0,20.0,1.0,289.0,6.0,421.0,185.0,1.0,5.0,1.0,1.0,1.0,0.0,0.0,27.23,37.82,68.62,0,30.4
2021,11,mazepin,19.0,78922.0,,,14,hungaroring,haas,19.0,17.0,10.0,0.0,0.0,,0.0,20.0,0.0,18.0,17.6,1.0,1.67,0.4,27.23,37.82,68.62,0,30.4
2021,11,mick_schumacher,20.0,,,,12,hungaroring,haas,18.0,18.0,10.0,0.0,0.0,,0.0,18.0,0.0,17.33,16.8,0.0,1.33,0.53,27.23,37.82,68.62,0,30.4
2021,11,norris,6.0,77081.0,76385.0,76489.0,15,hungaroring,mclaren,5.0,4.0,3.0,163.0,0.0,1070.0,113.0,3.0,0.0,4.0,4.4,0.0,-0.67,-0.4,27.23,37.82,68.62,0,30.4
2021,11,ocon,8.0,77367.0,76766.0,76653.0,1,hungaroring,alpine,9.0,9.0,7.0,40.0,0.0,1234.0,14.0,13.0,0.0,11.5,12.33,2.0,1.5,-0.83,27.23,37.82,68.62,0,30.4
2021,11,perez,4.0,77233.0,76443.0,76421.0,17,hungaroring,red_bull,0.0,16.0,1.0,289.0,6.0,1002.0,104.0,5.0,1.0,8.67,6.0,0.0,-6.33,2.67,27.23,37.82,68.62,0,30.4
2021,11,raikkonen,13.0,77553.0,77564.0,,10,hungaroring,alfa,13.0,15.0,8.0,2.0,0.0,,1.0,15.0,0.0,13.67,13.6,1.0,2.0,0.07,27.23,37.82,68.62,0,30.4
2021,11,ricciardo,11.0,77664.0,76871.0,,11,hungaroring,mclaren,6.0,5.0,3.0,163.0,0.0,,50.0,8.0,0.0,8.33,8.0,0.0,2.33,0.33,27.23,37.82,68.62,0,30.4
2021,11,russell,17.0,77944.0,,,8,hungaroring,williams,12.0,12.0,9.0,0.0,0.0,,0.0,17.0,0.0,11.5,11.67,3.0,-1.5,-0.17,27.23,37.82,68.62,0,30.4
2021,11,sainz,15.0,76649.0,,,3,hungaroring,ferrari,10.0,6.0,4.0,148.0,0.0,,68.0,7.0,0.0,5.67,7.2,0.0,5.0,-1.53,27.23,37.82,68.62,0,30.4
2021,11,stroll,12.0,77038.0,76893.0,,19,hungaroring,aston_martin,14.0,8.0,6.0,48.0,0.0,,18.0,12.0,0.0,9.67,9.75,1.0,1.0,-0.08,27.23,37.82,68.62,0,30.4
2021,11,tsunoda,16.0,77919.0,,,6,hungaroring,alphatauri,16.0,10.0,5.0,49.0,0.0,,10.0,14.0,0.0,10.67,10.4,1.0,0.67,0.27,27.23,37.82,68.62,0,30.4
2021,11,vettel,10.0,77105.0,76794.0,76750.0,20,hungaroring,aston_martin,8.0,19.0,6.0,48.0,0.0,1331.0,30.0,10.0,0.0,14.5,10.0,0.0,-2.0,4.5,27.23,37.82,68.62,0,30.4
2021,12,alonso,14.0,121653.0,118205.0,,11,spa,alpine,9.0,4.0,5.0,77.0,1.0,,38.0,11.0,0.0,7.0,7.6,1.0,3.0,-0.6,13.01,15.26,96.44,1,84.1
2021,12,bottas,8.0,119870.0,116295.0,122502.0,12,spa,mercedes,2.0,16.0,1.0,303.0,4.0,2737.0,108.0,4.0,0.0,2.5,3.0,2.0,1.5,-0.5,13.01,15.26,96.44,1,84.1
2021,12,gasly,6.0,120387.0,116440.0,121164.0,6,spa,alphatauri,5.0,5.0,6.0,68.0,0.0,1399.0,50.0,8.0,0.0,8.33,8.0,1.0,-1.0,0.33,13.01,15.26,96.44,1,84.1
2021,12,giovinazzi,16.0,122306.0,,,13,spa,alfa,0.0,13.0,9.0,3.0,0.0,,1.0,18.0,0.0,13.33,14.0,0.0,-3.33,-0.67,13.01,15.26,96.44,1,84.1
2021,12,hamilton,3.0,119218.0,116229.0,120099.0,3,spa,mercedes,1.0,2.0,1.0,303.0,4.0,334.0,195.0,1.0,4.0,2.33,2.2,0.0,0.0,0.13,13.01,15.26,96.44,1,84.1
2021,12,latifi,12.0,120966.0,118056.0,,9,spa,williams,18.0,7.0,8.0,10.0,0.0,,6.0,15.0,0.0,12.33,14.4,1.0,5.33,-2.07,13.01,15.26,96.44,1,84.1
2021,12,leclerc,11.0,120728.0,117721.0,,8,spa,ferrari,7.0,18.0,3.0,163.0,0.0,,80.0,7.0,0.0,5.0,8.25,0.0,3.0,-3.25,13.01,15.26,96.44,1,84.1
2021,12,max_verstappen,1.0,118717.0,116559.0,119765.0,1,spa,red_bull,3.0,9.0,2.0,291.0,6.0,0.0,187.0,2.0,5.0,5.0,3.0,2.0,-3.0,2.0,13.01,15.26,96.44,1,84.1
2021,12,mazepin,20.0,124939.0,,,17,spa,haas,19.0,14.0,10.0,0.0,0.0,,0.0,20.0,0.0,18.0,18.5,1.0,1.5,-0.5,13.01,15.26,96.44,1,84.1
2021,12,mick_schumacher,18.0,123973.0,,,16,spa,haas,20.0,12.0,10.0,0.0,0.0,,0.0,19.0,0.0,16.0,16.6,0.0,3.0,-0.6,13.01,15.26,96.44,1,84.1
2021,12,norris,10.0,118301.0,116025.0,,14,spa,mclaren,6.0,15.0,4.0,163.0,0.0,,113.0,3.0,0.0,3.5,4.25,0.0,0.0,-0.75,13.01,15.26,96.44,1,84.1
2021,12,ocon,9.0,121824.0,117354.0,123513.0,7,spa,alpine,8.0,1.0,5.0,77.0,1.0,3748.0,39.0,10.0,1.0,5.0,9.5,2.0,3.5,-4.5,13.01,15.26,96.44,1,84.1
2021,12,perez,7.0,119334.0,116886.0,122112.0,19,spa,red_bull,4.0,17.0,2.0,291.0,6.0,2347.0,104.0,5.0,1.0,11.0,7.25,0.0,-9.5,3.75,13.01,15.26,96.44,1,84.1
2021,12,raikkonen,19.0,124452.0,,,18,spa,alfa,13.0,10.0,9.0,3.0,0.0,,2.0,17.0,0.0,13.33,13.6,1.0,0.67,-0.27,13.01,15.26,96.44,1,84.1
2021,12,ricciardo,4.0,121583.0,117127.0,120864.0,4,spa,mclaren,11.0,11.0,4.0,163.0,0.0,1099.0,50.0,9.0,0.0,7.67,8.4,0.0,2.33,-0.73,13.01,15.26,96.44,1,84.1
2021,12,russell,2.0,119864.0,116950.0,120086.0,2,spa,williams,17.0,8.0,8.0,10.0,0.0,321.0,4.0,16.0,0.0,10.33,10.75,3.0,2.0,-0.42,13.01,15.26,96.44,1,84.1
2021,12,sainz,13.0,121184.0,118137.0,,10,spa,ferrari,15.0,3.0,3.0,163.0,0.0,,83.0,6.0,0.0,4.67,6.2,0.0,7.0,-1.53,13.01,15.26,96.44,1,84.1
2021,12,stroll,15.0,121597.0,118231.0,,20,spa,aston_martin,12.0,19.0,7.0,48.0,0.0,,18.0,14.0,0.0,10.5,9.75,1.0,1.0,0.75,13.01,15.26,96.44,1,84.1
2021,12,tsunoda,17.0,122413.0,,,15,spa,alphatauri,16.0,6.0,6.0,68.0,0.0,,18.0,13.0,0.0,9.33,10.2,1.0,3.67,-0.87,13.01,15.26,96.44,1,84.1
2021,12,vettel,5.0,120175.0,116814.0,120935.0,5,spa,aston_martin,10.0,20.0,7.0,48.0,0.0,1170.0,30.0,12.0,0.0,17.0,12.67,1.0,-6.0,4.33,13.01,15.26,96.44,1,84.1
2021,13,alonso,9.0,70435.0,70020.0,69956.0,6,zandvoort,alpine,12.0,11.0,5.0,80.0,1.0,1071.0,38.0,11.0,0.0,7.33,8.2,1.0,2.0,-0.87,21.5,36.11,54.11,0,0.0
2021,13,bottas,3.0,70219.0,69769.0,69222.0,3,zandvoort,mercedes,13.0,12.0,1.0,310.5,4.0,337.0,108.0,4.0,0.0,7.5,5.0,3.0,0.5,2.5,21.5,36.11,54.11,0,0.0
2021,13,gasly,4.0,70274.0,69541.0,69478.0,4,zandvoort,alphatauri,6.0,6.0,6.0,72.0,0.0,593.0,54.0,9.0,0.0,7.33,7.75,1.0,0.0,-0.42,21.5,36.11,54.11,0,0.0
2021,13,giovinazzi,7.0,70050.0,70033.0,69590.0,14,zandvoort,alfa,14.0,13.0,9.0,3.0,0.0,705.0,1.0,18.0,0.0,13.0,13.6,0.0,-3.33,-0.6,21.5,36.11,54.11,0,0.0
2021,13,hamilton,2.0,70114.0,69726.0,68923.0,2,zandvoort,mercedes,3.0,3.0,1.0,310.5,4.0,38.0,202.5,1.0,4.0,2.0,2.4,0.0,0.0,-0.4,21.5,36.11,54.11,0,0.0
2021,13,kubica,18.0,71301.0,,,15,zandvoort,alfa,,,9.0,3.0,0.0,,,,,,,,,,21.5,36.11,54.11,0,0.0
2021,13,latifi,14.0,70093.0,71161.0,,16,zandvoort,williams,10.0,9.0,8.0,20.0,0.0,,7.0,16.0,0.0,10.0,12.6,1.0,5.0,-2.6,21.5,36.11,54.11,0,0.0
2021,13,leclerc,5.0,69829.0,69437.0,69527.0,5,zandvoort,ferrari,9.0,8.0,4.0,165.5,0.0,642.0,82.0,7.0,0.0,5.0,6.25,1.0,1.5,-1.25,21.5,36.11,54.11,0,0.0
2021,13,max_verstappen,1.0,70036.0,69071.0,68885.0,1,zandvoort,red_bull,1.0,1.0,2.0,303.5,7.0,0.0,199.5,2.0,6.0,5.0,3.0,2.0,-3.0,2.0,21.5,36.11,54.11,0,0.0
2021,13,mazepin,20.0,71875.0,,,20,zandvoort,haas,18.0,17.0,10.0,0.0,0.0,,0.0,20.0,0.0,17.0,17.75,2.0,1.5,-0.75,21.5,36.11,54.11,0,0.0
2021,13,mick_schumacher,19.0,71387.0,,,18,zandvoort,haas,17.0,16.0,10.0,0.0,0.0,,0.0,19.0,0.0,15.33,16.0,0.0,3.0,-0.67,21.5,36.11,54.11,0,0.0
2021,13,norris,13.0,70489.0,70406.0,,10,zandvoort,mclaren,15.0,14.0,3.0,169.0,0.0,,113.0,3.0,0.0,9.0,6.5,1.0,1.0,2.5,21.5,36.11,54.11,0,0.0
2021,13,ocon,8.0,70179.0,69919.0,69933.0,9,zandvoort,alpine,8.0,7.0,5.0,80.0,1.0,1048.0,42.0,10.0,1.0,5.67,7.75,2.0,2.67,-2.08,21.5,36.11,54.11,0,0.0
2021,13,perez,16.0,70530.0,,,8,zandvoort,red_bull,0.0,19.0,2.0,303.5,7.0,,104.0,5.0,1.0,17.5,11.25,1.0,-17.5,6.25,21.5,36.11,54.11,0,0.0
2021,13,ricciardo,10.0,70255.0,69865.0,70166.0,11,zandvoort,mclaren,4.0,4.0,3.0,169.0,0.0,1281.0,56.0,8.0,0.0,6.67,8.0,0.0,0.33,-1.33,21.5,36.11,54.11,0,0.0
2021,13,russell,11.0,70382.0,70332.0,,17,zandvoort,williams,2.0,2.0,8.0,20.0,0.0,,13.0,15.0,0.0,7.33,8.25,3.0,3.0,-0.92,21.5,36.11,54.11,0,0.0
2021,13,sainz,6.0,70022.0,69870.0,69537.0,7,zandvoort,ferrari,11.0,10.0,4.0,165.5,0.0,652.0,83.5,6.0,0.0,6.33,6.0,0.0,5.67,0.33,21.5,36.11,54.11,0,0.0
2021,13,stroll,12.0,70438.0,70367.0,,12,zandvoort,aston_martin,19.0,20.0,7.0,53.0,0.0,,18.0,14.0,0.0,14.0,12.25,2.0,2.5,1.75,21.5,36.11,54.11,0,0.0
2021,13,tsunoda,15.0,70462.0,71314.0,,19,zandvoort,alphatauri,16.0,15.0,6.0,72.0,0.0,,18.0,13.0,0.0,10.33,10.6,1.0,5.67,-0.27,21.5,36.11,54.11,0,0.0
2021,13,vettel,17.0,70731.0,,,13,zandvoort,aston_martin,5.0,5.0,7.0,53.0,0.0,,35.0,12.0,0.0,5.0,11.33,1.0,0.0,-6.33,21.5,36.11,54.11,0,0.0
2021,14,alonso,13.0,81487.0,81069.0,,8,monza,alpine,9.0,6.0,5.0,90.0,1.0,,46.0,10.0,0.0,7.0,7.6,1.0,3.0,-0.6,28.89,43.53,33.28,0,0.0
2021,14,bottas,1.0,80685.0,80032.0,79555.0,3,monza,mercedes,3.0,3.0,1.0,344.5,4.0,0.0,123.0,3.0,0.0,7.5,5.0,3.0,0.5,2.5,28.89,43.53,33.28,0,0.0
2021,14,gasly,6.0,81440.0,80556.0,80260.0,19,monza,alphatauri,4.0,4.0,6.0,84.0,0.0,705.0,66.0,8.0,0.0,5.0,7.0,1.0,0.0,-2.0,28.89,43.53,33.28,0,0.0
2021,14,giovinazzi,10.0,81197.0,80726.0,80808.0,13,monza,alfa,7.0,14.0,9.0,3.0,0.0,1253.0,1.0,18.0,0.0,13.33,13.4,0.0,-6.33,-0.07,28.89,43.53,33.28,0,0.0
2021,14,hamilton,2.0,80543.0,79936.0,79651.0,17,monza,mercedes,2.0,2.0,1.0,344.5,4.0,96.0,221.5,2.0,4.0,2.33,2.4,0.0,-0.33,-0.07,28.89,43.53,33.28,0,0.0
2021,14,kubica,19.0,82530.0,,,14,monza,alfa,16.0,15.0,9.0,3.0,0.0,,0.0,21.0,0.0,15.0,15.0,0.0,1.0,0.0,28.89,43.53,33.28,0,0.0
2021,14,latifi,16.0,81925.0,,,11,monza,williams,0.0,16.0,8.0,20.0,0.0,,7.0,16.0,0.0,10.67,12.4,1.0,-1.33,-1.73,28.89,43.53,33.28,0,0.0
2021,14,leclerc,8.0,81219.0,80767.0,80510.0,4,monza,ferrari,5.0,5.0,3.0,181.5,0.0,955.0,92.0,6.0,0.0,6.5,5.75,1.0,0.5,0.75,28.89,43.53,33.28,0,0.0
2021,14,max_verstappen,3.0,81035.0,80229.0,79966.0,18,monza,red_bull,1.0,1.0,2.0,332.5,8.0,411.0,224.5,1.0,7.0,3.67,3.0,2.0,-2.0,0.67,28.89,43.53,33.28,0,0.0
2021,14,mazepin,20.0,82716.0,,,16,monza,haas,18.0,20.0,10.0,0.0,0.0,,0.0,20.0,0.0,17.0,17.67,2.0,1.0,-0.67,28.89,43.53,33.28,0,0.0
2021,14,mick_schumacher,18.0,82248.0,,,15,monza,haas,17.0,18.0,10.0,0.0,0.0,,0.0,19.0,0.0,15.33,16.4,0.0,2.67,-1.07,28.89,43.53,33.28,0,0.0
2021,14,norris,4.0,80916.0,80059.0,79989.0,2,monza,mclaren,13.0,10.0,4.0,170.0,0.0,434.0,114.0,4.0,0.0,12.0,7.75,1.0,2.0,4.25,28.89,43.53,33.28,0,0.0
2021,14,ocon,14.0,81500.0,81103.0,,10,monza,alpine,8.0,9.0,5.0,90.0,1.0,,44.0,11.0,1.0,5.67,6.5,2.0,2.33,-0.83,28.89,43.53,33.28,0,0.0
2021,14,perez,9.0,81308.0,80882.0,80611.0,5,monza,red_bull,0.0,8.0,2.0,332.5,8.0,1056.0,108.0,5.0,1.0,13.5,12.25,1.0,-13.5,1.25,28.89,43.53,33.28,0,0.0
2021,14,ricciardo,5.0,81292.0,80435.0,79995.0,1,monza,mclaren,10.0,11.0,4.0,170.0,0.0,440.0,56.0,9.0,0.0,8.67,7.6,0.0,-0.33,1.07,28.89,43.53,33.28,0,0.0
2021,14,russell,15.0,81890.0,81392.0,,9,monza,williams,11.0,17.0,8.0,20.0,0.0,,13.0,15.0,0.0,9.0,10.0,3.0,1.0,-1.0,28.89,43.53,33.28,0,0.0
2021,14,sainz,7.0,81118.0,80750.0,80462.0,6,monza,ferrari,6.0,7.0,3.0,181.5,0.0,907.0,89.5,7.0,0.0,6.67,6.2,0.0,4.0,0.47,28.89,43.53,33.28,0,0.0
2021,14,stroll,12.0,81415.0,81020.0,,7,monza,aston_martin,12.0,12.0,7.0,53.0,0.0,,18.0,14.0,0.0,16.0,13.25,2.0,-0.5,2.75,28.89,43.53,33.28,0,0.0
2021,14,tsunoda,17.0,81973.0,,,20,monza,alphatauri,14.0,19.0,6.0,84.0,0.0,,18.0,13.0,0.0,10.5,10.75,1.0,5.5,-0.25,28.89,43.53,33.28,0,0.0
2021,14,vettel,11.0,81394.0,80913.0,,12,monza,aston_martin,15.0,13.0,7.0,53.0,0.0,,35.0,12.0,0.0,9.0,11.67,1.0,1.0,-2.67,28.89,43.53,33.28,0,0.0
2021,15,alonso,6.0,107877.0,105514.0,104204.0,6,sochi,alpine,10.0,8.0,5.0,95.0,1.0,2211.0,50.0,10.0,0.0,8.33,7.2,1.0,2.0,1.13,19.14,21.76,61.95,0,10.1
2021,15,bottas,7.0,106396.0,105306.0,104710.0,5,sochi,mercedes,19.0,3.0,1.0,362.5,4.0,2717.0,141.0,3.0,0.0,6.0,5.25,3.0,5.67,0.75,19.14,21.76,61.95,0,10.1
2021,15,gasly,12.0,107828.0,106641.0,,13,sochi,alphatauri,0.0,19.0,6.0,84.0,0.0,,66.0,9.0,0.0,5.0,6.5,1.0,0.0,-1.5,19.14,21.76,61.95,0,10.1
2021,15,giovinazzi,18.0,111023.0,,,16,sochi,alfa,7.0,13.0,9.0,3.0,0.0,,1.0,18.0,0.0,13.33,13.2,0.0,-4.0,0.13,19.14,21.76,61.95,0,10.1
2021,15,hamilton,4.0,105992.0,105129.0,104050.0,1,sochi,mercedes,4.0,17.0,1.0,362.5,4.0,2057.0,221.5,2.0,4.0,2.5,2.0,0.0,0.0,0.5,19.14,21.76,61.95,0,10.1
2021,15,latifi,14.0,108252.0,,,19,sochi,williams,13.0,11.0,8.0,22.0,0.0,,7.0,16.0,0.0,12.0,11.4,1.0,-4.33,0.6,19.14,21.76,61.95,0,10.1
2021,15,leclerc,15.0,108470.0,,,15,sochi,ferrari,5.0,4.0,4.0,201.5,0.0,,104.0,6.0,0.0,5.67,4.75,1.0,0.67,0.92,19.14,21.76,61.95,0,10.1
2021,15,max_verstappen,20.0,,,,2,sochi,red_bull,1.0,18.0,2.0,344.5,8.0,,226.5,1.0,7.0,1.0,3.67,2.0,0.0,-2.67,19.14,21.76,61.95,0,10.1
2021,15,mazepin,19.0,113764.0,,,18,sochi,haas,16.0,16.0,10.0,0.0,0.0,,0.0,21.0,0.0,17.0,17.0,3.0,1.0,0.0,19.14,21.76,61.95,0,10.1
2021,15,mick_schumacher,17.0,109830.0,,,20,sochi,haas,18.0,15.0,10.0,0.0,0.0,,0.0,19.0,0.0,16.33,15.8,0.0,1.0,0.53,19.14,21.76,61.95,0,10.1
2021,15,norris,1.0,107238.0,105827.0,101993.0,7,sochi,mclaren,3.0,2.0,3.0,215.0,1.0,0.0,132.0,4.0,0.0,8.67,7.5,1.0,1.67,1.17,19.14,21.76,61.95,0,10.1
2021,15,ocon,10.0,108099.0,106070.0,105865.0,14,sochi,alpine,12.0,10.0,5.0,95.0,1.0,3872.0,45.0,11.0,1.0,8.67,7.2,2.0,0.67,1.47,19.14,21.76,61.95,0,10.1
2021,15,perez,9.0,106455.0,105834.0,105337.0,9,sochi,red_bull,8.0,5.0,2.0,344.5,8.0,3344.0,118.0,5.0,1.0,10.67,12.0,1.0,-8.0,-1.33,19.14,21.76,61.95,0,10.1
2021,15,raikkonen,16.0,109586.0,,,8,sochi,alfa,,,9.0,3.0,0.0,,2.0,17.0,0.0,14.33,13.8,1.0,-5.67,0.53,19.14,21.76,61.95,0,10.1
2021,15,ricciardo,5.0,108345.0,106361.0,104156.0,4,sochi,mclaren,2.0,1.0,3.0,215.0,1.0,2163.0,83.0,8.0,1.0,5.33,6.4,0.0,0.0,-1.07,19.14,21.76,61.95,0,10.1
2021,15,russell,3.0,108303.0,106435.0,102983.0,10,sochi,williams,14.0,9.0,8.0,22.0,0.0,990.0,15.0,15.0,0.0,9.33,9.6,3.0,-0.33,-0.27,19.14,21.76,61.95,0,10.1
2021,15,sainz,2.0,107924.0,106521.0,102510.0,3,sochi,ferrari,6.0,6.0,4.0,201.5,0.0,517.0,97.5,7.0,0.0,7.67,6.4,0.0,0.0,1.27,19.14,21.76,61.95,0,10.1
2021,15,stroll,8.0,108322.0,106360.0,104956.0,11,sochi,aston_martin,9.0,7.0,7.0,59.0,0.0,2963.0,24.0,13.0,0.0,13.0,11.75,2.0,0.33,1.25,19.14,21.76,61.95,0,10.1
2021,15,tsunoda,13.0,108854.0,106751.0,,17,sochi,alphatauri,0.0,20.0,6.0,84.0,0.0,,18.0,14.0,0.0,15.0,10.33,2.0,1.0,4.67,19.14,21.76,61.95,0,10.1
2021,15,vettel,11.0,107205.0,106573.0,,12,sochi,aston_martin,11.0,12.0,7.0,59.0,0.0,,35.0,12.0,0.0,10.0,10.0,1.0,0.33,0.0,19.14,21.76,61.95,0,10.1
2021,16,alonso,6.0,85174.0,83914.0,83477.0,16,istanbul,alpine,6.0,6.0,5.0,103.0,1.0,609.0,58.0,10.0,0.0,6.67,7.0,1.0,1.67,-0.33,15.83,18.18,93.52,0,0.0
2021,16,bottas,2.0,85047.0,83579.0,82998.0,1,istanbul,mercedes,16.0,5.0,1.0,397.5,5.0,130.0,151.0,3.0,0.0,3.67,5.75,3.0,9.0,-2.08,15.83,18.18,93.52,0,0.0
2021,16,gasly,5.0,84704.0,83817.0,83326.0,6,istanbul,alphatauri,11.0,13.0,6.0,84.0,0.0,458.0,66.0,9.0,0.0,8.5,7.0,2.0,-1.0,1.5,15.83,18.18,93.52,0,0.0
2021,16,giovinazzi,18.0,86430.0,,,11,istanbul,alfa,17.0,16.0,9.0,7.0,0.0,,1.0,18.0,0.0,14.33,13.8,0.0,-4.0,0.53,15.83,18.18,93.52,0,0.0
2021,16,hamilton,1.0,84585.0,83082.0,82868.0,5,istanbul,mercedes,4.0,1.0,1.0,397.5,5.0,0.0,246.5,1.0,5.0,1.5,2.0,1.0,1.5,-0.5,15.83,18.18,93.52,0,0.0
2021,16,latifi,17.0,86086.0,,,17,istanbul,williams,18.0,19.0,8.0,23.0,0.0,,7.0,16.0,0.0,15.33,12.4,1.0,-5.0,2.93,15.83,18.18,93.52,0,0.0
2021,16,leclerc,4.0,84869.0,84015.0,83265.0,4,istanbul,ferrari,19.0,15.0,4.0,216.5,0.0,397.0,104.0,7.0,0.0,8.0,8.0,1.0,1.67,0.0,15.83,18.18,93.52,0,0.0
2021,16,max_verstappen,3.0,84592.0,83732.0,83196.0,2,istanbul,red_bull,20.0,2.0,2.0,364.5,8.0,328.0,244.5,2.0,7.0,1.5,3.25,3.0,9.0,-1.75,15.83,18.18,93.52,0,0.0
2021,16,mazepin,20.0,88449.0,,,20,istanbul,haas,15.0,18.0,10.0,0.0,0.0,,0.0,21.0,0.0,18.0,17.5,4.0,-3.0,0.5,15.83,18.18,93.52,0,0.0
2021,16,mick_schumacher,14.0,85555.0,85200.0,,19,istanbul,haas,14.0,20.0,10.0,0.0,0.0,,0.0,19.0,0.0,16.5,15.25,0.0,1.0,1.25,15.83,18.18,93.52,0,0.0
2021,16,norris,8.0,85138.0,84642.0,83954.0,7,istanbul,mclaren,1.0,7.0,3.0,234.0,1.0,1086.0,139.0,4.0,0.0,6.33,8.25,1.0,-0.67,-1.92,15.83,18.18,93.52,0,0.0
2021,16,ocon,12.0,85422.0,84842.0,,10,istanbul,alpine,9.0,14.0,5.0,103.0,1.0,,45.0,11.0,1.0,11.0,8.2,2.0,-1.33,2.8,15.83,18.18,93.52,0,0.0
2021,16,perez,7.0,84963.0,83961.0,83706.0,3,istanbul,red_bull,8.0,9.0,2.0,364.5,8.0,838.0,120.0,5.0,1.0,7.33,10.25,1.0,-2.0,-2.92,15.83,18.18,93.52,0,0.0
2021,16,raikkonen,19.0,87525.0,,,12,istanbul,alfa,13.0,8.0,9.0,7.0,0.0,,6.0,17.0,0.0,12.0,13.2,1.0,-3.33,-1.2,15.83,18.18,93.52,0,0.0
2021,16,ricciardo,16.0,85881.0,,,13,istanbul,mclaren,5.0,4.0,3.0,234.0,1.0,,95.0,8.0,1.0,5.33,6.2,0.0,0.33,-0.87,15.83,18.18,93.52,0,0.0
2021,16,russell,13.0,85417.0,85007.0,,15,istanbul,williams,3.0,10.0,8.0,23.0,0.0,,16.0,15.0,0.0,12.0,9.2,3.0,-2.67,2.8,15.83,18.18,93.52,0,0.0
2021,16,sainz,15.0,85177.0,,,8,istanbul,ferrari,2.0,3.0,4.0,216.5,0.0,,112.5,6.0,0.0,5.33,5.8,0.0,-0.67,-0.47,15.83,18.18,93.52,0,0.0
2021,16,stroll,9.0,85511.0,84601.0,84305.0,9,istanbul,aston_martin,7.0,11.0,7.0,59.0,0.0,1437.0,24.0,13.0,0.0,10.0,12.5,2.0,-0.67,-2.5,15.83,18.18,93.52,0,0.0
2021,16,tsunoda,10.0,85409.0,84054.0,84368.0,14,istanbul,alphatauri,12.0,17.0,6.0,84.0,0.0,1500.0,18.0,14.0,0.0,17.0,12.67,2.0,-5.0,4.33,15.83,18.18,93.52,0,0.0
2021,16,vettel,11.0,85787.0,84795.0,,18,istanbul,aston_martin,10.0,12.0,7.0,59.0,0.0,,35.0,12.0,0.0,12.33,10.5,1.0,-0.33,1.83,15.83,18.18,93.52,0,0.0
2021,17,alonso,14.0,95756.0,104549.0,,18,americas,alpine,5.0,16.0,5.0,104.0,1.0,,58.0,10.0,0.0,10.0,9.4,1.0,-3.0,0.6,28.15,37.47,61.19,0,0.0
2021,17,bottas,4.0,94590.0,93959.0,93475.0,6,americas,mercedes,1.0,1.0,1.0,433.5,6.0,565.0,177.0,3.0,1.0,3.0,4.8,3.0,9.0,-1.8,28.15,37.47,61.19,0,0.0
2021,17,gasly,9.0,94567.0,94583.0,94118.0,20,americas,alphatauri,4.0,6.0,6.0,92.0,0.0,1208.0,74.0,9.0,0.0,9.5,7.25,2.0,-2.0,2.25,28.15,37.47,61.19,0,0.0
2021,17,giovinazzi,13.0,95920.0,95794.0,,11,americas,alfa,16.0,11.0,9.0,7.0,0.0,,1.0,18.0,0.0,13.33,13.4,0.0,0.0,-0.07,28.15,37.47,61.19,0,0.0
2021,17,hamilton,2.0,94579.0,93797.0,93119.0,2,americas,mercedes,11.0,5.0,1.0,433.5,6.0,209.0,256.5,2.0,5.0,3.0,2.75,1.0,4.5,0.25,28.15,37.47,61.19,0,0.0
2021,17,latifi,17.0,95995.0,,,15,americas,williams,15.0,17.0,8.0,23.0,0.0,,7.0,16.0,0.0,15.67,14.4,1.0,-0.33,1.27,28.15,37.47,61.19,0,0.0
2021,17,leclerc,5.0,94153.0,93928.0,93606.0,4,americas,ferrari,3.0,4.0,4.0,232.5,0.0,696.0,116.0,7.0,0.0,7.67,7.2,1.0,1.33,0.47,28.15,37.47,61.19,0,0.0
2021,17,max_verstappen,1.0,94352.0,93464.0,92910.0,1,americas,red_bull,2.0,2.0,2.0,397.5,8.0,0.0,262.5,1.0,7.0,2.0,1.5,3.0,9.0,0.5,28.15,37.47,61.19,0,0.0
2021,17,mazepin,20.0,96796.0,,,17,americas,haas,18.0,20.0,10.0,0.0,0.0,,0.0,21.0,0.0,19.0,18.33,4.0,-2.5,0.67,28.15,37.47,61.19,0,0.0
2021,17,mick_schumacher,19.0,96499.0,,,16,americas,haas,14.0,19.0,10.0,0.0,0.0,,0.0,19.0,0.0,17.0,17.0,1.0,-1.0,0.0,28.15,37.47,61.19,0,0.0
2021,17,norris,8.0,94551.0,93880.0,93887.0,8,americas,mclaren,7.0,7.0,3.0,240.0,1.0,977.0,145.0,4.0,0.0,5.33,8.0,1.0,-1.67,-2.67,28.15,37.47,61.19,0,0.0
2021,17,ocon,11.0,95747.0,95377.0,,19,americas,alpine,12.0,10.0,5.0,104.0,1.0,,46.0,11.0,1.0,11.33,10.0,2.0,-0.33,1.33,28.15,37.47,61.19,0,0.0
2021,17,perez,3.0,94369.0,94178.0,93134.0,3,americas,red_bull,6.0,3.0,2.0,397.5,8.0,224.0,135.0,5.0,1.0,5.67,8.8,1.0,1.67,-3.13,28.15,37.47,61.19,0,0.0
2021,17,raikkonen,18.0,96311.0,,,13,americas,alfa,17.0,12.0,9.0,7.0,0.0,,6.0,17.0,0.0,12.67,12.6,1.0,-2.67,0.07,28.15,37.47,61.19,0,0.0
2021,17,ricciardo,7.0,94407.0,94643.0,93808.0,5,americas,mclaren,20.0,13.0,3.0,240.0,1.0,898.0,95.0,8.0,1.0,6.0,6.6,0.0,3.0,-0.6,28.15,37.47,61.19,0,0.0
2021,17,russell,15.0,95746.0,,,14,americas,williams,13.0,15.0,8.0,23.0,0.0,,16.0,15.0,0.0,11.33,10.6,3.0,-1.33,0.73,28.15,37.47,61.19,0,0.0
2021,17,sainz,6.0,94558.0,94126.0,93792.0,7,americas,ferrari,19.0,8.0,4.0,232.5,0.0,882.0,116.5,6.0,0.0,5.67,6.8,0.0,3.33,-1.13,28.15,37.47,61.19,0,0.0
2021,17,stroll,16.0,95983.0,,,12,americas,aston_martin,8.0,9.0,7.0,61.0,0.0,,26.0,13.0,0.0,9.0,11.8,2.0,-1.0,-2.8,28.15,37.47,61.19,0,0.0
2021,17,tsunoda,10.0,95360.0,95137.0,94918.0,9,americas,alphatauri,9.0,14.0,6.0,92.0,0.0,2008.0,18.0,14.0,0.0,15.5,15.33,2.0,-5.0,0.17,28.15,37.47,61.19,0,0.0
2021,17,vettel,12.0,95281.0,95500.0,,10,americas,aston_martin,10.0,18.0,7.0,61.0,0.0,,35.0,12.0,0.0,14.0,12.0,1.0,-3.67,2.0,28.15,37.47,61.19,0,0.0
2021,18,alonso,16.0,78452.0,,,9,rodriguez,alpine,19.0,18.0,5.0,104.0,1.0,,58.0,10.0,0.0,11.0,9.0,1.0,-5.5,2.0,21.21,47.58,31.21,0,0.0
2021,18,bottas,1.0,76727.0,76864.0,75875.0,15,rodriguez,mercedes,9.0,6.0,1.0,460.5,6.0,0.0,185.0,3.0,1.0,4.0,3.6,3.0,4.67,0.4,21.21,47.58,31.21,0,0.0
2021,18,gasly,5.0,76908.0,76955.0,76456.0,4,rodriguez,alphatauri,8.0,20.0,6.0,94.0,0.0,581.0,74.0,9.0,0.0,9.5,7.67,2.0,-2.0,1.83,21.21,47.58,31.21,0,0.0
2021,18,giovinazzi,14.0,77897.0,78290.0,,11,rodriguez,alfa,12.0,11.0,9.0,7.0,0.0,,1.0,18.0,0.0,12.67,13.0,0.0,2.33,-0.33,21.21,47.58,31.21,0,0.0
2021,18,hamilton,2.0,77207.0,76474.0,76020.0,2,rodriguez,mercedes,2.0,2.0,1.0,460.5,6.0,145.0,275.5,2.0,5.0,2.67,2.5,1.0,3.0,0.17,21.21,47.58,31.21,0,0.0
2021,18,latifi,17.0,78756.0,,,17,rodriguez,williams,14.0,15.0,8.0,23.0,0.0,,7.0,16.0,0.0,17.0,15.6,1.0,-1.33,1.4,21.21,47.58,31.21,0,0.0
2021,18,leclerc,8.0,76748.0,77034.0,76837.0,5,rodriguez,ferrari,4.0,4.0,4.0,250.5,0.0,962.0,128.0,6.0,0.0,7.67,6.4,1.0,1.0,1.27,21.21,47.58,31.21,0,0.0
2021,18,max_verstappen,3.0,76788.0,76483.0,76225.0,1,rodriguez,red_bull,1.0,1.0,2.0,437.5,9.0,350.0,287.5,1.0,8.0,1.67,1.5,3.0,6.0,0.17,21.21,47.58,31.21,0,0.0
2021,18,mazepin,19.0,79303.0,,,18,rodriguez,haas,17.0,17.0,10.0,0.0,0.0,,0.0,21.0,0.0,18.33,18.33,4.0,-1.67,0.0,21.21,47.58,31.21,0,0.0
2021,18,mick_schumacher,18.0,78858.0,,,19,rodriguez,haas,16.0,16.0,10.0,0.0,0.0,,0.0,19.0,0.0,17.5,17.0,1.0,-2.5,0.5,21.21,47.58,31.21,0,0.0
2021,18,norris,10.0,77569.0,77473.0,96830.0,10,rodriguez,mclaren,7.0,8.0,3.0,254.0,1.0,20955.0,149.0,5.0,0.0,7.33,6.8,1.0,-2.33,0.53,21.21,47.58,31.21,0,0.0
2021,18,ocon,15.0,78126.0,78405.0,,13,rodriguez,alpine,11.0,19.0,5.0,104.0,1.0,,46.0,11.0,1.0,12.0,10.75,2.0,-1.5,1.25,21.21,47.58,31.21,0,0.0
2021,18,perez,4.0,77003.0,77055.0,76342.0,3,rodriguez,red_bull,3.0,3.0,2.0,437.5,9.0,467.0,150.0,4.0,1.0,5.0,5.6,1.0,0.67,-0.6,21.21,47.58,31.21,0,0.0
2021,18,raikkonen,12.0,77606.0,77958.0,,8,rodriguez,alfa,15.0,13.0,9.0,7.0,0.0,,6.0,17.0,0.0,11.0,12.2,1.0,4.0,-1.2,21.21,47.58,31.21,0,0.0
2021,18,ricciardo,7.0,77719.0,77092.0,76763.0,12,rodriguez,mclaren,6.0,5.0,3.0,254.0,1.0,888.0,105.0,8.0,1.0,7.33,6.8,0.0,3.0,0.53,21.21,47.58,31.21,0,0.0
2021,18,russell,13.0,77958.0,78172.0,,16,rodriguez,williams,20.0,14.0,8.0,23.0,0.0,,16.0,15.0,0.0,13.0,13.0,3.0,-1.0,0.0,21.21,47.58,31.21,0,0.0
2021,18,sainz,6.0,77517.0,77248.0,76761.0,6,rodriguez,ferrari,5.0,7.0,4.0,250.5,0.0,886.0,122.5,7.0,0.0,6.0,6.2,0.0,2.67,-0.2,21.21,47.58,31.21,0,0.0
2021,18,stroll,20.0,80873.0,,,14,rodriguez,aston_martin,13.0,12.0,7.0,62.0,0.0,,26.0,13.0,0.0,10.67,10.2,2.0,-1.33,0.47,21.21,47.58,31.21,0,0.0
2021,18,tsunoda,9.0,77330.0,76701.0,77158.0,20,rodriguez,alphatauri,10.0,9.0,6.0,94.0,0.0,1283.0,20.0,14.0,0.0,13.33,13.33,2.0,-3.0,0.0,21.21,47.58,31.21,0,0.0
2021,18,vettel,11.0,77502.0,77746.0,,7,rodriguez,aston_martin,18.0,10.0,7.0,62.0,0.0,,36.0,12.0,0.0,13.33,13.0,1.0,-0.67,0.33,21.21,47.58,31.21,0,0.0
2021,19,alonso,10.0,69391.0,69137.0,69113.0,9,interlagos,alpine,12.0,9.0,5.0,106.0,1.0,1179.0,60.0,10.0,0.0,12.5,9.75,2.0,-4.0,2.75,23.14,51.56,60.1,0,0.0
2021,19,bottas,3.0,69040.0,68426.0,68469.0,3,interlagos,mercedes,1.0,15.0,1.0,478.5,6.0,535.0,185.0,3.0,1.0,7.33,6.0,3.0,-3.67,1.33,23.14,51.56,60.1,0,0.0
2021,19,gasly,5.0,69347.0,68903.0,68777.0,7,interlagos,alphatauri,5.0,4.0,6.0,106.0,0.0,843.0,86.0,9.0,0.0,5.0,7.67,3.0,-0.5,-2.67,23.14,51.56,60.1,0,0.0
2021,19,giovinazzi,15.0,69342.0,70227.0,,14,interlagos,alfa,11.0,11.0,9.0,11.0,0.0,,1.0,18.0,0.0,11.0,12.4,0.0,2.0,-1.4,23.14,51.56,60.1,0,0.0
2021,19,hamilton,1.0,68733.0,68068.0,67934.0,1,interlagos,mercedes,2.0,2.0,1.0,478.5,6.0,0.0,293.5,2.0,5.0,3.0,2.5,1.0,2.0,0.5,23.14,51.56,60.1,0,0.0
2021,19,latifi,17.0,69897.0,,,16,interlagos,williams,13.0,17.0,8.0,23.0,0.0,,7.0,17.0,0.0,16.33,15.8,1.0,-2.33,0.53,23.14,51.56,60.1,0,0.0
2021,19,leclerc,7.0,69155.0,68859.0,68960.0,5,interlagos,ferrari,8.0,5.0,3.0,268.5,0.0,1026.0,138.0,6.0,0.0,4.33,6.4,1.0,0.67,-2.07,23.14,51.56,60.1,0,0.0
2021,19,max_verstappen,2.0,69329.0,68499.0,68372.0,2,interlagos,red_bull,3.0,1.0,2.0,477.5,10.0,438.0,312.5,1.0,9.0,1.33,1.5,3.0,0.67,-0.17,23.14,51.56,60.1,0,0.0
2021,19,mazepin,20.0,70589.0,,,17,interlagos,haas,15.0,18.0,10.0,0.0,0.0,,0.0,21.0,0.0,18.33,18.25,4.0,-1.67,0.08,23.14,51.56,60.1,0,0.0
2021,19,mick_schumacher,19.0,70329.0,,,18,interlagos,haas,14.0,19.0,10.0,0.0,0.0,,0.0,19.0,0.0,17.5,16.67,1.0,-2.5,0.83,23.14,51.56,60.1,0,0.0
2021,19,norris,8.0,69365.0,69030.0,68980.0,10,interlagos,mclaren,18.0,10.0,4.0,255.0,1.0,1046.0,150.0,5.0,0.0,8.33,6.8,1.0,2.33,1.53,23.14,51.56,60.1,0,0.0
2021,19,ocon,11.0,69430.0,69189.0,,8,interlagos,alpine,19.0,13.0,5.0,106.0,1.0,,46.0,11.0,1.0,11.5,11.75,3.0,4.0,-0.25,23.14,51.56,60.1,0,0.0
2021,19,perez,4.0,69172.0,68973.0,68483.0,4,interlagos,red_bull,4.0,3.0,2.0,477.5,10.0,549.0,165.0,4.0,1.0,3.0,4.6,1.0,1.33,-1.6,23.14,51.56,60.1,0,0.0
2021,19,raikkonen,14.0,69598.0,69503.0,,12,interlagos,alfa,10.0,8.0,9.0,11.0,0.0,,10.0,16.0,0.0,11.0,11.8,1.0,3.0,-0.8,23.14,51.56,60.1,0,0.0
2021,19,ricciardo,9.0,69374.0,69093.0,69039.0,19,interlagos,mclaren,7.0,12.0,4.0,255.0,1.0,1105.0,105.0,8.0,1.0,10.0,7.0,0.0,1.0,3.0,23.14,51.56,60.1,0,0.0
2021,19,russell,18.0,69953.0,,,13,interlagos,williams,16.0,16.0,8.0,23.0,0.0,,16.0,15.0,0.0,15.0,12.8,3.0,1.33,2.2,23.14,51.56,60.1,0,0.0
2021,19,sainz,6.0,69046.0,69031.0,68826.0,6,interlagos,ferrari,6.0,6.0,3.0,268.5,0.0,892.0,130.5,7.0,0.0,7.0,6.0,0.0,3.0,1.0,23.14,51.56,60.1,0,0.0
2021,19,stroll,16.0,69663.0,,,20,interlagos,aston_martin,20.0,14.0,7.0,68.0,0.0,,26.0,13.0,0.0,11.67,10.6,2.0,2.0,1.07,23.14,51.56,60.1,0,0.0
2021,19,tsunoda,13.0,69350.0,69483.0,,15,interlagos,alphatauri,17.0,20.0,6.0,106.0,0.0,,20.0,14.0,0.0,11.5,13.33,2.0,-2.0,-1.83,23.14,51.56,60.1,0,0.0
2021,19,vettel,12.0,69451.0,69399.0,,11,interlagos,aston_martin,9.0,7.0,7.0,68.0,0.0,,42.0,12.0,0.0,11.67,11.8,1.0,0.67,-0.13,23.14,51.56,60.1,0,0.0
2021,20,alonso,5.0,82422.0,81894.0,81670.0,3,losail,alpine,12.0,9.0,5.0,112.0,1.0,843.0,62.0,10.0,0.0,9.0,10.0,2.0,3.0,-1.0,26.42,30.6,75.54,0,2.0
2021,20,bottas,3.0,82016.0,81991.0,81478.0,20,losail,mercedes,1.0,3.0,1.0,521.5,7.0,651.0,203.0,3.0,1.0,8.0,6.0,3.0,-4.33,2.0,26.42,30.6,75.54,0,2.0
2021,20,gasly,4.0,82535.0,81728.0,81640.0,11,losail,alphatauri,7.0,7.0,6.0,112.0,0.0,813.0,92.0,9.0,0.0,5.5,7.5,3.0,0.5,-2.0,26.42,30.6,75.54,0,2.0
2021,20,giovinazzi,18.0,83262.0,,,15,losail,alfa,13.0,14.0,9.0,11.0,0.0,,1.0,18.0,0.0,12.0,12.6,0.0,0.0,-0.6,26.42,30.6,75.54,0,2.0
2021,20,hamilton,1.0,81901.0,81682.0,80827.0,1,losail,mercedes,10.0,1.0,1.0,521.5,7.0,0.0,318.5,2.0,6.0,1.67,2.2,1.0,3.0,-0.53,26.42,30.6,75.54,0,2.0
2021,20,latifi,17.0,83213.0,,,19,losail,williams,16.0,16.0,8.0,23.0,0.0,,7.0,17.0,0.0,16.0,16.8,1.0,-1.67,-0.8,26.42,30.6,75.54,0,2.0
2021,20,leclerc,13.0,82742.0,82463.0,,8,losail,ferrari,6.0,5.0,3.0,287.5,0.0,,148.0,6.0,0.0,4.67,6.6,1.0,1.33,-1.93,26.42,30.6,75.54,0,2.0
2021,20,max_verstappen,2.0,81996.0,81984.0,81282.0,2,losail,red_bull,2.0,2.0,2.0,510.5,10.0,455.0,332.5,1.0,9.0,1.33,1.6,3.0,0.67,-0.27,26.42,30.6,75.54,0,2.0
2021,20,mazepin,20.0,85859.0,,,18,losail,haas,19.0,17.0,10.0,0.0,0.0,,0.0,21.0,0.0,17.33,18.0,4.0,-0.33,-0.67,26.42,30.6,75.54,0,2.0
2021,20,mick_schumacher,19.0,83407.0,,,16,losail,haas,18.0,18.0,10.0,0.0,0.0,,0.0,19.0,0.0,17.0,17.67,2.0,0.0,-0.67,26.42,30.6,75.54,0,2.0
2021,20,norris,6.0,82839.0,82216.0,81731.0,9,losail,mclaren,5.0,10.0,4.0,256.0,1.0,904.0,151.0,5.0,0.0,9.33,8.4,1.0,0.67,0.93,26.42,30.6,75.54,0,2.0
2021,20,ocon,9.0,82565.0,82012.0,82028.0,5,losail,alpine,8.0,8.0,5.0,112.0,1.0,1201.0,50.0,11.0,1.0,10.5,11.25,3.0,3.0,-0.75,26.42,30.6,75.54,0,2.0
2021,20,perez,11.0,82398.0,82346.0,,4,losail,red_bull,4.0,4.0,2.0,510.5,10.0,,178.0,4.0,1.0,3.33,4.4,1.0,0.33,-1.07,26.42,30.6,75.54,0,2.0
2021,20,raikkonen,16.0,83156.0,,,14,losail,alfa,0.0,12.0,9.0,11.0,0.0,,10.0,16.0,0.0,11.0,10.6,1.0,-2.67,0.4,26.42,30.6,75.54,0,2.0
2021,20,ricciardo,14.0,82688.0,82597.0,,12,losail,mclaren,11.0,19.0,4.0,256.0,1.0,,105.0,8.0,1.0,8.5,8.5,0.0,-2.0,0.0,26.42,30.6,75.54,0,2.0
2021,20,russell,15.0,82863.0,82756.0,,17,losail,williams,17.0,13.0,8.0,23.0,0.0,,16.0,15.0,0.0,14.33,13.6,3.0,3.33,0.73,26.42,30.6,75.54,0,2.0
2021,20,sainz,7.0,82304.0,82241.0,81840.0,7,losail,ferrari,3.0,6.0,3.0,287.5,0.0,1013.0,139.5,7.0,0.0,6.33,6.0,0.0,-1.67,0.33,26.42,30.6,75.54,0,2.0
2021,20,stroll,12.0,82551.0,82460.0,,6,losail,aston_martin,14.0,20.0,7.0,68.0,0.0,,26.0,13.0,0.0,13.0,11.5,2.0,3.5,1.5,26.42,30.6,75.54,0,2.0
2021,20,tsunoda,8.0,82458.0,82058.0,81881.0,13,losail,alphatauri,15.0,15.0,6.0,112.0,0.0,1054.0,20.0,14.0,0.0,12.0,13.75,3.0,0.5,-1.75,26.42,30.6,75.54,0,2.0
2021,20,vettel,10.0,82549.0,82146.0,82785.0,10,losail,aston_martin,9.0,11.0,7.0,68.0,0.0,1958.0,42.0,12.0,0.0,9.33,11.6,1.0,2.67,-2.27,26.42,30.6,75.54,0,2.0
2021,21,alonso,13.0,88944.0,88920.0,,13,jeddah,alpine,3.0,3.0,5.0,137.0,1.0,,77.0,10.0,0.0,7.0,9.25,2.0,2.0,-2.25,28.82,31.68,76.2,0,0.0
2021,21,bottas,2.0,88057.0,88054.0,87622.0,3,jeddah,mercedes,6.0,20.0,1.0,546.5,8.0,111.0,203.0,3.0,1.0,9.0,6.25,3.0,-8.0,2.75,28.82,31.68,76.2,0,0.0
2021,21,gasly,6.0,88401.0,88314.0,88125.0,6,jeddah,alphatauri,2.0,11.0,6.0,112.0,0.0,614.0,92.0,9.0,0.0,7.33,7.0,3.0,-2.67,0.33,28.82,31.68,76.2,0,0.0
2021,21,giovinazzi,10.0,88899.0,88616.0,88754.0,9,jeddah,alfa,18.0,15.0,9.0,11.0,0.0,1243.0,1.0,18.0,0.0,13.33,12.4,0.0,0.67,0.93,28.82,31.68,76.2,0,0.0
2021,21,hamilton,1.0,88466.0,87712.0,87511.0,1,jeddah,mercedes,1.0,1.0,1.0,546.5,8.0,0.0,343.5,2.0,7.0,1.33,2.2,1.0,3.0,-0.87,28.82,31.68,76.2,0,0.0
2021,21,latifi,16.0,89177.0,,,12,jeddah,williams,17.0,19.0,8.0,23.0,0.0,,7.0,17.0,0.0,16.5,16.25,1.0,-2.0,0.25,28.82,31.68,76.2,0,0.0
2021,21,leclerc,4.0,88310.0,88459.0,88054.0,7,jeddah,ferrari,13.0,8.0,3.0,297.5,0.0,543.0,152.0,6.0,0.0,6.0,5.2,1.0,3.0,0.8,28.82,31.68,76.2,0,0.0
2021,21,max_verstappen,3.0,88285.0,87953.0,87653.0,2,jeddah,red_bull,7.0,2.0,2.0,541.5,10.0,142.0,351.5,1.0,9.0,1.67,1.6,3.0,2.33,0.07,28.82,31.68,76.2,0,0.0
2021,21,mazepin,20.0,90473.0,,,18,jeddah,haas,20.0,18.0,10.0,0.0,0.0,,0.0,21.0,0.0,17.67,18.0,4.0,0.33,-0.33,28.82,31.68,76.2,0,0.0
2021,21,mick_schumacher,19.0,89464.0,,,20,jeddah,haas,19.0,16.0,10.0,0.0,0.0,,0.0,19.0,0.0,17.0,17.25,2.0,1.5,-0.25,28.82,31.68,76.2,0,0.0
2021,21,norris,7.0,88338.0,88344.0,88180.0,10,jeddah,mclaren,4.0,9.0,4.0,258.0,1.0,669.0,153.0,5.0,0.0,9.67,8.8,1.0,-0.67,0.87,28.82,31.68,76.2,0,0.0
2021,21,ocon,9.0,88752.0,88574.0,88647.0,4,jeddah,alpine,9.0,5.0,5.0,137.0,1.0,1136.0,60.0,11.0,1.0,8.67,9.0,3.0,3.33,-0.33,28.82,31.68,76.2,0,0.0
2021,21,perez,5.0,88021.0,87946.0,88123.0,17,jeddah,red_bull,11.0,4.0,2.0,541.5,10.0,612.0,190.0,4.0,1.0,3.67,3.4,1.0,2.67,0.27,28.82,31.68,76.2,0,0.0
2021,21,raikkonen,12.0,88856.0,88885.0,,15,jeddah,alfa,16.0,14.0,9.0,11.0,0.0,,10.0,16.0,0.0,11.33,11.8,1.0,-2.67,-0.47,28.82,31.68,76.2,0,0.0
2021,21,ricciardo,11.0,88216.0,88668.0,,5,jeddah,mclaren,14.0,12.0,4.0,258.0,1.0,,105.0,8.0,1.0,12.0,10.5,1.0,-1.5,1.5,28.82,31.68,76.2,0,0.0
2021,21,russell,14.0,88926.0,89054.0,,19,jeddah,williams,15.0,17.0,8.0,23.0,0.0,,16.0,15.0,0.0,15.33,15.0,3.0,0.67,0.33,28.82,31.68,76.2,0,0.0
2021,21,sainz,15.0,88237.0,113652.0,,8,jeddah,ferrari,5.0,7.0,3.0,297.5,0.0,,145.5,7.0,0.0,6.33,6.8,0.0,-1.67,-0.47,28.82,31.68,76.2,0,0.0
2021,21,stroll,18.0,89368.0,,,11,jeddah,aston_martin,12.0,6.0,7.0,77.0,0.0,,34.0,13.0,0.0,10.0,10.25,3.0,6.0,-0.25,28.82,31.68,76.2,0,0.0
2021,21,tsunoda,8.0,88503.0,88222.0,88442.0,14,jeddah,alphatauri,8.0,13.0,6.0,112.0,0.0,931.0,20.0,14.0,0.0,14.0,12.75,3.0,-2.5,1.25,28.82,31.68,76.2,0,0.0
2021,21,vettel,17.0,89198.0,,,16,jeddah,aston_martin,10.0,10.0,7.0,77.0,0.0,,43.0,12.0,0.0,9.33,11.2,1.0,0.0,-1.87,28.82,31.68,76.2,0,0.0
2021,22,alonso,11.0,83846.0,83460.0,,8,yas_marina,alpine,13.0,13.0,5.0,149.0,1.0,,77.0,10.0,0.0,8.33,8.5,2.0,1.0,-0.17,24.52,28.47,59.05,0,0.0
2021,22,bottas,6.0,83117.0,83246.0,83036.0,6,yas_marina,mercedes,2.0,3.0,1.0,587.5,9.0,927.0,218.0,3.0,1.0,3.0,6.75,4.0,-1.5,-3.75,24.52,28.47,59.05,0,0.0
2021,22,gasly,12.0,83489.0,84043.0,,5,yas_marina,alphatauri,6.0,6.0,6.0,120.0,0.0,,100.0,9.0,0.0,8.0,7.0,3.0,-3.0,1.0,24.52,28.47,59.05,0,0.0
2021,22,giovinazzi,14.0,84118.0,84251.0,,17,yas_marina,alfa,10.0,9.0,9.0,13.0,0.0,,3.0,18.0,0.0,12.67,12.0,0.0,1.0,0.67,24.52,28.47,59.05,0,0.0
2021,22,hamilton,2.0,82845.0,83145.0,82480.0,2,yas_marina,mercedes,1.0,1.0,1.0,587.5,9.0,371.0,369.5,2.0,8.0,1.0,1.4,1.0,3.0,-0.4,24.52,28.47,59.05,0,0.0
2021,22,latifi,16.0,84338.0,,,16,yas_marina,williams,16.0,12.0,8.0,23.0,0.0,,7.0,17.0,0.0,14.0,15.0,2.0,2.0,-1.0,24.52,28.47,59.05,0,0.0
2021,22,leclerc,7.0,83467.0,83202.0,83122.0,10,yas_marina,ferrari,4.0,7.0,3.0,307.5,0.0,1013.0,158.0,5.0,0.0,6.67,5.8,1.0,1.0,0.87,24.52,28.47,59.05,0,0.0
2021,22,max_verstappen,1.0,83322.0,82800.0,82109.0,1,yas_marina,red_bull,3.0,2.0,2.0,559.5,10.0,0.0,369.5,1.0,9.0,2.0,1.6,3.0,2.0,0.4,24.52,28.47,59.05,0,0.0
2021,22,mazepin,20.0,85685.0,,,20,yas_marina,haas,20.0,18.0,10.0,0.0,0.0,,0.0,21.0,0.0,17.5,17.5,4.0,2.0,0.0,24.52,28.47,59.05,0,0.0
2021,22,mick_schumacher,19.0,84906.0,,,14,yas_marina,haas,19.0,20.0,10.0,0.0,0.0,,0.0,19.0,0.0,17.0,16.67,2.0,1.5,0.33,24.52,28.47,59.05,0,0.0
2021,22,norris,3.0,83553.0,83256.0,82931.0,7,yas_marina,mclaren,7.0,10.0,4.0,269.0,1.0,822.0,154.0,6.0,0.0,9.67,9.4,1.0,-4.33,0.27,24.52,28.47,59.05,0,0.0
2021,22,ocon,9.0,83764.0,83420.0,83389.0,9,yas_marina,alpine,9.0,4.0,5.0,149.0,1.0,1280.0,72.0,11.0,1.0,5.67,7.5,3.0,3.0,-1.83,24.52,28.47,59.05,0,0.0
2021,22,perez,4.0,83350.0,83135.0,82947.0,15,yas_marina,red_bull,5.0,17.0,2.0,559.5,10.0,838.0,190.0,4.0,1.0,4.0,3.5,1.0,3.5,0.5,24.52,28.47,59.05,0,0.0
2021,22,raikkonen,18.0,84779.0,,,19,yas_marina,alfa,12.0,15.0,9.0,13.0,0.0,,10.0,16.0,0.0,13.67,12.4,1.0,-4.33,1.27,24.52,28.47,59.05,0,0.0
2021,22,ricciardo,10.0,83829.0,83448.0,83409.0,12,yas_marina,mclaren,11.0,5.0,4.0,269.0,1.0,1300.0,115.0,8.0,1.0,8.5,8.5,1.0,4.0,0.0,24.52,28.47,59.05,0,0.0
2021,22,russell,17.0,84423.0,,,18,yas_marina,williams,14.0,19.0,8.0,23.0,0.0,,16.0,15.0,0.0,15.0,15.0,3.0,1.0,0.0,24.52,28.47,59.05,0,0.0
2021,22,sainz,5.0,83624.0,83174.0,82992.0,3,yas_marina,ferrari,15.0,8.0,3.0,307.5,0.0,883.0,149.5,7.0,0.0,7.0,6.8,0.0,0.67,0.2,24.52,28.47,59.05,0,0.0
2021,22,stroll,13.0,84061.0,84066.0,,13,yas_marina,aston_martin,18.0,11.0,7.0,77.0,0.0,,34.0,13.0,0.0,8.5,10.75,3.0,6.5,-2.25,24.52,28.47,59.05,0,0.0
2021,22,tsunoda,8.0,83428.0,83404.0,83220.0,4,yas_marina,alphatauri,8.0,14.0,6.0,120.0,0.0,1111.0,20.0,14.0,0.0,14.0,12.75,3.0,-3.67,1.25,24.52,28.47,59.05,0,0.0
2021,22,vettel,15.0,84225.0,84305.0,,11,yas_marina,aston_martin,17.0,16.0,7.0,77.0,0.0,,43.0,12.0,0.0,10.5,9.5,1.0,-1.0,1.0,24.52,28.47,59.05,0,0.0
2022,1,albon,14.0,92726.0,92664.0,,13,bahrain,williams,,,,,,,,,,,,,,,23.62,28.61,29.49,0,0.0
2022,1,alonso,8.0,92346.0,91621.0,92195.0,9,bahrain,alpine,,,,,,1637.0,,,,,,,,,23.62,28.61,29.49,0,0.0
2022,1,bottas,6.0,91919.0,91717.0,91560.0,6,bahrain,alfa,,,,,,1002.0,,,,,,,,,23.62,28.61,29.49,0,0.0
2022,1,gasly,10.0,92096.0,91635.0,92338.0,20,bahrain,alphatauri,,,,,,1780.0,,,,,,,,,23.62,28.61,29.49,0,0.0
2022,1,hamilton,5.0,92285.0,91048.0,91238.0,3,bahrain,mercedes,,,,,,680.0,,,,,,,,,23.62,28.61,29.49,0,0.0
2022,1,hulkenberg,17.0,92777.0,,,17,bahrain,aston_martin,,,,,,,,,,,,,,,23.62,28.61,29.49,0,0.0
2022,1,kevin_magnussen,7.0,91955.0,91461.0,91808.0,5,bahrain,haas,,,,,,1250.0,,,,,,,,,23.62,28.61,29.49,0,0.0
2022,1,latifi,20.0,93634.0,,,16,bahrain,williams,,,,,,,,,,,,,,,23.62,28.61,29.49,0,0.0
2022,1,leclerc,1.0,91471.0,90932.0,90558.0,1,bahrain,ferrari,,,,,,0.0,,,,,,,,,23.62,28.61,29.49,0,0.0
2022,1,max_verstappen,2.0,91785.0,90757.0,90681.0,19,bahrain,red_bull,,,,,,123.0,,,,,,,,,23.62,28.61,29.49,0,0.0
2022,1,mick_schumacher,12.0,92380.0,91998.0,,11,bahrain,haas,,,,,,,,,,,,,,,23.62,28.61,29.49,0,0.0
2022,1,norris,13.0,92239.0,92008.0,,15,bahrain,mclaren,,,,,,,,,,,,,,,23.62,28.61,29.49,0,0.0
2022,1,ocon,11.0,92041.0,91782.0,,7,bahrain,alpine,,,,,,,,,,,,,,,23.62,28.61,29.49,0,0.0
2022,1,perez,4.0,92311.0,91008.0,90921.0,18,bahrain,red_bull,,,,,,363.0,,,,,,,,,23.62,28.61,29.49,0,0.0
2022,1,ricciardo,18.0,92945.0,,,14,bahrain,mclaren,,,,,,,,,,,,,,,23.62,28.61,29.49,0,0.0
2022,1,russell,9.0,92269.0,91252.0,92216.0,4,bahrain,mercedes,,,,,,1658.0,,,,,,,,,23.62,28.61,29.49,0,0.0
2022,1,sainz,3.0,91567.0,90787.0,90687.0,2,bahrain,ferrari,,,,,,129.0,,,,,,,,,23.62,28.61,29.49,0,0.0
2022,1,stroll,19.0,93032.0,,,12,bahrain,aston_martin,,,,,,,,,,,,,,,23.62,28.61,29.49,0,0.0
2022,1,tsunoda,16.0,92750.0,,,8,bahrain,alphatauri,,,,,,,,,,,,,,,23.62,28.61,29.49,0,0.0
2022,1,zhou,15.0,92493.0,93543.0,,10,bahrain,alfa,,,,,,,,,,,,,,,23.62,28.61,29.49,0,0.0
2022,2,albon,17.0,90492.0,,,14,jeddah,williams,14.0,13.0,8.0,0.0,0.0,,0.0,13.0,0.0,13.0,13.0,0.0,1.0,0.0,25.42,28.41,59.66,0,0.0
2022,2,alonso,7.0,89978.0,89295.0,89147.0,16,jeddah,alpine,8.0,9.0,5.0,8.0,0.0,947.0,2.0,9.0,0.0,9.0,9.0,0.0,-1.0,0.0,25.42,28.41,59.66,0,0.0
2022,2,bottas,8.0,89683.0,89404.0,89183.0,15,jeddah,alfa,6.0,6.0,4.0,9.0,0.0,983.0,8.0,6.0,0.0,6.0,6.0,0.0,0.0,0.0,25.42,28.41,59.66,0,0.0
2022,2,gasly,9.0,89891.0,89418.0,89254.0,8,jeddah,alphatauri,10.0,20.0,6.0,4.0,0.0,1054.0,0.0,,0.0,,,0.0,,,25.42,28.41,59.66,0,0.0
2022,2,hamilton,16.0,90343.0,,,10,jeddah,mercedes,5.0,3.0,2.0,27.0,0.0,,15.0,3.0,0.0,3.0,3.0,0.0,2.0,0.0,25.42,28.41,59.66,0,0.0
2022,2,hulkenberg,18.0,90543.0,,,12,jeddah,aston_martin,17.0,17.0,7.0,0.0,0.0,,0.0,17.0,0.0,17.0,17.0,0.0,0.0,0.0,25.42,28.41,59.66,0,0.0
2022,2,kevin_magnussen,10.0,89831.0,89546.0,89588.0,9,jeddah,haas,7.0,5.0,3.0,10.0,0.0,1388.0,10.0,5.0,0.0,5.0,5.0,0.0,2.0,0.0,25.42,28.41,59.66,0,0.0
2022,2,latifi,19.0,91817.0,,,18,jeddah,williams,20.0,16.0,8.0,0.0,0.0,,0.0,16.0,0.0,16.0,16.0,0.0,4.0,0.0,25.42,28.41,59.66,0,0.0
2022,2,leclerc,2.0,89039.0,88780.0,88225.0,2,jeddah,ferrari,1.0,1.0,1.0,44.0,1.0,25.0,26.0,1.0,1.0,1.0,1.0,0.0,0.0,0.0,25.42,28.41,59.66,0,0.0
2022,2,max_verstappen,4.0,88928.0,88945.0,88461.0,1,jeddah,red_bull,2.0,19.0,10.0,0.0,0.0,261.0,0.0,19.0,0.0,19.0,19.0,0.0,-17.0,0.0,25.42,28.41,59.66,0,0.0
2022,2,mick_schumacher,14.0,90167.0,89920.0,,20,jeddah,haas,12.0,11.0,3.0,10.0,0.0,,0.0,11.0,0.0,11.0,11.0,0.0,1.0,0.0,25.42,28.41,59.66,0,0.0
2022,2,norris,11.0,89957.0,89651.0,,7,jeddah,mclaren,13.0,15.0,9.0,0.0,0.0,,0.0,15.0,0.0,15.0,15.0,0.0,-2.0,0.0,25.42,28.41,59.66,0,0.0
2022,2,ocon,5.0,90093.0,89584.0,89068.0,6,jeddah,alpine,11.0,7.0,5.0,8.0,0.0,868.0,6.0,7.0,0.0,7.0,7.0,0.0,4.0,0.0,25.42,28.41,59.66,0,0.0
2022,2,perez,1.0,89705.0,88924.0,88200.0,4,jeddah,red_bull,4.0,18.0,10.0,0.0,0.0,0.0,0.0,18.0,0.0,18.0,18.0,0.0,-14.0,0.0,25.42,28.41,59.66,0,0.0
2022,2,ricciardo,12.0,90009.0,89773.0,,17,jeddah,mclaren,18.0,14.0,9.0,0.0,0.0,,0.0,14.0,0.0,14.0,14.0,0.0,4.0,0.0,25.42,28.41,59.66,0,0.0
2022,2,russell,6.0,89680.0,89618.0,89104.0,5,jeddah,mercedes,9.0,4.0,2.0,27.0,0.0,904.0,12.0,4.0,0.0,4.0,4.0,0.0,5.0,0.0,25.42,28.41,59.66,0,0.0
2022,2,sainz,3.0,88855.0,88686.0,88402.0,3,jeddah,ferrari,3.0,2.0,1.0,44.0,1.0,202.0,18.0,2.0,0.0,2.0,2.0,0.0,1.0,0.0,25.42,28.41,59.66,0,0.0
2022,2,stroll,15.0,90256.0,91009.0,,13,jeddah,aston_martin,19.0,12.0,7.0,0.0,0.0,,0.0,12.0,0.0,12.0,12.0,0.0,7.0,0.0,25.42,28.41,59.66,0,0.0
2022,2,tsunoda,20.0,,,,19,jeddah,alphatauri,16.0,8.0,6.0,4.0,0.0,,4.0,8.0,0.0,8.0,8.0,0.0,8.0,0.0,25.42,28.41,59.66,0,0.0
2022,2,zhou,13.0,89978.0,89819.0,,11,jeddah,alfa,15.0,10.0,4.0,9.0,0.0,,1.0,10.0,0.0,10.0,10.0,0.0,5.0,0.0,25.42,28.41,59.66,0,0.0
2022,3,albon,16.0,80135.0,,,10,albert_park,williams,16.0,14.0,10.0,0.0,0.0,,0.0,18.0,0.0,13.5,13.5,0.0,1.5,0.0,26.7,37.41,43.65,0,0.0
2022,3,alonso,10.0,79192.0,78815.0,,17,albert_park,alpine,7.0,16.0,4.0,16.0,0.0,,2.0,13.0,0.0,9.0,9.0,0.0,-1.0,0.0,26.7,37.41,43.65,0,0.0
2022,3,bottas,12.0,79251.0,79410.0,,8,albert_park,alfa,8.0,15.0,6.0,9.0,0.0,,8.0,9.0,0.0,6.0,6.0,0.0,0.0,0.0,26.7,37.41,43.65,0,0.0
2022,3,gasly,11.0,79580.0,79226.0,,9,albert_park,alphatauri,9.0,8.0,7.0,8.0,0.0,,4.0,12.0,0.0,8.0,8.0,1.0,1.0,0.0,26.7,37.41,43.65,0,0.0
2022,3,hamilton,5.0,79401.0,79106.0,78825.0,4,albert_park,mercedes,15.0,10.0,2.0,38.0,0.0,957.0,16.0,5.0,0.0,6.5,6.5,0.0,3.5,0.0,26.7,37.41,43.65,0,0.0
2022,3,kevin_magnussen,17.0,80254.0,,,14,albert_park,haas,10.0,9.0,5.0,12.0,0.0,,12.0,8.0,0.0,7.0,7.0,0.0,1.5,0.0,26.7,37.41,43.65,0,0.0
2022,3,latifi,19.0,81372.0,,,16,albert_park,williams,18.0,18.0,10.0,0.0,0.0,,0.0,20.0,0.0,16.0,16.0,0.0,4.0,0.0,26.7,37.41,43.65,0,0.0
2022,3,leclerc,1.0,78881.0,78606.0,77868.0,1,albert_park,ferrari,2.0,2.0,1.0,78.0,1.0,0.0,45.0,1.0,1.0,1.5,1.5,0.0,0.0,0.0,26.7,37.41,43.65,0,0.0
2022,3,max_verstappen,2.0,78580.0,78611.0,78154.0,18,albert_park,red_bull,4.0,1.0,3.0,37.0,1.0,286.0,25.0,3.0,1.0,10.0,10.0,0.0,-7.0,0.0,26.7,37.41,43.65,0,0.0
2022,3,mick_schumacher,15.0,80104.0,80465.0,,13,albert_park,haas,0.0,20.0,5.0,12.0,0.0,,0.0,15.0,0.0,11.0,11.0,0.0,1.0,0.0,26.7,37.41,43.65,0,0.0
2022,3,norris,4.0,79280.0,79066.0,78703.0,5,albert_park,mclaren,11.0,7.0,8.0,6.0,0.0,835.0,6.0,10.0,0.0,11.0,11.0,0.0,1.0,0.0,26.7,37.41,43.65,0,0.0
2022,3,ocon,8.0,79605.0,79136.0,79061.0,7,albert_park,alpine,5.0,6.0,4.0,16.0,0.0,1193.0,14.0,6.0,0.0,6.5,6.5,0.0,1.5,0.0,26.7,37.41,43.65,0,0.0
2022,3,perez,3.0,78834.0,78340.0,78240.0,2,albert_park,red_bull,1.0,4.0,3.0,37.0,1.0,372.0,12.0,7.0,0.0,11.0,11.0,0.0,-8.5,0.0,26.7,37.41,43.65,0,0.0
2022,3,ricciardo,7.0,79665.0,79130.0,79032.0,6,albert_park,mclaren,14.0,17.0,8.0,6.0,0.0,1164.0,0.0,19.0,0.0,14.0,14.0,0.0,4.0,0.0,26.7,37.41,43.65,0,0.0
2022,3,russell,6.0,79405.0,79076.0,78933.0,3,albert_park,mercedes,6.0,5.0,2.0,38.0,0.0,1065.0,22.0,4.0,0.0,4.5,4.5,0.0,3.0,0.0,26.7,37.41,43.65,0,0.0
2022,3,sainz,9.0,78983.0,78469.0,79408.0,20,albert_park,ferrari,3.0,3.0,1.0,78.0,1.0,1540.0,33.0,2.0,0.0,2.5,2.5,0.0,0.5,0.0,26.7,37.41,43.65,0,0.0
2022,3,stroll,20.0,,,,12,albert_park,aston_martin,13.0,13.0,9.0,0.0,0.0,,0.0,16.0,0.0,12.5,12.5,0.0,3.5,0.0,26.7,37.41,43.65,0,0.0
2022,3,tsunoda,13.0,79742.0,79424.0,,15,albert_park,alphatauri,19.0,19.0,7.0,8.0,0.0,,4.0,11.0,0.0,8.0,8.0,0.0,8.0,0.0,26.7,37.41,43.65,0,0.0
2022,3,vettel,18.0,81149.0,,,19,albert_park,aston_martin,,,9.0,0.0,0.0,,,,,,,,,,26.7,37.41,43.65,0,0.0
2022,3,zhou,14.0,79910.0,80155.0,,11,albert_park,alfa,12.0,11.0,6.0,9.0,0.0,,1.0,14.0,0.0,10.5,10.5,0.0,3.0,0.0,26.7,37.41,43.65,0,0.0
2022,4,albon,20.0,,,,11,imola,williams,20.0,10.0,9.0,1.0,0.0,,1.0,16.0,0.0,12.33,12.33,0.0,4.33,0.0,12.9,17.42,83.17,0,0.0
2022,4,alonso,5.0,80198.0,79595.0,89202.0,19,imola,alpine,10.0,17.0,5.0,22.0,0.0,1203.0,2.0,14.0,0.0,13.0,13.0,1.0,-4.0,0.0,12.9,17.42,83.17,0,0.0
2022,4,bottas,8.0,80419.0,80192.0,90439.0,5,imola,alfa,12.0,8.0,6.0,13.0,0.0,2440.0,12.0,10.0,0.0,7.0,7.0,1.0,2.0,0.0,12.9,17.42,83.17,0,0.0
2022,4,gasly,17.0,80732.0,,,12,imola,alphatauri,11.0,9.0,8.0,10.0,0.0,,6.0,12.0,0.0,8.5,8.5,1.0,1.5,0.0,12.9,17.42,83.17,0,0.0
2022,4,hamilton,13.0,80470.0,81138.0,,13,imola,mercedes,5.0,4.0,2.0,65.0,0.0,,28.0,5.0,0.0,5.67,5.67,0.0,2.67,0.0,12.9,17.42,83.17,0,0.0
2022,4,kevin_magnussen,4.0,80147.0,79902.0,89164.0,9,imola,haas,16.0,14.0,7.0,12.0,0.0,1165.0,12.0,9.0,0.0,9.33,9.33,0.0,1.67,0.0,12.9,17.42,83.17,0,0.0
2022,4,latifi,18.0,81971.0,,,16,imola,williams,18.0,16.0,9.0,1.0,0.0,,0.0,20.0,0.0,16.0,16.0,1.0,3.0,0.0,12.9,17.42,83.17,0,0.0
2022,4,leclerc,2.0,78796.0,79584.0,88778.0,6,imola,ferrari,1.0,1.0,1.0,104.0,2.0,779.0,71.0,1.0,2.0,1.33,1.33,0.0,0.0,0.0,12.9,17.42,83.17,0,0.0
2022,4,max_verstappen,1.0,79295.0,78793.0,87999.0,1,imola,red_bull,2.0,18.0,3.0,55.0,1.0,0.0,25.0,6.0,1.0,10.0,10.0,0.0,-7.0,0.0,12.9,17.42,83.17,0,0.0
2022,4,mick_schumacher,12.0,80422.0,80916.0,,17,imola,haas,15.0,13.0,7.0,12.0,0.0,,0.0,17.0,0.0,12.0,12.0,0.0,1.5,0.0,12.9,17.42,83.17,0,0.0
2022,4,norris,3.0,80168.0,79294.0,89131.0,3,imola,mclaren,4.0,5.0,4.0,24.0,0.0,1132.0,16.0,8.0,0.0,9.0,9.0,0.0,0.33,0.0,12.9,17.42,83.17,0,0.0
2022,4,ocon,19.0,82338.0,,,14,imola,alpine,8.0,7.0,5.0,22.0,0.0,,20.0,7.0,0.0,6.67,6.67,0.0,1.33,0.0,12.9,17.42,83.17,0,0.0
2022,4,perez,7.0,79773.0,79296.0,89808.0,2,imola,red_bull,3.0,2.0,3.0,55.0,1.0,1809.0,30.0,4.0,0.0,8.0,8.0,0.0,-5.33,0.0,12.9,17.42,83.17,0,0.0
2022,4,ricciardo,6.0,79980.0,80031.0,89742.0,18,imola,mclaren,7.0,6.0,4.0,24.0,0.0,1743.0,8.0,11.0,0.0,10.0,10.0,1.0,2.5,0.0,12.9,17.42,83.17,0,0.0
2022,4,russell,11.0,80383.0,80757.0,,4,imola,mercedes,6.0,3.0,2.0,65.0,0.0,,37.0,2.0,0.0,4.0,4.0,0.0,3.0,0.0,12.9,17.42,83.17,0,0.0
2022,4,sainz,10.0,79305.0,78990.0,,20,imola,ferrari,9.0,20.0,1.0,104.0,2.0,,33.0,3.0,0.0,2.5,2.5,0.0,0.5,0.0,12.9,17.42,83.17,0,0.0
2022,4,stroll,15.0,80342.0,88119.0,,10,imola,aston_martin,19.0,12.0,10.0,0.0,0.0,,0.0,18.0,0.0,12.33,12.33,0.0,4.67,0.0,12.9,17.42,83.17,0,0.0
2022,4,tsunoda,16.0,80474.0,,,7,imola,alphatauri,13.0,15.0,8.0,10.0,0.0,,4.0,13.0,0.0,11.5,11.5,1.0,3.0,0.0,12.9,17.42,83.17,0,0.0
2022,4,vettel,9.0,80364.0,79957.0,91062.0,8,imola,aston_martin,17.0,19.0,10.0,0.0,0.0,3063.0,0.0,,0.0,,,0.0,,,12.9,17.42,83.17,0,0.0
2022,4,zhou,14.0,79730.0,81434.0,,15,imola,alfa,14.0,11.0,6.0,13.0,0.0,,1.0,15.0,0.0,10.67,10.67,0.0,3.0,0.0,12.9,17.42,83.17,0,0.0
2022,5,albon,18.0,91266.0,,,9,miami,williams,18.0,11.0,10.0,1.0,0.0,,1.0,17.0,0.0,11.67,12.0,0.0,6.33,-0.33,30.62,42.82,58.86,0,5.6
2022,5,alonso,11.0,90407.0,90160.0,,11,miami,alpine,9.0,19.0,6.0,22.0,0.0,,2.0,15.0,0.0,17.0,13.0,1.0,-7.0,4.0,30.62,42.82,58.86,0,5.6
2022,5,bottas,5.0,90845.0,89751.0,89475.0,7,miami,alfa,7.0,5.0,5.0,25.0,0.0,679.0,24.0,8.0,0.0,6.5,6.33,1.0,3.0,0.17,30.62,42.82,58.86,0,5.6
2022,5,gasly,7.0,90779.0,90128.0,89690.0,18,miami,alphatauri,17.0,12.0,7.0,16.0,0.0,894.0,6.0,13.0,0.0,9.67,9.67,1.0,2.67,0.0,30.62,42.82,58.86,0,5.6
2022,5,hamilton,6.0,90388.0,89797.0,89625.0,6,miami,mercedes,14.0,13.0,3.0,77.0,0.0,829.0,28.0,7.0,0.0,9.0,7.5,0.0,2.33,1.5,30.62,42.82,58.86,0,5.6
2022,5,kevin_magnussen,16.0,90975.0,,,16,miami,haas,8.0,9.0,8.0,15.0,0.0,,15.0,10.0,0.0,10.67,9.25,0.0,0.67,1.42,30.62,42.82,58.86,0,5.6
2022,5,latifi,19.0,91325.0,,,14,miami,williams,19.0,16.0,10.0,1.0,0.0,,0.0,21.0,0.0,16.0,16.0,1.0,2.5,0.0,30.62,42.82,58.86,0,5.6
2022,5,leclerc,1.0,89474.0,89130.0,88796.0,2,miami,ferrari,2.0,6.0,1.0,124.0,2.0,0.0,86.0,1.0,2.0,3.0,2.5,0.0,-1.33,0.5,30.62,42.82,58.86,0,5.6
2022,5,max_verstappen,3.0,89836.0,89202.0,88991.0,1,miami,red_bull,1.0,1.0,2.0,113.0,2.0,195.0,59.0,2.0,2.0,1.0,7.0,1.0,1.5,-6.0,30.62,42.82,58.86,0,5.6
2022,5,mick_schumacher,15.0,90645.0,90423.0,,15,miami,haas,10.0,17.0,8.0,15.0,0.0,,0.0,19.0,0.0,15.0,13.67,0.0,-2.5,1.33,30.62,42.82,58.86,0,5.6
2022,5,norris,8.0,90761.0,89634.0,89750.0,19,miami,mclaren,5.0,3.0,4.0,46.0,0.0,954.0,35.0,6.0,0.0,5.0,7.5,0.0,1.67,-2.5,30.62,42.82,58.86,0,5.6
2022,5,ocon,20.0,,,,8,miami,alpine,16.0,14.0,6.0,22.0,0.0,,20.0,9.0,0.0,9.0,8.5,0.0,0.67,0.5,30.62,42.82,58.86,0,5.6
2022,5,perez,4.0,90055.0,89673.0,89036.0,4,miami,red_bull,3.0,2.0,2.0,113.0,2.0,240.0,54.0,3.0,0.0,2.67,6.5,0.0,-0.33,-3.83,30.62,42.82,58.86,0,5.6
2022,5,ricciardo,14.0,90583.0,90310.0,,13,miami,mclaren,6.0,18.0,4.0,46.0,0.0,,11.0,11.0,0.0,12.0,12.67,1.0,-5.5,-0.67,30.62,42.82,58.86,0,5.6
2022,5,russell,12.0,90490.0,90173.0,,5,miami,mercedes,11.0,4.0,3.0,77.0,0.0,,49.0,4.0,0.0,4.0,4.0,0.0,3.67,0.0,30.62,42.82,58.86,0,5.6
2022,5,sainz,2.0,90079.0,89729.0,88986.0,3,miami,ferrari,4.0,20.0,1.0,124.0,2.0,190.0,38.0,5.0,0.0,3.0,2.5,1.0,0.0,0.5,30.62,42.82,58.86,0,5.6
2022,5,stroll,10.0,90441.0,89996.0,90676.0,10,miami,aston_martin,15.0,10.0,9.0,5.0,0.0,1880.0,1.0,18.0,0.0,11.67,11.75,0.0,4.0,-0.08,30.62,42.82,58.86,0,5.6
2022,5,tsunoda,9.0,90485.0,90031.0,89932.0,12,miami,alphatauri,12.0,7.0,7.0,16.0,0.0,1136.0,10.0,12.0,0.0,11.0,10.0,1.0,1.5,1.0,30.62,42.82,58.86,0,5.6
2022,5,vettel,13.0,90677.0,90214.0,,17,miami,aston_martin,13.0,8.0,9.0,5.0,0.0,,4.0,14.0,0.0,8.0,8.0,1.0,5.0,0.0,30.62,42.82,58.86,0,5.6
2022,5,zhou,17.0,91020.0,,,20,miami,alfa,0.0,15.0,5.0,25.0,0.0,,1.0,16.0,0.0,12.33,11.75,0.0,-3.67,0.58,30.62,42.82,58.86,0,5.6
2022,6,albon,19.0,81645.0,,,18,catalunya,williams,18.0,9.0,10.0,3.0,0.0,,3.0,15.0,0.0,10.0,11.4,0.0,8.67,-1.4,36.57,48.96,7.11,0,0.0
2022,6,alonso,17.0,81043.0,,,9,catalunya,alpine,11.0,11.0,6.0,26.0,0.0,,2.0,16.0,0.0,14.0,12.33,2.0,-3.5,1.67,36.57,48.96,7.11,0,0.0
2022,6,bottas,7.0,80355.0,80053.0,79608.0,6,catalunya,alfa,5.0,7.0,5.0,31.0,0.0,858.0,30.0,8.0,0.0,6.67,6.5,1.0,1.33,0.17,36.57,48.96,7.11,0,0.0
2022,6,gasly,14.0,80719.0,80861.0,,13,catalunya,alphatauri,7.0,18.0,7.0,16.0,0.0,,6.0,13.0,0.0,10.5,9.67,1.0,3.5,0.83,36.57,48.96,7.11,0,0.0
2022,6,hamilton,6.0,80252.0,79794.0,79512.0,5,catalunya,mercedes,6.0,6.0,3.0,95.0,0.0,762.0,36.0,6.0,0.0,7.67,7.2,0.0,0.67,0.47,36.57,48.96,7.11,0,0.0
2022,6,kevin_magnussen,8.0,80227.0,79810.0,79682.0,17,catalunya,haas,16.0,16.0,8.0,15.0,0.0,932.0,15.0,10.0,0.0,13.0,10.6,0.0,0.33,2.4,36.57,48.96,7.11,0,0.0
2022,6,latifi,20.0,81915.0,,,16,catalunya,williams,19.0,14.0,10.0,3.0,0.0,,0.0,21.0,0.0,15.33,15.5,1.0,3.33,-0.17,36.57,48.96,7.11,0,0.0
2022,6,leclerc,1.0,79861.0,79969.0,78750.0,20,catalunya,ferrari,1.0,2.0,1.0,157.0,2.0,0.0,104.0,1.0,2.0,3.0,2.4,0.0,-1.67,0.6,36.57,48.96,7.11,0,0.0
2022,6,max_verstappen,2.0,80091.0,79219.0,79073.0,1,catalunya,red_bull,3.0,1.0,2.0,151.0,3.0,323.0,85.0,2.0,3.0,1.0,5.5,1.0,1.0,-4.5,36.57,48.96,7.11,0,0.0
2022,6,mick_schumacher,10.0,80683.0,80436.0,80368.0,14,catalunya,haas,15.0,15.0,8.0,15.0,0.0,1618.0,0.0,19.0,0.0,15.0,14.0,0.0,-1.67,1.0,36.57,48.96,7.11,0,0.0
2022,6,norris,11.0,80838.0,80471.0,,8,catalunya,mclaren,8.0,19.0,4.0,46.0,0.0,,35.0,7.0,0.0,4.0,7.5,0.0,0.5,-3.5,36.57,48.96,7.11,0,0.0
2022,6,ocon,12.0,80880.0,80638.0,,7,catalunya,alpine,20.0,8.0,6.0,26.0,0.0,,24.0,9.0,0.0,9.67,8.4,0.0,5.0,1.27,36.57,48.96,7.11,0,0.0
2022,6,perez,5.0,80447.0,79830.0,79420.0,2,catalunya,red_bull,4.0,4.0,2.0,151.0,3.0,670.0,66.0,3.0,0.0,2.67,6.0,0.0,0.67,-3.33,36.57,48.96,7.11,0,0.0
2022,6,ricciardo,9.0,80549.0,80287.0,80297.0,12,catalunya,mclaren,14.0,13.0,4.0,46.0,0.0,1547.0,11.0,11.0,0.0,12.33,12.75,1.0,-3.33,-0.42,36.57,48.96,7.11,0,0.0
2022,6,russell,4.0,80218.0,79470.0,79393.0,3,catalunya,mercedes,12.0,5.0,3.0,95.0,0.0,643.0,59.0,4.0,0.0,4.0,4.2,0.0,5.67,-0.2,36.57,48.96,7.11,0,0.0
2022,6,sainz,3.0,79892.0,79453.0,79166.0,4,catalunya,ferrari,2.0,3.0,1.0,157.0,2.0,416.0,53.0,5.0,0.0,3.0,2.67,2.0,-1.0,0.33,36.57,48.96,7.11,0,0.0
2022,6,stroll,18.0,81418.0,,,15,catalunya,aston_martin,0.0,10.0,9.0,6.0,0.0,,2.0,17.0,0.0,10.67,11.4,0.0,0.67,-0.73,36.57,48.96,7.11,0,0.0
2022,6,tsunoda,13.0,80707.0,80639.0,,10,catalunya,alphatauri,9.0,12.0,7.0,16.0,0.0,,10.0,12.0,0.0,11.33,10.5,1.0,0.0,0.83,36.57,48.96,7.11,0,0.0
2022,6,vettel,16.0,80954.0,,,11,catalunya,aston_martin,0.0,17.0,9.0,6.0,0.0,,4.0,14.0,0.0,12.5,12.5,1.0,-6.0,0.0,36.57,48.96,7.11,0,0.0
2022,6,zhou,15.0,80476.0,81094.0,,19,catalunya,alfa,17.0,20.0,5.0,31.0,0.0,,1.0,18.0,0.0,13.0,11.75,0.0,-6.0,1.25,36.57,48.96,7.11,0,0.0
2022,7,albon,16.0,73611.0,,,18,monaco,williams,18.0,18.0,10.0,3.0,0.0,,3.0,16.0,0.0,12.67,12.4,0.0,5.33,0.27,22.27,31.04,75.67,0,43.7
2022,7,alonso,7.0,73394.0,72688.0,72247.0,7,monaco,alpine,20.0,9.0,6.0,34.0,0.0,871.0,4.0,15.0,0.0,10.0,12.33,2.0,5.5,-2.33,22.27,31.04,75.67,0,43.7
2022,7,bottas,12.0,73541.0,72909.0,,9,monaco,alfa,7.0,6.0,5.0,39.0,0.0,,38.0,8.0,0.0,6.0,6.5,1.0,0.33,-0.5,22.27,31.04,75.67,0,43.7
2022,7,gasly,17.0,73660.0,,,11,monaco,alphatauri,14.0,13.0,7.0,17.0,0.0,,6.0,13.0,0.0,12.5,10.5,2.0,3.0,2.0,22.27,31.04,75.67,0,43.7
2022,7,hamilton,8.0,73444.0,72595.0,72560.0,8,monaco,mercedes,6.0,5.0,3.0,120.0,0.0,1184.0,46.0,6.0,0.0,8.0,7.6,0.0,0.67,0.4,22.27,31.04,75.67,0,43.7
2022,7,kevin_magnussen,13.0,73069.0,72921.0,,20,monaco,haas,8.0,17.0,8.0,15.0,0.0,,15.0,10.0,0.0,14.0,13.0,0.0,-3.33,1.0,22.27,31.04,75.67,0,43.7
2022,7,latifi,19.0,74403.0,,,15,monaco,williams,19.0,16.0,10.0,3.0,0.0,,0.0,21.0,0.0,15.33,15.5,1.0,3.67,-0.17,22.27,31.04,75.67,0,43.7
2022,7,leclerc,1.0,72569.0,71864.0,71376.0,4,monaco,ferrari,1.0,20.0,2.0,169.0,2.0,0.0,104.0,2.0,2.0,4.0,2.75,0.0,-2.5,1.25,22.27,31.04,75.67,0,43.7
2022,7,max_verstappen,4.0,72993.0,72117.0,71666.0,3,monaco,red_bull,2.0,1.0,1.0,195.0,4.0,290.0,110.0,1.0,4.0,1.0,1.0,1.0,1.0,0.0,22.27,31.04,75.67,0,43.7
2022,7,mick_schumacher,15.0,73469.0,73081.0,,19,monaco,haas,10.0,14.0,8.0,15.0,0.0,,0.0,19.0,0.0,15.33,14.75,0.0,-3.67,0.58,22.27,31.04,75.67,0,43.7
2022,7,norris,5.0,72927.0,72266.0,71849.0,6,monaco,mclaren,11.0,8.0,4.0,50.0,0.0,473.0,39.0,7.0,0.0,5.5,5.75,1.0,2.5,-0.25,22.27,31.04,75.67,0,43.7
2022,7,ocon,10.0,72848.0,72528.0,73047.0,12,monaco,alpine,12.0,7.0,6.0,34.0,0.0,1671.0,30.0,9.0,0.0,9.67,8.4,0.0,6.33,1.27,22.27,31.04,75.67,0,43.7
2022,7,perez,3.0,73004.0,71954.0,71629.0,1,monaco,red_bull,5.0,2.0,1.0,195.0,4.0,253.0,85.0,3.0,0.0,2.67,2.8,0.0,1.33,-0.13,22.27,31.04,75.67,0,43.7
2022,7,ricciardo,14.0,73338.0,72964.0,,13,monaco,mclaren,9.0,12.0,4.0,50.0,0.0,,11.0,11.0,0.0,14.33,12.25,1.0,-4.67,2.08,22.27,31.04,75.67,0,43.7
2022,7,russell,6.0,72787.0,72617.0,72112.0,5,monaco,mercedes,4.0,3.0,3.0,120.0,0.0,736.0,74.0,4.0,0.0,4.0,4.0,0.0,5.0,0.0,22.27,31.04,75.67,0,43.7
2022,7,sainz,2.0,72616.0,72074.0,71601.0,2,monaco,ferrari,3.0,4.0,2.0,169.0,2.0,225.0,65.0,5.0,0.0,3.5,3.33,2.0,-1.0,0.17,22.27,31.04,75.67,0,43.7
2022,7,stroll,18.0,73678.0,,,14,monaco,aston_martin,17.0,15.0,9.0,6.0,0.0,,2.0,17.0,0.0,11.67,12.0,0.0,-1.0,-0.33,22.27,31.04,75.67,0,43.7
2022,7,tsunoda,11.0,73110.0,72797.0,,17,monaco,alphatauri,13.0,10.0,7.0,17.0,0.0,,11.0,12.0,0.0,9.67,11.0,1.0,1.67,-1.33,22.27,31.04,75.67,0,43.7
2022,7,vettel,9.0,73313.0,72613.0,72732.0,10,monaco,aston_martin,16.0,11.0,9.0,6.0,0.0,1356.0,4.0,14.0,0.0,12.0,12.0,1.0,-2.33,0.0,22.27,31.04,75.67,0,43.7
2022,7,zhou,20.0,75606.0,,,16,monaco,alfa,15.0,19.0,5.0,39.0,0.0,,1.0,18.0,0.0,15.0,12.33,1.0,-15.0,2.67,22.27,31.04,75.67,0,43.7
2022,8,albon,17.0,104719.0,,,12,baku,williams,16.0,18.0,10.0,3.0,0.0,,3.0,16.0,0.0,13.5,12.0,0.0,4.5,1.5,25.44,47.15,59.49,0,0.0
2022,8,alonso,10.0,104083.0,103360.0,103173.0,7,baku,alpine,7.0,7.0,6.0,40.0,0.0,1814.0,10.0,13.0,0.0,9.0,11.0,2.0,3.67,-2.0,25.44,47.15,59.49,0,0.0
2022,8,bottas,15.0,104478.0,104444.0,,11,baku,alfa,12.0,9.0,5.0,41.0,0.0,,40.0,8.0,0.0,7.33,7.0,1.0,0.67,0.33,25.44,47.15,59.49,0,0.0
2022,8,gasly,6.0,103268.0,103129.0,102845.0,5,baku,alphatauri,17.0,11.0,7.0,17.0,0.0,1486.0,6.0,14.0,0.0,12.0,11.25,2.0,3.5,0.75,25.44,47.15,59.49,0,0.0
2022,8,hamilton,7.0,103939.0,103182.0,102924.0,4,baku,mercedes,8.0,8.0,3.0,134.0,0.0,1565.0,50.0,6.0,0.0,6.33,7.2,0.0,0.33,-0.87,25.44,47.15,59.49,0,0.0
2022,8,kevin_magnussen,16.0,104643.0,,,17,baku,haas,13.0,20.0,8.0,15.0,0.0,,15.0,10.0,0.0,16.5,14.0,0.0,-4.5,2.5,25.44,47.15,59.49,0,0.0
2022,8,latifi,18.0,105367.0,,,15,baku,williams,19.0,15.0,10.0,3.0,0.0,,0.0,21.0,0.0,15.0,15.4,1.0,4.0,-0.4,25.44,47.15,59.49,0,0.0
2022,8,leclerc,1.0,102865.0,102046.0,101359.0,19,baku,ferrari,1.0,4.0,2.0,199.0,2.0,0.0,116.0,2.0,2.0,3.0,3.25,1.0,-2.0,-0.25,25.44,47.15,59.49,0,0.0
2022,8,max_verstappen,3.0,102722.0,102227.0,101706.0,1,baku,red_bull,4.0,3.0,1.0,235.0,5.0,347.0,125.0,1.0,4.0,1.67,1.5,1.0,1.33,0.17,25.44,47.15,59.49,0,0.0
2022,8,mick_schumacher,20.0,105775.0,,,14,baku,haas,15.0,19.0,8.0,15.0,0.0,,0.0,19.0,0.0,14.5,14.75,0.0,-2.0,-0.25,25.44,47.15,59.49,0,0.0
2022,8,norris,11.0,104237.0,103398.0,,9,baku,mclaren,5.0,6.0,4.0,59.0,0.0,,48.0,7.0,0.0,7.0,5.5,1.0,1.0,1.5,25.44,47.15,59.49,0,0.0
2022,8,ocon,13.0,103903.0,103585.0,,10,baku,alpine,10.0,12.0,6.0,40.0,0.0,,30.0,9.0,0.0,9.0,9.6,0.0,5.0,-0.6,25.44,47.15,59.49,0,0.0
2022,8,perez,2.0,102733.0,101955.0,101641.0,2,baku,red_bull,3.0,1.0,1.0,235.0,5.0,282.0,110.0,3.0,1.0,2.33,2.2,0.0,1.67,0.13,25.44,47.15,59.49,0,0.0
2022,8,ricciardo,12.0,104437.0,103574.0,,8,baku,mclaren,14.0,13.0,4.0,59.0,0.0,,11.0,11.0,0.0,12.67,12.4,1.0,-0.33,0.27,25.44,47.15,59.49,0,0.0
2022,8,russell,5.0,103754.0,103281.0,102712.0,3,baku,mercedes,6.0,5.0,3.0,134.0,0.0,1353.0,84.0,4.0,0.0,4.33,4.0,0.0,3.0,0.33,25.44,47.15,59.49,0,0.0
2022,8,sainz,4.0,102957.0,102088.0,101814.0,20,baku,ferrari,2.0,2.0,2.0,199.0,2.0,455.0,83.0,5.0,0.0,3.0,3.0,2.0,-0.67,0.0,25.44,47.15,59.49,0,0.0
2022,8,stroll,19.0,105371.0,,,16,baku,aston_martin,18.0,14.0,9.0,7.0,0.0,,2.0,17.0,0.0,13.0,12.2,0.0,-1.33,0.8,25.44,47.15,59.49,0,0.0
2022,8,tsunoda,8.0,103595.0,103376.0,103056.0,13,baku,alphatauri,11.0,17.0,7.0,17.0,0.0,1697.0,11.0,12.0,0.0,13.0,12.2,1.0,-2.0,0.8,25.44,47.15,59.49,0,0.0
2022,8,vettel,9.0,103279.0,103268.0,103091.0,6,baku,aston_martin,9.0,10.0,9.0,7.0,0.0,1732.0,5.0,15.0,0.0,12.67,11.5,1.0,-4.33,1.17,25.44,47.15,59.49,0,0.0
2022,8,zhou,14.0,103777.0,103790.0,,18,baku,alfa,20.0,16.0,5.0,41.0,0.0,,1.0,18.0,0.0,16.0,14.0,2.0,4.0,2.0,25.44,47.15,59.49,0,0.0
2022,9,albon,12.0,94047.0,86858.0,,13,villeneuve,williams,17.0,12.0,10.0,3.0,0.0,,3.0,16.0,0.0,15.0,12.5,1.0,2.5,2.5,20.76,41.26,28.93,0,0.0
2022,9,alonso,2.0,92277.0,84848.0,81944.0,9,villeneuve,alpine,10.0,7.0,5.0,47.0,0.0,645.0,16.0,11.0,0.0,7.67,8.5,2.0,4.67,-0.83,20.76,41.26,28.93,0,0.0
2022,9,bottas,11.0,93689.0,86788.0,,7,villeneuve,alfa,15.0,11.0,6.0,41.0,0.0,,40.0,8.0,0.0,8.67,7.6,1.0,2.67,1.07,20.76,41.26,28.93,0,0.0
2022,9,gasly,16.0,94492.0,,,14,villeneuve,alphatauri,6.0,5.0,7.0,27.0,0.0,,16.0,10.0,0.0,9.67,10.25,2.0,2.67,-0.58,20.76,41.26,28.93,0,0.0
2022,9,hamilton,4.0,93841.0,85543.0,82891.0,3,villeneuve,mercedes,7.0,4.0,3.0,161.0,0.0,1592.0,62.0,6.0,0.0,5.67,7.2,0.0,1.33,-1.53,20.76,41.26,28.93,0,0.0
2022,9,kevin_magnussen,5.0,92957.0,86254.0,82960.0,17,villeneuve,haas,16.0,17.0,8.0,15.0,0.0,1661.0,15.0,12.0,0.0,17.0,14.0,1.0,-9.0,3.0,20.76,41.26,28.93,0,0.0
2022,9,latifi,19.0,95660.0,,,16,villeneuve,williams,18.0,15.0,10.0,3.0,0.0,,0.0,21.0,0.0,15.33,15.2,1.0,3.33,0.13,20.76,41.26,28.93,0,0.0
2022,9,leclerc,15.0,93008.0,,,5,villeneuve,ferrari,1.0,19.0,2.0,199.0,2.0,,116.0,3.0,2.0,4.0,4.0,1.0,-3.0,0.0,20.76,41.26,28.93,0,0.0
2022,9,max_verstappen,1.0,92219.0,83746.0,81299.0,1,villeneuve,red_bull,3.0,1.0,1.0,279.0,6.0,0.0,150.0,1.0,5.0,1.67,1.4,1.0,1.33,0.27,20.76,41.26,28.93,0,0.0
2022,9,mick_schumacher,6.0,93707.0,85684.0,83356.0,19,villeneuve,haas,20.0,14.0,8.0,15.0,0.0,2057.0,0.0,19.0,0.0,14.0,15.0,1.0,1.0,-1.0,20.76,41.26,28.93,0,0.0
2022,9,norris,14.0,94066.0,,,15,villeneuve,mclaren,11.0,9.0,4.0,65.0,0.0,,50.0,7.0,0.0,7.67,6.5,1.0,1.33,1.17,20.76,41.26,28.93,0,0.0
2022,9,ocon,7.0,93012.0,86135.0,83529.0,6,villeneuve,alpine,13.0,10.0,5.0,47.0,0.0,2230.0,31.0,9.0,0.0,9.67,10.2,0.0,2.0,-0.53,20.76,41.26,28.93,0,0.0
2022,9,perez,13.0,93929.0,93127.0,,20,villeneuve,red_bull,2.0,2.0,1.0,279.0,6.0,,129.0,2.0,1.0,1.67,2.2,0.0,1.67,-0.53,20.76,41.26,28.93,0,0.0
2022,9,ricciardo,9.0,93636.0,86375.0,83749.0,11,villeneuve,mclaren,12.0,8.0,4.0,65.0,0.0,2450.0,15.0,13.0,0.0,11.0,12.8,1.0,0.67,-1.8,20.76,41.26,28.93,0,0.0
2022,9,russell,8.0,93160.0,84950.0,83557.0,4,villeneuve,mercedes,5.0,3.0,3.0,161.0,0.0,2258.0,99.0,4.0,0.0,3.67,4.0,0.0,1.33,-0.33,20.76,41.26,28.93,0,0.0
2022,9,sainz,3.0,92781.0,85197.0,82096.0,2,villeneuve,ferrari,4.0,20.0,2.0,199.0,2.0,797.0,83.0,5.0,0.0,3.0,3.0,2.0,-0.5,0.0,20.76,41.26,28.93,0,0.0
2022,9,stroll,18.0,95532.0,,,10,villeneuve,aston_martin,19.0,16.0,9.0,15.0,0.0,,2.0,17.0,0.0,15.0,13.0,0.0,3.0,2.0,20.76,41.26,28.93,0,0.0
2022,9,tsunoda,20.0,96575.0,,,18,villeneuve,alphatauri,8.0,13.0,7.0,27.0,0.0,,11.0,15.0,0.0,13.33,11.8,1.0,-2.67,1.53,20.76,41.26,28.93,0,0.0
2022,9,vettel,17.0,94512.0,,,12,villeneuve,aston_martin,9.0,6.0,9.0,15.0,0.0,,13.0,14.0,0.0,9.0,10.4,1.0,2.33,-1.4,20.76,41.26,28.93,0,0.0
2022,9,zhou,10.0,93692.0,86116.0,84030.0,8,villeneuve,alfa,14.0,18.0,6.0,41.0,0.0,2731.0,1.0,18.0,0.0,16.0,15.5,2.0,4.0,0.5,20.76,41.26,28.93,0,0.0
2022,10,albon,16.0,102078.0,,,20,silverstone,williams,12.0,13.0,10.0,3.0,0.0,,3.0,17.0,0.0,12.5,13.0,1.0,2.0,-0.5,18.25,30.03,59.75,0,4.4
2022,10,alonso,7.0,101598.0,102209.0,102116.0,5,silverstone,alpine,2.0,9.0,5.0,57.0,0.0,1133.0,18.0,10.0,0.0,7.67,8.6,2.0,-1.33,-0.93,18.25,30.03,59.75,0,4.4
2022,10,bottas,12.0,101396.0,104232.0,,17,silverstone,alfa,11.0,7.0,6.0,51.0,0.0,,46.0,8.0,0.0,9.0,8.0,1.0,3.67,1.0,18.25,30.03,59.75,0,4.4
2022,10,gasly,11.0,101680.0,103702.0,,16,silverstone,alphatauri,15.0,14.0,7.0,27.0,0.0,,16.0,11.0,0.0,10.0,10.75,2.0,2.67,-0.75,18.25,30.03,59.75,0,4.4
2022,10,hamilton,5.0,100428.0,101062.0,101995.0,3,silverstone,mercedes,4.0,3.0,3.0,188.0,0.0,1012.0,77.0,6.0,0.0,5.0,5.2,0.0,1.33,-0.2,18.25,30.03,59.75,0,4.4
2022,10,kevin_magnussen,17.0,102159.0,,,10,silverstone,haas,5.0,17.0,9.0,15.0,0.0,,15.0,12.0,0.0,17.0,16.67,2.0,-12.0,0.33,18.25,30.03,59.75,0,4.4
2022,10,latifi,10.0,101998.0,103273.0,123095.0,12,silverstone,williams,18.0,16.0,10.0,3.0,0.0,22112.0,0.0,21.0,0.0,15.33,15.2,1.0,3.0,0.13,18.25,30.03,59.75,0,4.4
2022,10,leclerc,3.0,99846.0,101247.0,101298.0,4,silverstone,ferrari,19.0,5.0,2.0,228.0,2.0,315.0,126.0,3.0,2.0,4.5,3.67,2.0,5.5,0.83,18.25,30.03,59.75,0,4.4
2022,10,max_verstappen,2.0,99129.0,100655.0,101055.0,7,silverstone,red_bull,1.0,1.0,1.0,304.0,7.0,72.0,175.0,1.0,6.0,1.67,1.4,1.0,1.0,0.27,18.25,30.03,59.75,0,4.4
2022,10,mick_schumacher,19.0,102708.0,,,8,silverstone,haas,6.0,19.0,9.0,15.0,0.0,,0.0,19.0,0.0,14.0,14.33,1.0,6.0,-0.33,18.25,30.03,59.75,0,4.4
2022,10,norris,6.0,101515.0,101821.0,102084.0,6,silverstone,mclaren,14.0,15.0,4.0,65.0,0.0,1101.0,50.0,7.0,0.0,10.0,9.5,1.0,0.0,0.5,18.25,30.03,59.75,0,4.4
2022,10,ocon,15.0,101730.0,105190.0,,15,silverstone,alpine,7.0,6.0,5.0,57.0,0.0,,39.0,9.0,0.0,9.33,8.6,0.0,0.67,0.73,18.25,30.03,59.75,0,4.4
2022,10,perez,4.0,100521.0,102513.0,101616.0,2,silverstone,red_bull,13.0,20.0,1.0,304.0,7.0,633.0,129.0,2.0,1.0,1.5,2.25,0.0,1.0,-0.75,18.25,30.03,59.75,0,4.4
2022,10,ricciardo,14.0,101933.0,104355.0,,13,silverstone,mclaren,9.0,11.0,4.0,65.0,0.0,,15.0,13.0,0.0,10.67,11.4,1.0,1.0,-0.73,18.25,30.03,59.75,0,4.4
2022,10,russell,8.0,100028.0,101725.0,102161.0,18,silverstone,mercedes,8.0,4.0,3.0,188.0,0.0,1178.0,111.0,4.0,0.0,4.0,4.0,0.0,2.33,0.0,18.25,30.03,59.75,0,4.4
2022,10,sainz,1.0,100190.0,101602.0,100983.0,1,silverstone,ferrari,3.0,2.0,2.0,228.0,2.0,0.0,102.0,5.0,0.0,2.0,2.75,3.0,0.5,-0.75,18.25,30.03,59.75,0,4.4
2022,10,stroll,20.0,103430.0,,,11,silverstone,aston_martin,17.0,10.0,8.0,16.0,0.0,,3.0,18.0,0.0,13.33,13.0,0.0,4.67,0.33,18.25,30.03,59.75,0,4.4
2022,10,tsunoda,13.0,101893.0,104311.0,,14,silverstone,alphatauri,20.0,18.0,7.0,27.0,0.0,,11.0,15.0,0.0,15.0,13.0,1.0,-5.5,2.0,18.25,30.03,59.75,0,4.4
2022,10,vettel,18.0,102666.0,,,9,silverstone,aston_martin,16.0,12.0,8.0,16.0,0.0,,13.0,14.0,0.0,9.33,11.2,1.0,2.0,-1.87,18.25,30.03,59.75,0,4.4
2022,10,zhou,9.0,100791.0,102640.0,102719.0,19,silverstone,alfa,10.0,8.0,6.0,51.0,0.0,1736.0,5.0,16.0,0.0,12.0,12.0,3.0,3.0,0.0,18.25,30.03,59.75,0,4.4
2022,11,albon,11.0,66516.0,66230.0,,12,red_bull_ring,williams,16.0,20.0,10.0,3.0,0.0,,3.0,18.0,0.0,12.5,14.33,1.0,2.0,-1.83,20.26,30.75,35.14,0,0.0
2022,11,alonso,8.0,66016.0,66082.0,66103.0,10,red_bull_ring,alpine,7.0,5.0,5.0,67.0,0.0,1119.0,28.0,10.0,0.0,7.0,7.4,2.0,-0.67,-0.4,20.26,30.75,35.14,0,0.0
2022,11,bottas,12.0,66442.0,66319.0,,11,red_bull_ring,alfa,12.0,17.0,6.0,51.0,0.0,,46.0,8.0,0.0,9.0,8.25,1.0,4.0,0.75,20.26,30.75,35.14,0,0.0
2022,11,gasly,10.0,66589.0,66160.0,,15,red_bull_ring,alphatauri,11.0,16.0,7.0,27.0,0.0,,16.0,11.0,0.0,9.5,10.75,2.0,1.0,-1.25,20.26,30.75,35.14,0,0.0
2022,11,hamilton,9.0,66079.0,65475.0,73151.0,3,red_bull_ring,mercedes,5.0,3.0,3.0,204.0,0.0,8167.0,93.0,6.0,0.0,3.33,4.6,0.0,2.0,-1.27,20.26,30.75,35.14,0,0.0
2022,11,kevin_magnussen,6.0,66366.0,65894.0,65879.0,8,red_bull_ring,haas,17.0,10.0,8.0,20.0,0.0,895.0,16.0,12.0,0.0,13.5,14.67,2.0,-2.5,-1.17,20.26,30.75,35.14,0,0.0
2022,11,latifi,19.0,67003.0,,,19,red_bull_ring,williams,10.0,12.0,10.0,3.0,0.0,,0.0,20.0,0.0,14.33,14.8,1.0,1.0,-0.47,20.26,30.75,35.14,0,0.0
2022,11,leclerc,2.0,65419.0,65287.0,65013.0,1,red_bull_ring,ferrari,3.0,4.0,2.0,265.0,3.0,29.0,138.0,3.0,2.0,4.5,4.33,2.0,6.5,0.17,20.26,30.75,35.14,0,0.0
2022,11,max_verstappen,1.0,65852.0,65374.0,64984.0,2,red_bull_ring,red_bull,2.0,7.0,1.0,328.0,7.0,0.0,181.0,1.0,6.0,3.0,2.6,1.0,-1.0,0.4,20.26,30.75,35.14,0,0.0
2022,11,mick_schumacher,7.0,66405.0,66151.0,66011.0,6,red_bull_ring,haas,19.0,8.0,8.0,20.0,0.0,1027.0,4.0,17.0,0.0,11.0,12.0,2.0,8.5,-1.0,20.26,30.75,35.14,0,0.0
2022,11,norris,15.0,66330.0,85847.0,,7,red_bull_ring,mclaren,6.0,6.0,4.0,73.0,0.0,,58.0,7.0,0.0,10.0,8.8,1.0,0.33,1.2,20.26,30.75,35.14,0,0.0
2022,11,ocon,5.0,66468.0,65993.0,65726.0,5,red_bull_ring,alpine,15.0,15.0,5.0,67.0,0.0,742.0,39.0,9.0,0.0,8.0,8.75,0.0,2.0,-0.75,20.26,30.75,35.14,0,0.0
2022,11,perez,13.0,66143.0,66458.0,,20,red_bull_ring,red_bull,4.0,2.0,1.0,328.0,7.0,,147.0,2.0,1.0,2.0,1.75,1.0,1.0,0.25,20.26,30.75,35.14,0,0.0
2022,11,ricciardo,16.0,66613.0,,,9,red_bull_ring,mclaren,14.0,13.0,4.0,73.0,0.0,,15.0,14.0,0.0,10.67,11.4,1.0,1.0,-0.73,20.26,30.75,35.14,0,0.0
2022,11,russell,4.0,66235.0,65697.0,65431.0,4,red_bull_ring,mercedes,8.0,18.0,3.0,204.0,0.0,447.0,111.0,5.0,0.0,3.5,3.75,0.0,3.0,-0.25,20.26,30.75,35.14,0,0.0
2022,11,sainz,3.0,65660.0,65576.0,65066.0,18,red_bull_ring,ferrari,1.0,1.0,2.0,265.0,3.0,82.0,127.0,4.0,1.0,1.5,2.25,3.0,0.5,-0.75,20.26,30.75,35.14,0,0.0
2022,11,stroll,17.0,66847.0,,,13,red_bull_ring,aston_martin,20.0,11.0,9.0,18.0,0.0,,3.0,19.0,0.0,12.33,13.2,0.0,6.33,-0.87,20.26,30.75,35.14,0,0.0
2022,11,tsunoda,14.0,66463.0,66851.0,,16,red_bull_ring,alphatauri,13.0,14.0,7.0,27.0,0.0,,11.0,15.0,0.0,13.5,13.5,2.0,-3.0,0.0,20.26,30.75,35.14,0,0.0
2022,11,vettel,20.0,67083.0,,,17,red_bull_ring,aston_martin,18.0,9.0,9.0,18.0,0.0,,15.0,13.0,0.0,9.0,9.6,1.0,5.33,-0.6,20.26,30.75,35.14,0,0.0
2022,11,zhou,18.0,66901.0,,,14,red_bull_ring,alfa,9.0,19.0,6.0,51.0,0.0,,5.0,16.0,0.0,8.0,12.0,3.0,2.0,-4.0,20.26,30.75,35.14,0,0.0
2022,12,albon,15.0,93423.0,93307.0,,13,ricard,williams,15.0,12.0,10.0,3.0,0.0,,3.0,18.0,0.0,12.5,12.33,2.0,1.0,0.17,30.16,54.46,47.73,0,0.0
2022,12,alonso,7.0,92819.0,92631.0,92552.0,6,ricard,alpine,19.0,10.0,5.0,81.0,0.0,1680.0,29.0,10.0,0.0,8.0,7.6,2.0,1.33,0.4,30.16,54.46,47.73,0,0.0
2022,12,bottas,13.0,93034.0,93052.0,,14,ricard,alfa,0.0,11.0,6.0,51.0,0.0,,46.0,9.0,0.0,9.0,9.5,2.0,-3.5,-0.5,30.16,54.46,47.73,0,0.0
2022,12,gasly,16.0,93439.0,,,12,ricard,alphatauri,14.0,15.0,8.0,27.0,0.0,,16.0,13.0,0.0,14.5,11.25,3.0,0.0,3.25,30.16,54.46,47.73,0,0.0
2022,12,hamilton,4.0,93041.0,92274.0,91765.0,2,ricard,mercedes,8.0,3.0,3.0,237.0,0.0,893.0,109.0,6.0,0.0,3.0,4.2,0.0,2.67,-1.2,30.16,54.46,47.73,0,0.0
2022,12,kevin_magnussen,10.0,92756.0,92649.0,,18,ricard,haas,7.0,8.0,7.0,34.0,0.0,,22.0,11.0,0.0,11.67,11.67,2.0,-2.0,0.0,30.16,54.46,47.73,0,0.0
2022,12,latifi,20.0,93794.0,,,17,ricard,williams,17.0,19.0,10.0,3.0,0.0,,0.0,20.0,0.0,14.0,14.5,1.0,0.0,-0.5,30.16,54.46,47.73,0,0.0
2022,12,leclerc,1.0,91727.0,91216.0,90872.0,19,ricard,ferrari,2.0,1.0,2.0,303.0,4.0,0.0,170.0,2.0,3.0,3.33,3.5,2.0,4.67,-0.17,30.16,54.46,47.73,0,0.0
2022,12,max_verstappen,2.0,91891.0,91990.0,91176.0,1,ricard,red_bull,1.0,2.0,1.0,359.0,7.0,304.0,208.0,1.0,6.0,3.33,2.8,1.0,-2.0,0.53,30.16,54.46,47.73,0,0.0
2022,12,mick_schumacher,19.0,93701.0,,,15,ricard,haas,9.0,6.0,7.0,34.0,0.0,,12.0,15.0,0.0,7.0,9.33,2.0,7.0,-2.33,30.16,54.46,47.73,0,0.0
2022,12,norris,5.0,92672.0,92777.0,92032.0,7,ricard,mclaren,10.0,7.0,4.0,81.0,0.0,1160.0,64.0,7.0,0.0,9.33,8.6,1.0,0.67,0.73,30.16,54.46,47.73,0,0.0
2022,12,ocon,12.0,93346.0,93048.0,,8,ricard,alpine,6.0,5.0,5.0,81.0,0.0,,52.0,8.0,0.0,5.5,8.25,1.0,1.0,-2.75,30.16,54.46,47.73,0,0.0
2022,12,perez,3.0,92354.0,92120.0,91335.0,4,ricard,red_bull,5.0,20.0,1.0,359.0,7.0,463.0,151.0,3.0,1.0,2.0,1.67,1.0,2.0,0.33,30.16,54.46,47.73,0,0.0
2022,12,ricciardo,11.0,93404.0,92922.0,,9,ricard,mclaren,11.0,9.0,4.0,81.0,0.0,,17.0,12.0,0.0,11.0,10.8,1.0,0.33,0.2,30.16,54.46,47.73,0,0.0
2022,12,russell,6.0,93109.0,92633.0,92131.0,3,ricard,mercedes,4.0,4.0,3.0,237.0,0.0,1259.0,128.0,5.0,0.0,4.0,4.0,1.0,2.0,0.0,30.16,54.46,47.73,0,0.0
2022,12,sainz,9.0,92297.0,91081.0,,5,ricard,ferrari,3.0,18.0,2.0,303.0,4.0,,133.0,4.0,1.0,1.5,1.67,3.0,0.5,-0.17,30.16,54.46,47.73,0,0.0
2022,12,stroll,17.0,93439.0,,,10,ricard,aston_martin,12.0,13.0,9.0,18.0,0.0,,3.0,19.0,0.0,11.33,12.8,0.0,5.0,-1.47,30.16,54.46,47.73,0,0.0
2022,12,tsunoda,8.0,93394.0,92836.0,92780.0,20,ricard,alphatauri,16.0,16.0,8.0,27.0,0.0,1908.0,11.0,16.0,0.0,15.0,15.0,2.0,-0.5,0.0,30.16,54.46,47.73,0,0.0
2022,12,vettel,14.0,93285.0,93276.0,,11,ricard,aston_martin,18.0,17.0,9.0,18.0,0.0,,15.0,14.0,0.0,12.67,10.8,1.0,4.67,1.87,30.16,54.46,47.73,0,0.0
2022,12,zhou,18.0,93674.0,,,16,ricard,alfa,13.0,14.0,6.0,51.0,0.0,,5.0,17.0,0.0,11.0,12.67,4.0,0.5,-1.67,30.16,54.46,47.73,0,0.0
2022,13,albon,17.0,79256.0,,,17,hungaroring,williams,13.0,13.0,10.0,3.0,0.0,,3.0,19.0,0.0,12.5,12.5,2.0,1.5,0.0,18.56,26.72,69.32,0,27.5
2022,13,alonso,6.0,78716.0,77904.0,78078.0,8,hungaroring,alpine,7.0,6.0,4.0,93.0,0.0,701.0,37.0,10.0,0.0,7.0,7.4,2.0,4.0,-0.4,18.56,26.72,69.32,0,27.5
2022,13,bottas,8.0,78935.0,78445.0,78157.0,20,hungaroring,alfa,11.0,14.0,6.0,51.0,0.0,780.0,46.0,9.0,0.0,12.5,10.75,2.0,-7.0,1.75,18.56,26.72,69.32,0,27.5
2022,13,gasly,19.0,79527.0,,,12,hungaroring,alphatauri,14.0,12.0,8.0,27.0,0.0,,16.0,13.0,0.0,13.5,11.5,3.0,0.5,2.0,18.56,26.72,69.32,0,27.5
2022,13,hamilton,7.0,78374.0,78035.0,78142.0,2,hungaroring,mercedes,4.0,2.0,3.0,270.0,0.0,765.0,127.0,6.0,0.0,2.67,3.0,0.0,3.0,-0.33,18.56,26.72,69.32,0,27.5
2022,13,kevin_magnussen,13.0,78993.0,78825.0,,16,hungaroring,haas,20.0,18.0,7.0,34.0,0.0,,22.0,11.0,0.0,9.0,11.67,2.0,3.0,-2.67,18.56,26.72,69.32,0,27.5
2022,13,latifi,20.0,79570.0,,,18,hungaroring,williams,18.0,17.0,10.0,3.0,0.0,,0.0,20.0,0.0,12.0,14.33,2.0,-2.0,-2.33,18.56,26.72,69.32,0,27.5
2022,13,leclerc,3.0,78806.0,77768.0,77567.0,6,hungaroring,ferrari,1.0,19.0,2.0,314.0,4.0,190.0,170.0,2.0,3.0,2.5,3.33,2.0,0.0,-0.83,18.56,26.72,69.32,0,27.5
2022,13,max_verstappen,10.0,78509.0,77703.0,78823.0,1,hungaroring,red_bull,2.0,1.0,1.0,396.0,8.0,1446.0,233.0,1.0,7.0,3.33,2.4,1.0,-1.67,0.93,18.56,26.72,69.32,0,27.5
2022,13,mick_schumacher,15.0,79164.0,79202.0,,14,hungaroring,haas,17.0,15.0,7.0,34.0,0.0,,12.0,15.0,0.0,9.67,10.75,2.0,5.33,-1.08,18.56,26.72,69.32,0,27.5
2022,13,norris,4.0,78653.0,78121.0,77769.0,7,hungaroring,mclaren,5.0,7.0,5.0,89.0,0.0,392.0,70.0,7.0,0.0,6.67,8.8,1.0,0.33,-2.13,18.56,26.72,69.32,0,27.5
2022,13,ocon,5.0,78866.0,78216.0,78018.0,9,hungaroring,alpine,10.0,8.0,4.0,93.0,0.0,641.0,56.0,8.0,0.0,6.5,7.25,1.0,1.5,-0.75,18.56,26.72,69.32,0,27.5
2022,13,perez,11.0,79118.0,78516.0,,5,hungaroring,red_bull,3.0,4.0,1.0,396.0,8.0,,163.0,3.0,1.0,3.0,2.67,2.0,0.5,0.33,18.56,26.72,69.32,0,27.5
2022,13,ricciardo,9.0,78775.0,78198.0,78379.0,15,hungaroring,mclaren,9.0,9.0,5.0,89.0,0.0,1002.0,19.0,12.0,0.0,10.33,10.0,1.0,1.0,0.33,18.56,26.72,69.32,0,27.5
2022,13,russell,1.0,78407.0,78154.0,77377.0,3,hungaroring,mercedes,6.0,3.0,3.0,270.0,0.0,0.0,143.0,5.0,0.0,3.5,3.5,1.0,1.5,0.0,18.56,26.72,69.32,0,27.5
2022,13,sainz,2.0,78434.0,77946.0,77421.0,4,hungaroring,ferrari,19.0,5.0,2.0,314.0,4.0,44.0,144.0,4.0,1.0,3.0,2.67,4.0,7.0,0.33,18.56,26.72,69.32,0,27.5
2022,13,stroll,14.0,79205.0,79137.0,,11,hungaroring,aston_martin,15.0,10.0,9.0,19.0,0.0,,4.0,18.0,0.0,11.33,12.0,0.0,4.33,-0.67,18.56,26.72,69.32,0,27.5
2022,13,tsunoda,16.0,79240.0,,,19,hungaroring,alphatauri,8.0,20.0,8.0,27.0,0.0,,11.0,16.0,0.0,15.0,14.33,2.0,-0.5,0.67,18.56,26.72,69.32,0,27.5
2022,13,vettel,18.0,79273.0,,,10,hungaroring,aston_martin,12.0,11.0,9.0,19.0,0.0,,15.0,14.0,0.0,12.33,11.0,1.0,3.67,1.33,18.56,26.72,69.32,0,27.5
2022,13,zhou,12.0,78973.0,78573.0,,13,hungaroring,alfa,16.0,16.0,6.0,51.0,0.0,,5.0,17.0,0.0,15.0,12.67,4.0,-0.5,2.33,18.56,26.72,69.32,0,27.5
2022,14,albon,9.0,105672.0,105675.0,105837.0,10,spa,williams,17.0,17.0,10.0,3.0,0.0,2172.0,3.0,19.0,0.0,14.0,13.75,2.0,1.0,0.25,21.79,36.08,40.52,0,0.0
2022,14,alonso,6.0,106075.0,105552.0,105368.0,5,spa,alpine,6.0,8.0,4.0,99.0,0.0,1703.0,41.0,10.0,0.0,8.0,7.6,2.0,2.67,0.4,21.79,36.08,40.52,0,0.0
2022,14,bottas,20.0,107866.0,,,19,spa,alfa,8.0,20.0,6.0,51.0,0.0,,46.0,9.0,0.0,15.0,13.0,2.0,-8.67,2.0,21.79,36.08,40.52,0,0.0
2022,14,gasly,12.0,106183.0,105827.0,,9,spa,alphatauri,0.0,12.0,8.0,27.0,0.0,,16.0,13.0,0.0,13.0,13.25,3.0,-3.67,-0.25,21.79,36.08,40.52,0,0.0
2022,14,hamilton,7.0,105736.0,105420.0,105503.0,20,spa,mercedes,7.0,2.0,3.0,304.0,0.0,1838.0,146.0,6.0,0.0,2.33,2.6,0.0,4.0,-0.27,21.79,36.08,40.52,0,0.0
2022,14,kevin_magnussen,18.0,106557.0,,,16,spa,haas,13.0,16.0,7.0,34.0,0.0,,22.0,11.0,0.0,12.0,12.75,3.0,-2.0,-0.75,21.79,36.08,40.52,0,0.0
2022,14,latifi,17.0,106401.0,,,18,spa,williams,19.0,18.0,10.0,3.0,0.0,,0.0,20.0,0.0,18.0,15.33,3.0,1.0,2.67,21.79,36.08,40.52,0,0.0
2022,14,leclerc,4.0,105572.0,104551.0,104553.0,6,spa,ferrari,3.0,6.0,2.0,334.0,4.0,888.0,178.0,2.0,3.0,3.5,4.0,3.0,-1.0,-0.5,21.79,36.08,40.52,0,0.0
2022,14,max_verstappen,1.0,104581.0,104723.0,103665.0,1,spa,red_bull,10.0,1.0,1.0,431.0,9.0,0.0,258.0,1.0,8.0,1.33,2.4,1.0,3.0,-1.07,21.79,36.08,40.52,0,0.0
2022,14,mick_schumacher,15.0,106342.0,107718.0,,17,spa,haas,15.0,14.0,7.0,34.0,0.0,,12.0,15.0,0.0,11.67,10.75,2.0,2.0,0.92,21.79,36.08,40.52,0,0.0
2022,14,norris,10.0,105745.0,105603.0,106178.0,12,spa,mclaren,4.0,7.0,5.0,95.0,0.0,2513.0,76.0,7.0,0.0,7.0,8.4,1.0,-0.67,-1.4,21.79,36.08,40.52,0,0.0
2022,14,ocon,5.0,106039.0,105475.0,105180.0,7,spa,alpine,5.0,9.0,4.0,99.0,0.0,1515.0,58.0,8.0,0.0,7.33,7.0,1.0,-0.33,0.33,21.79,36.08,40.52,0,0.0
2022,14,perez,3.0,105377.0,104794.0,104462.0,2,spa,red_bull,11.0,5.0,1.0,431.0,9.0,797.0,173.0,3.0,1.0,4.5,3.67,2.0,2.5,0.83,21.79,36.08,40.52,0,0.0
2022,14,ricciardo,11.0,106212.0,105767.0,,15,spa,mclaren,9.0,15.0,5.0,95.0,0.0,,19.0,12.0,0.0,11.0,11.4,1.0,-1.33,-0.4,21.79,36.08,40.52,0,0.0
2022,14,russell,8.0,105650.0,105461.0,105776.0,4,spa,mercedes,1.0,3.0,3.0,304.0,0.0,2111.0,158.0,4.0,0.0,3.33,3.5,1.0,0.33,-0.17,21.79,36.08,40.52,0,0.0
2022,14,sainz,2.0,105050.0,105418.0,104297.0,3,spa,ferrari,2.0,4.0,2.0,334.0,4.0,632.0,156.0,5.0,1.0,4.5,3.0,4.0,6.0,1.5,21.79,36.08,40.52,0,0.0
2022,14,stroll,14.0,106256.0,106611.0,,11,spa,aston_martin,14.0,11.0,9.0,20.0,0.0,,4.0,18.0,0.0,11.33,11.0,0.0,2.33,0.33,21.79,36.08,40.52,0,0.0
2022,14,tsunoda,19.0,106692.0,,,13,spa,alphatauri,16.0,19.0,8.0,27.0,0.0,,11.0,16.0,0.0,17.5,16.33,3.0,-1.5,1.17,21.79,36.08,40.52,0,0.0
2022,14,vettel,16.0,106344.0,,,8,spa,aston_martin,18.0,10.0,9.0,20.0,0.0,,16.0,14.0,0.0,12.67,11.8,1.0,3.33,0.87,21.79,36.08,40.52,0,0.0
2022,14,zhou,13.0,106178.0,106085.0,,14,spa,alfa,12.0,13.0,6.0,51.0,0.0,,5.0,17.0,0.0,14.33,12.75,4.0,-0.67,1.58,21.79,36.08,40.52,0,0.0
2022,15,albon,15.0,71695.0,71802.0,,12,zandvoort,williams,6.0,10.0,10.0,4.0,0.0,,4.0,18.0,0.0,13.33,13.0,2.0,-1.33,0.33,22.73,33.45,75.38,0,0.0
2022,15,alonso,13.0,71667.0,71613.0,,6,zandvoort,alpine,3.0,5.0,4.0,115.0,0.0,,51.0,9.0,0.0,6.33,6.8,2.0,-1.0,-0.47,22.73,33.45,75.38,0,0.0
2022,15,bottas,16.0,71961.0,,,19,zandvoort,alfa,13.0,19.0,6.0,51.0,0.0,,46.0,10.0,0.0,17.0,15.0,2.0,-7.5,2.0,22.73,33.45,75.38,0,0.0
2022,15,gasly,11.0,71705.0,71512.0,,11,zandvoort,alphatauri,0.0,9.0,8.0,29.0,0.0,,18.0,14.0,0.0,11.0,12.0,3.0,-6.33,-1.0,22.73,33.45,75.38,0,0.0
2022,15,hamilton,4.0,71331.0,71075.0,70648.0,4,zandvoort,mercedes,4.0,20.0,3.0,316.0,0.0,306.0,146.0,6.0,0.0,2.0,2.5,0.0,3.5,-0.5,22.73,33.45,75.38,0,0.0
2022,15,kevin_magnussen,18.0,72319.0,,,15,zandvoort,haas,12.0,16.0,7.0,34.0,0.0,,22.0,11.0,0.0,16.0,12.5,3.0,-3.5,3.5,22.73,33.45,75.38,0,0.0
2022,15,latifi,20.0,73353.0,,,18,zandvoort,williams,11.0,18.0,10.0,4.0,0.0,,0.0,20.0,0.0,18.0,16.0,3.0,-3.0,2.0,22.73,33.45,75.38,0,0.0
2022,15,leclerc,2.0,71443.0,70988.0,70363.0,3,zandvoort,ferrari,15.0,6.0,2.0,357.0,4.0,21.0,186.0,3.0,3.0,6.0,4.25,3.0,3.0,1.75,22.73,33.45,75.38,0,0.0
2022,15,max_verstappen,1.0,71317.0,70927.0,70342.0,1,zandvoort,red_bull,14.0,1.0,1.0,475.0,10.0,0.0,284.0,1.0,9.0,1.0,2.4,1.0,7.67,-1.4,22.73,33.45,75.38,0,0.0
2022,15,mick_schumacher,8.0,71741.0,71420.0,71442.0,13,zandvoort,haas,19.0,17.0,7.0,34.0,0.0,1100.0,12.0,15.0,0.0,15.33,12.0,2.0,1.67,3.33,22.73,33.45,75.38,0,0.0
2022,15,norris,7.0,71556.0,71116.0,71174.0,7,zandvoort,mclaren,17.0,12.0,5.0,95.0,0.0,832.0,76.0,7.0,0.0,8.67,7.8,1.0,0.0,0.87,22.73,33.45,75.38,0,0.0
2022,15,ocon,12.0,71748.0,71605.0,,9,zandvoort,alpine,16.0,7.0,4.0,115.0,0.0,,64.0,8.0,0.0,8.0,7.25,1.0,2.33,0.75,22.73,33.45,75.38,0,0.0
2022,15,perez,5.0,71641.0,71314.0,71077.0,5,zandvoort,red_bull,2.0,2.0,1.0,475.0,10.0,735.0,191.0,2.0,1.0,3.67,3.25,2.0,1.67,0.42,22.73,33.45,75.38,0,0.0
2022,15,ricciardo,17.0,72081.0,,,17,zandvoort,mclaren,7.0,15.0,5.0,95.0,0.0,,19.0,13.0,0.0,13.0,12.2,1.0,-4.67,0.8,22.73,33.45,75.38,0,0.0
2022,15,russell,6.0,71561.0,70824.0,71147.0,2,zandvoort,mercedes,5.0,4.0,3.0,316.0,0.0,805.0,170.0,5.0,0.0,3.33,3.5,1.0,0.67,-0.17,22.73,33.45,75.38,0,0.0
2022,15,sainz,3.0,71767.0,70814.0,70434.0,8,zandvoort,ferrari,1.0,3.0,2.0,357.0,4.0,92.0,171.0,4.0,1.0,4.0,3.25,4.0,3.33,0.75,22.73,33.45,75.38,0,0.0
2022,15,stroll,10.0,71568.0,71416.0,,10,zandvoort,aston_martin,9.0,11.0,9.0,24.0,0.0,,4.0,19.0,0.0,10.67,11.2,0.0,2.0,-0.53,22.73,33.45,75.38,0,0.0
2022,15,tsunoda,9.0,71427.0,71428.0,72556.0,20,zandvoort,alphatauri,0.0,13.0,8.0,29.0,0.0,2214.0,11.0,16.0,0.0,16.0,15.5,3.0,-8.0,0.5,22.73,33.45,75.38,0,0.0
2022,15,vettel,19.0,72391.0,,,14,zandvoort,aston_martin,10.0,8.0,9.0,24.0,0.0,,20.0,12.0,0.0,9.67,11.0,1.0,3.67,-1.33,22.73,33.45,75.38,0,0.0
2022,15,zhou,14.0,71826.0,71704.0,,16,zandvoort,alfa,18.0,14.0,6.0,51.0,0.0,,5.0,17.0,0.0,14.33,14.25,4.0,1.0,0.08,22.73,33.45,75.38,0,0.0
2022,16,alonso,10.0,82089.0,81861.0,,19,monza,alpine,13.0,6.0,4.0,125.0,0.0,,59.0,9.0,0.0,6.33,7.0,2.0,1.0,-0.67,27.73,43.14,33.15,0,0.0
2022,16,bottas,12.0,82254.0,82235.0,,13,monza,alfa,16.0,19.0,6.0,51.0,0.0,,46.0,10.0,0.0,20.0,15.0,3.0,-12.0,5.0,27.73,43.14,33.15,0,0.0
2022,16,de_vries,13.0,82567.0,82471.0,,9,monza,williams,,,10.0,4.0,0.0,,,,,,,,,,27.73,43.14,33.15,0,0.0
2022,16,gasly,9.0,82010.0,82062.0,82648.0,8,monza,alphatauri,11.0,11.0,8.0,29.0,0.0,2487.0,18.0,14.0,0.0,10.67,11.8,3.0,-7.0,-1.13,27.73,43.14,33.15,0,0.0
2022,16,hamilton,5.0,82048.0,81708.0,81524.0,5,monza,mercedes,4.0,4.0,3.0,346.0,0.0,1363.0,158.0,6.0,0.0,3.0,2.75,1.0,2.5,0.25,27.73,43.14,33.15,0,0.0
2022,16,kevin_magnussen,19.0,82908.0,,,16,monza,haas,18.0,15.0,7.0,34.0,0.0,,22.0,11.0,0.0,15.67,13.75,3.0,-1.33,1.92,27.73,43.14,33.15,0,0.0
2022,16,latifi,16.0,82587.0,,,15,monza,williams,20.0,18.0,10.0,4.0,0.0,,0.0,20.0,0.0,18.0,18.0,3.0,-1.33,0.0,27.73,43.14,33.15,0,0.0
2022,16,leclerc,1.0,81280.0,81208.0,80161.0,2,monza,ferrari,2.0,3.0,2.0,376.0,4.0,0.0,201.0,2.0,3.0,5.0,4.0,3.0,1.67,1.0,27.73,43.14,33.15,0,0.0
2022,16,max_verstappen,2.0,80922.0,81265.0,80306.0,1,monza,red_bull,1.0,1.0,1.0,511.0,11.0,145.0,310.0,1.0,10.0,1.0,1.2,1.0,7.33,-0.2,27.73,43.14,33.15,0,0.0
2022,16,mick_schumacher,20.0,83005.0,,,12,monza,haas,8.0,13.0,7.0,34.0,0.0,,12.0,15.0,0.0,14.67,13.0,2.0,-0.67,1.67,27.73,43.14,33.15,0,0.0
2022,16,norris,7.0,82130.0,81831.0,81584.0,7,monza,mclaren,7.0,7.0,5.0,101.0,0.0,1423.0,82.0,7.0,0.0,8.67,8.0,1.0,0.67,0.67,27.73,43.14,33.15,0,0.0
2022,16,ocon,11.0,82166.0,82130.0,,11,monza,alpine,12.0,9.0,4.0,125.0,0.0,,66.0,8.0,0.0,8.33,7.6,1.0,2.67,0.73,27.73,43.14,33.15,0,0.0
2022,16,perez,4.0,81495.0,81358.0,81206.0,6,monza,red_bull,5.0,5.0,1.0,511.0,11.0,1045.0,201.0,3.0,1.0,4.0,4.0,2.0,2.0,0.0,27.73,43.14,33.15,0,0.0
2022,16,ricciardo,8.0,82139.0,81855.0,81925.0,17,monza,mclaren,17.0,17.0,5.0,101.0,0.0,1764.0,19.0,13.0,0.0,15.67,13.0,1.0,-4.67,2.67,27.73,43.14,33.15,0,0.0
2022,16,russell,6.0,81785.0,81747.0,81542.0,3,monza,mercedes,6.0,2.0,3.0,346.0,0.0,1381.0,188.0,4.0,0.0,3.0,3.2,1.0,1.0,-0.2,27.73,43.14,33.15,0,0.0
2022,16,sainz,3.0,81348.0,80878.0,80429.0,4,monza,ferrari,3.0,8.0,2.0,376.0,4.0,268.0,175.0,5.0,1.0,5.0,5.0,4.0,-3.0,0.0,27.73,43.14,33.15,0,0.0
2022,16,stroll,18.0,82748.0,,,18,monza,aston_martin,10.0,10.0,9.0,25.0,0.0,,5.0,18.0,0.0,10.67,11.0,0.0,0.33,-0.33,27.73,43.14,33.15,0,0.0
2022,16,tsunoda,15.0,82020.0,,,14,monza,alphatauri,9.0,20.0,8.0,29.0,0.0,,11.0,16.0,0.0,16.0,16.0,3.0,-8.0,0.0,27.73,43.14,33.15,0,0.0
2022,16,vettel,17.0,82636.0,,,20,monza,aston_martin,19.0,14.0,9.0,25.0,0.0,,20.0,12.0,0.0,10.67,12.0,1.0,5.0,-1.33,27.73,43.14,33.15,0,0.0
2022,16,zhou,14.0,82003.0,82577.0,,10,monza,alfa,14.0,16.0,6.0,51.0,0.0,,5.0,17.0,0.0,14.33,14.6,4.0,0.33,-0.27,27.73,43.14,33.15,0,0.0
2022,17,albon,19.0,116985.0,,,17,marina_bay,williams,,,10.0,6.0,0.0,,4.0,19.0,0.0,13.0,12.8,2.0,-0.33,0.2,26.23,28.97,87.45,0,18.0
2022,17,alonso,5.0,115360.0,113127.0,109966.0,18,marina_bay,alpine,6.0,19.0,4.0,125.0,0.0,554.0,59.0,9.0,0.0,5.5,6.25,2.0,2.5,-0.75,26.23,28.97,87.45,0,18.0
2022,17,bottas,16.0,116083.0,,,11,marina_bay,alfa,15.0,13.0,6.0,52.0,0.0,,46.0,10.0,0.0,13.0,15.67,4.0,2.0,-2.67,26.23,28.97,87.45,0,18.0
2022,17,gasly,7.0,115606.0,113546.0,111211.0,10,marina_bay,alphatauri,5.0,8.0,8.0,33.0,0.0,1799.0,22.0,11.0,0.0,9.33,10.4,3.0,-4.0,-1.07,26.23,28.97,87.45,0,18.0
2022,17,hamilton,3.0,113161.0,112691.0,109466.0,9,marina_bay,mercedes,19.0,5.0,3.0,371.0,0.0,54.0,168.0,6.0,0.0,4.5,3.25,1.0,7.0,1.25,26.23,28.97,87.45,0,18.0
2022,17,kevin_magnussen,9.0,115103.0,114006.0,111573.0,12,marina_bay,haas,16.0,16.0,7.0,34.0,0.0,2161.0,22.0,12.0,0.0,15.67,15.75,3.0,-0.33,-0.08,26.23,28.97,87.45,0,18.0
2022,17,latifi,20.0,117532.0,,,19,marina_bay,williams,10.0,15.0,10.0,6.0,0.0,,0.0,21.0,0.0,17.0,17.25,3.0,-3.33,-0.25,26.23,28.97,87.45,0,18.0
2022,17,leclerc,1.0,114129.0,112343.0,109412.0,2,marina_bay,ferrari,1.0,2.0,2.0,406.0,4.0,0.0,219.0,2.0,3.0,3.67,4.25,3.0,2.33,-0.58,26.23,28.97,87.45,0,18.0
2022,17,max_verstappen,8.0,113057.0,112723.0,111395.0,7,marina_bay,red_bull,7.0,1.0,1.0,545.0,12.0,1983.0,335.0,1.0,11.0,1.0,1.0,1.0,6.33,0.0,26.23,28.97,87.45,0,18.0
2022,17,mick_schumacher,13.0,115736.0,114370.0,,13,marina_bay,haas,17.0,12.0,7.0,34.0,0.0,,12.0,15.0,0.0,14.0,14.2,2.0,0.67,-0.2,26.23,28.97,87.45,0,18.0
2022,17,norris,6.0,115914.0,113942.0,110584.0,4,marina_bay,mclaren,3.0,7.0,5.0,107.0,0.0,1172.0,88.0,7.0,0.0,8.67,8.0,1.0,0.33,0.67,26.23,28.97,87.45,0,18.0
2022,17,ocon,18.0,116337.0,,,16,marina_bay,alpine,14.0,11.0,4.0,125.0,0.0,,66.0,8.0,0.0,9.0,8.8,1.0,5.0,0.2,26.23,28.97,87.45,0,18.0
2022,17,perez,2.0,114404.0,112818.0,109434.0,1,marina_bay,red_bull,13.0,6.0,1.0,545.0,12.0,22.0,210.0,3.0,1.0,4.33,4.4,2.0,2.33,-0.07,26.23,28.97,87.45,0,18.0
2022,17,ricciardo,17.0,116226.0,,,5,marina_bay,mclaren,4.0,17.0,5.0,107.0,0.0,,19.0,14.0,0.0,16.0,14.0,1.0,-4.0,2.0,26.23,28.97,87.45,0,18.0
2022,17,russell,11.0,114633.0,114012.0,,14,marina_bay,mercedes,2.0,3.0,3.0,371.0,0.0,,203.0,4.0,0.0,3.0,3.0,1.0,1.33,0.0,26.23,28.97,87.45,0,18.0
2022,17,sainz,4.0,114559.0,113219.0,109583.0,3,marina_bay,ferrari,18.0,4.0,2.0,406.0,4.0,171.0,187.0,5.0,1.0,5.0,4.8,4.0,2.33,0.2,26.23,28.97,87.45,0,18.0
2022,17,stroll,12.0,115629.0,114211.0,,6,marina_bay,aston_martin,12.0,18.0,9.0,25.0,0.0,,5.0,18.0,0.0,10.5,10.5,0.0,-1.0,0.0,26.23,28.97,87.45,0,18.0
2022,17,tsunoda,10.0,115314.0,113848.0,111983.0,15,marina_bay,alphatauri,20.0,14.0,8.0,33.0,0.0,2571.0,11.0,16.0,0.0,13.5,15.33,4.0,-3.5,-1.83,26.23,28.97,87.45,0,18.0
2022,17,vettel,14.0,115602.0,114380.0,,8,marina_bay,aston_martin,11.0,20.0,9.0,25.0,0.0,,20.0,13.0,0.0,11.0,10.75,1.0,3.5,0.25,26.23,28.97,87.45,0,18.0
2022,17,zhou,15.0,115375.0,115518.0,,20,marina_bay,alfa,9.0,10.0,6.0,52.0,0.0,,6.0,17.0,0.0,13.33,13.8,4.0,0.33,-0.47,26.23,28.97,87.45,0,18.0
2022,18,albon,16.0,91311.0,,,20,suzuka,williams,18.0,17.0,10.0,6.0,0.0,,4.0,19.0,0.0,11.0,13.0,2.0,-0.5,-2.0,16.72,19.93,86.21,1,98.0
2022,18,alonso,7.0,90603.0,90343.0,90322.0,7,suzuka,alpine,5.0,18.0,5.0,125.0,0.0,1018.0,59.0,9.0,0.0,6.0,6.33,3.0,7.0,-0.33,16.72,19.93,86.21,1,98.0
2022,18,bottas,12.0,91226.0,90709.0,,15,suzuka,alfa,15.0,11.0,6.0,52.0,0.0,,46.0,10.0,0.0,12.0,14.67,4.0,3.0,-2.67,16.72,19.93,86.21,1,98.0
2022,18,gasly,17.0,91322.0,,,18,suzuka,alphatauri,7.0,10.0,9.0,34.0,0.0,,23.0,13.0,0.0,9.67,10.0,3.0,-2.0,-0.33,16.72,19.93,86.21,1,98.0
2022,18,hamilton,6.0,90906.0,90443.0,90261.0,5,suzuka,mercedes,3.0,9.0,3.0,373.0,0.0,957.0,170.0,6.0,0.0,6.0,5.0,1.0,2.67,1.0,16.72,19.93,86.21,1,98.0
2022,18,kevin_magnussen,18.0,91352.0,,,14,suzuka,haas,9.0,12.0,8.0,34.0,0.0,,22.0,14.0,0.0,14.33,15.0,3.0,0.0,-0.67,16.72,19.93,86.21,1,98.0
2022,18,latifi,20.0,91511.0,,,9,suzuka,williams,19.0,19.0,10.0,6.0,0.0,,0.0,21.0,0.0,16.5,17.25,3.0,-1.5,-0.75,16.72,19.93,86.21,1,98.0
2022,18,leclerc,2.0,90402.0,90486.0,89314.0,3,suzuka,ferrari,1.0,2.0,2.0,439.0,4.0,10.0,237.0,2.0,3.0,2.33,3.8,3.0,-1.0,-1.47,16.72,19.93,86.21,1,98.0
2022,18,max_verstappen,1.0,90224.0,90346.0,89304.0,1,suzuka,red_bull,8.0,7.0,1.0,576.0,13.0,0.0,341.0,1.0,11.0,3.0,2.2,1.0,2.33,0.8,16.72,19.93,86.21,1,98.0
2022,18,mick_schumacher,15.0,91152.0,91439.0,,17,suzuka,haas,12.0,13.0,8.0,34.0,0.0,,12.0,16.0,0.0,12.67,13.8,2.0,-0.33,-1.13,16.72,19.93,86.21,1,98.0
2022,18,norris,10.0,90881.0,90473.0,91003.0,10,suzuka,mclaren,6.0,4.0,4.0,129.0,0.0,1699.0,100.0,7.0,0.0,6.0,7.4,1.0,-0.67,-1.4,16.72,19.93,86.21,1,98.0
2022,18,ocon,5.0,90696.0,90357.0,90165.0,4,suzuka,alpine,17.0,16.0,5.0,125.0,0.0,861.0,66.0,8.0,0.0,10.0,9.0,1.0,3.0,1.0,16.72,19.93,86.21,1,98.0
2022,18,perez,4.0,90622.0,89925.0,89709.0,2,suzuka,red_bull,2.0,1.0,1.0,576.0,13.0,405.0,235.0,3.0,2.0,4.0,3.8,2.0,2.67,0.2,16.72,19.93,86.21,1,98.0
2022,18,ricciardo,11.0,90880.0,90659.0,,11,suzuka,mclaren,16.0,5.0,4.0,129.0,0.0,,29.0,11.0,0.0,11.0,13.0,2.0,5.5,-2.0,16.72,19.93,86.21,1,98.0
2022,18,russell,8.0,90865.0,90465.0,90389.0,8,suzuka,mercedes,0.0,14.0,3.0,373.0,0.0,1085.0,203.0,4.0,0.0,6.33,5.2,1.0,-3.67,1.13,16.72,19.93,86.21,1,98.0
2022,18,sainz,3.0,90336.0,90444.0,89361.0,19,suzuka,ferrari,4.0,3.0,2.0,439.0,4.0,57.0,202.0,5.0,1.0,5.0,4.4,4.0,3.33,0.6,16.72,19.93,86.21,1,98.0
2022,18,stroll,19.0,91419.0,,,12,suzuka,aston_martin,11.0,6.0,7.0,37.0,0.0,,13.0,15.0,0.0,8.0,9.5,1.0,2.5,-1.5,16.72,19.93,86.21,1,98.0
2022,18,tsunoda,13.0,91130.0,90808.0,,13,suzuka,alphatauri,10.0,15.0,9.0,34.0,0.0,,11.0,17.0,0.0,14.0,15.33,4.0,6.0,-1.33,16.72,19.93,86.21,1,98.0
2022,18,vettel,9.0,91256.0,90656.0,90554.0,6,suzuka,aston_martin,13.0,8.0,7.0,37.0,0.0,1250.0,24.0,12.0,0.0,11.0,10.0,2.0,5.0,1.0,16.72,19.93,86.21,1,98.0
2022,18,zhou,14.0,90894.0,90953.0,,16,suzuka,alfa,14.0,20.0,6.0,52.0,0.0,,6.0,18.0,0.0,13.0,13.25,4.0,-1.5,-0.25,16.72,19.93,86.21,1,98.0
2022,19,albon,11.0,96932.0,96368.0,,13,americas,williams,16.0,20.0,10.0,8.0,0.0,,4.0,19.0,0.0,12.0,13.0,3.0,3.0,-1.0,29.29,35.52,49.62,0,0.0
2022,19,alonso,9.0,96446.0,95988.0,95876.0,7,americas,alpine,7.0,7.0,4.0,143.0,0.0,1520.0,65.0,9.0,0.0,7.0,6.0,4.0,0.0,1.0,29.29,35.52,49.62,0,0.0
2022,19,bottas,10.0,96746.0,96321.0,96319.0,19,americas,alfa,12.0,15.0,6.0,52.0,0.0,1963.0,46.0,10.0,0.0,13.0,13.0,4.0,1.0,0.0,29.29,35.52,49.62,0,0.0
2022,19,gasly,13.0,96577.0,96740.0,,14,americas,alphatauri,17.0,18.0,9.0,34.0,0.0,,23.0,13.0,0.0,12.0,11.2,3.0,-2.33,0.8,29.29,35.52,49.62,0,0.0
2022,19,hamilton,5.0,96148.0,95732.0,94947.0,2,americas,mercedes,6.0,5.0,3.0,387.0,0.0,591.0,180.0,6.0,0.0,6.33,5.75,1.0,3.0,0.58,29.29,35.52,49.62,0,0.0
2022,19,kevin_magnussen,16.0,96949.0,,,9,americas,haas,18.0,14.0,8.0,34.0,0.0,,22.0,14.0,0.0,14.0,14.6,3.0,0.33,-0.6,29.29,35.52,49.62,0,0.0
2022,19,latifi,20.0,97244.0,,,17,americas,williams,20.0,9.0,10.0,8.0,0.0,,2.0,20.0,0.0,12.0,15.0,4.0,3.0,-3.0,29.29,35.52,49.62,0,0.0
2022,19,leclerc,2.0,95795.0,95246.0,94421.0,3,americas,ferrari,2.0,3.0,2.0,454.0,4.0,65.0,252.0,3.0,3.0,2.33,3.2,3.0,-1.0,-0.87,29.29,35.52,49.62,0,0.0
2022,19,max_verstappen,3.0,95864.0,95294.0,94448.0,1,americas,red_bull,1.0,1.0,1.0,619.0,14.0,92.0,366.0,1.0,12.0,3.0,2.2,1.0,2.33,0.8,29.29,35.52,49.62,0,0.0
2022,19,mick_schumacher,19.0,97111.0,,,15,americas,haas,15.0,17.0,8.0,34.0,0.0,,12.0,16.0,0.0,14.0,14.4,2.0,0.67,-0.4,29.29,35.52,49.62,0,0.0
2022,19,norris,8.0,96465.0,96341.0,95690.0,6,americas,mclaren,10.0,10.0,5.0,130.0,0.0,1334.0,101.0,7.0,0.0,7.0,8.0,1.0,-0.67,-1.0,29.29,35.52,49.62,0,0.0
2022,19,ocon,18.0,97068.0,,,11,americas,alpine,5.0,4.0,4.0,143.0,0.0,,78.0,8.0,0.0,7.5,7.75,2.0,2.0,-0.25,29.29,35.52,49.62,0,0.0
2022,19,perez,4.0,96163.0,95864.0,94645.0,4,americas,red_bull,4.0,2.0,1.0,619.0,14.0,289.0,253.0,2.0,2.0,3.0,3.2,2.0,3.33,-0.2,29.29,35.52,49.62,0,0.0
2022,19,ricciardo,17.0,97046.0,,,16,americas,mclaren,11.0,11.0,5.0,130.0,0.0,,29.0,12.0,0.0,8.0,12.0,2.0,5.5,-4.0,29.29,35.52,49.62,0,0.0
2022,19,russell,6.0,96195.0,95692.0,94988.0,5,americas,mercedes,8.0,8.0,3.0,387.0,0.0,632.0,207.0,4.0,0.0,8.33,6.2,1.0,-5.0,2.13,29.29,35.52,49.62,0,0.0
2022,19,sainz,1.0,95297.0,95590.0,94356.0,20,americas,ferrari,3.0,19.0,2.0,454.0,4.0,0.0,202.0,5.0,1.0,3.5,4.5,4.0,7.5,-1.0,29.29,35.52,49.62,0,0.0
2022,19,stroll,7.0,96860.0,96032.0,95598.0,18,americas,aston_martin,19.0,12.0,7.0,45.0,0.0,1242.0,13.0,15.0,0.0,9.0,9.75,1.0,6.0,-0.75,29.29,35.52,49.62,0,0.0
2022,19,tsunoda,15.0,96808.0,97147.0,,10,americas,alphatauri,13.0,13.0,9.0,34.0,0.0,,11.0,17.0,0.0,13.5,13.33,5.0,3.0,0.17,29.29,35.52,49.62,0,0.0
2022,19,vettel,12.0,96695.0,96398.0,,8,americas,aston_martin,9.0,6.0,7.0,45.0,0.0,,32.0,11.0,0.0,7.0,9.0,2.0,4.0,-2.0,29.29,35.52,49.62,0,0.0
2022,19,zhou,14.0,96656.0,96970.0,,12,americas,alfa,14.0,16.0,6.0,52.0,0.0,,6.0,18.0,0.0,13.0,14.0,5.0,-1.5,-1.0,29.29,35.52,49.62,0,0.0
2022,20,albon,19.0,80859.0,,,12,rodriguez,williams,8.0,13.0,10.0,8.0,0.0,,4.0,19.0,0.0,13.0,11.67,4.0,-5.0,1.33,24.31,41.69,34.44,0,0.0
2022,20,alonso,9.0,80006.0,79272.0,78939.0,19,rodriguez,alpine,14.0,7.0,4.0,149.0,0.0,1164.0,71.0,9.0,0.0,7.0,6.67,4.0,3.5,0.33,24.31,41.69,34.44,0,0.0
2022,20,bottas,6.0,79523.0,78762.0,78401.0,10,rodriguez,alfa,7.0,19.0,6.0,52.0,0.0,626.0,46.0,10.0,0.0,13.0,13.0,4.0,0.5,0.0,24.31,41.69,34.44,0,0.0
2022,20,gasly,14.0,80256.0,79672.0,,11,rodriguez,alphatauri,11.0,14.0,9.0,35.0,0.0,,23.0,14.0,0.0,14.0,12.2,3.0,-2.33,1.8,24.31,41.69,34.44,0,0.0
2022,20,hamilton,3.0,79169.0,78552.0,78084.0,2,rodriguez,mercedes,3.0,2.0,3.0,416.0,0.0,309.0,198.0,6.0,0.0,5.33,5.0,1.0,-1.33,0.33,24.31,41.69,34.44,0,0.0
2022,20,kevin_magnussen,15.0,80293.0,79833.0,,17,rodriguez,haas,13.0,9.0,8.0,36.0,0.0,,24.0,13.0,0.0,11.67,13.2,3.0,1.67,-1.53,24.31,41.69,34.44,0,0.0
2022,20,latifi,20.0,81167.0,,,18,rodriguez,williams,17.0,17.0,10.0,8.0,0.0,,2.0,20.0,0.0,13.0,14.75,4.0,5.5,-1.75,24.31,41.69,34.44,0,0.0
2022,20,leclerc,7.0,79505.0,79109.0,78555.0,6,rodriguez,ferrari,12.0,3.0,2.0,469.0,4.0,780.0,267.0,2.0,3.0,2.67,2.6,3.0,2.33,0.07,24.31,41.69,34.44,0,0.0
2022,20,max_verstappen,1.0,79222.0,78566.0,77775.0,1,rodriguez,red_bull,2.0,1.0,1.0,656.0,15.0,0.0,391.0,1.0,13.0,3.0,2.2,1.0,0.67,0.8,24.31,41.69,34.44,0,0.0
2022,20,mick_schumacher,16.0,80419.0,,,16,rodriguez,haas,16.0,15.0,8.0,36.0,0.0,,12.0,16.0,0.0,15.0,14.0,2.0,-0.67,1.0,24.31,41.69,34.44,0,0.0
2022,20,norris,8.0,79857.0,79119.0,78721.0,9,rodriguez,mclaren,6.0,6.0,5.0,138.0,0.0,946.0,109.0,7.0,0.0,6.67,6.8,1.0,0.67,-0.13,24.31,41.69,34.44,0,0.0
2022,20,ocon,10.0,79945.0,79081.0,79010.0,8,rodriguez,alpine,0.0,11.0,4.0,149.0,0.0,1235.0,78.0,8.0,0.0,7.5,8.75,2.0,-5.0,-1.25,24.31,41.69,34.44,0,0.0
2022,20,perez,4.0,79706.0,78615.0,78128.0,3,rodriguez,red_bull,9.0,4.0,1.0,656.0,15.0,353.0,265.0,3.0,2.0,2.33,3.6,2.0,2.67,-1.27,24.31,41.69,34.44,0,0.0
2022,20,ricciardo,11.0,80279.0,79325.0,,7,rodriguez,mclaren,15.0,16.0,5.0,138.0,0.0,,29.0,12.0,0.0,10.67,12.25,2.0,3.33,-1.58,24.31,41.69,34.44,0,0.0
2022,20,russell,2.0,79583.0,78565.0,78079.0,4,rodriguez,mercedes,4.0,5.0,3.0,416.0,0.0,304.0,218.0,4.0,0.0,9.0,6.4,1.0,-5.0,2.6,24.31,41.69,34.44,0,0.0
2022,20,sainz,5.0,79566.0,78560.0,78351.0,5,rodriguez,ferrari,1.0,20.0,2.0,469.0,4.0,576.0,202.0,5.0,1.0,3.0,5.0,5.0,1.0,-2.0,24.31,41.69,34.44,0,0.0
2022,20,stroll,18.0,80520.0,,,15,rodriguez,aston_martin,5.0,18.0,7.0,49.0,0.0,,13.0,15.0,0.0,9.0,9.33,1.0,6.0,-0.33,24.31,41.69,34.44,0,0.0
2022,20,tsunoda,13.0,79907.0,79589.0,,20,rodriguez,alphatauri,19.0,10.0,9.0,35.0,0.0,,12.0,17.0,0.0,11.5,12.33,5.0,4.5,-0.83,24.31,41.69,34.44,0,0.0
2022,20,vettel,17.0,80419.0,,,14,rodriguez,aston_martin,10.0,8.0,7.0,49.0,0.0,,36.0,11.0,0.0,7.33,9.0,2.0,3.33,-1.67,24.31,41.69,34.44,0,0.0
2022,20,zhou,12.0,80283.0,79476.0,,13,rodriguez,alfa,18.0,12.0,6.0,52.0,0.0,,6.0,18.0,0.0,14.0,13.5,5.0,2.0,0.5,24.31,41.69,34.44,0,0.0
2022,21,albon,11.0,74324.0,71631.0,,15,interlagos,williams,17.0,12.0,10.0,8.0,0.0,,4.0,19.0,0.0,12.5,12.33,4.0,0.0,0.17,23.01,46.05,76.08,0,0.0
2022,21,alonso,7.0,73542.0,71394.0,72504.0,5,interlagos,alpine,9.0,19.0,4.0,153.0,0.0,830.0,71.0,9.0,0.0,11.0,11.0,4.0,-1.0,0.0,23.01,46.05,76.08,0,0.0
2022,21,bottas,18.0,75486.0,,,9,interlagos,alfa,6.0,10.0,6.0,53.0,0.0,,47.0,10.0,0.0,12.5,12.25,5.0,-3.5,0.25,23.01,46.05,76.08,0,0.0
2022,21,gasly,12.0,74371.0,71675.0,,14,interlagos,alphatauri,14.0,11.0,9.0,35.0,0.0,,23.0,14.0,0.0,14.33,12.2,3.0,-0.33,2.13,23.01,46.05,76.08,0,0.0
2022,21,hamilton,8.0,73403.0,71539.0,72611.0,2,interlagos,mercedes,3.0,2.0,3.0,447.0,0.0,937.0,216.0,5.0,0.0,3.0,4.6,1.0,1.0,-1.6,23.01,46.05,76.08,0,0.0
2022,21,kevin_magnussen,1.0,73954.0,71410.0,71674.0,19,interlagos,haas,19.0,17.0,8.0,36.0,0.0,0.0,24.0,13.0,0.0,13.33,13.6,3.0,3.33,-0.27,23.01,46.05,76.08,0,0.0
2022,21,latifi,16.0,75095.0,,,16,interlagos,williams,18.0,18.0,10.0,8.0,0.0,,2.0,20.0,0.0,14.67,14.75,4.0,3.67,-0.08,23.01,46.05,76.08,0,0.0
2022,21,leclerc,10.0,74486.0,70950.0,,4,interlagos,ferrari,7.0,6.0,2.0,487.0,4.0,,275.0,3.0,3.0,4.0,3.2,3.0,3.0,0.8,23.01,46.05,76.08,0,0.0
2022,21,max_verstappen,2.0,73625.0,70881.0,71877.0,6,interlagos,red_bull,1.0,1.0,1.0,696.0,16.0,203.0,416.0,1.0,14.0,1.0,2.2,1.0,0.33,-1.2,23.01,46.05,76.08,0,0.0
2022,21,mick_schumacher,20.0,76361.0,,,13,interlagos,haas,15.0,16.0,8.0,36.0,0.0,,12.0,16.0,0.0,16.0,14.6,2.0,-0.67,1.4,23.01,46.05,76.08,0,0.0
2022,21,norris,4.0,73106.0,71377.0,72263.0,18,interlagos,mclaren,8.0,9.0,5.0,146.0,0.0,589.0,111.0,7.0,0.0,8.33,7.2,1.0,-0.33,1.13,23.01,46.05,76.08,0,0.0
2022,21,ocon,6.0,74663.0,71587.0,72425.0,8,interlagos,alpine,10.0,8.0,4.0,153.0,0.0,751.0,82.0,8.0,0.0,7.67,8.5,2.0,-2.67,-0.83,23.01,46.05,76.08,0,0.0
2022,21,perez,9.0,73613.0,71456.0,75601.0,7,interlagos,red_bull,4.0,3.0,1.0,696.0,16.0,3927.0,280.0,2.0,2.0,3.0,3.2,2.0,2.67,-0.2,23.01,46.05,76.08,0,0.0
2022,21,ricciardo,14.0,74931.0,72140.0,,20,interlagos,mclaren,11.0,7.0,5.0,146.0,0.0,,35.0,12.0,0.0,11.33,9.75,2.0,1.0,1.58,23.01,46.05,76.08,0,0.0
2022,21,russell,3.0,74427.0,71318.0,72059.0,1,interlagos,mercedes,2.0,4.0,3.0,447.0,0.0,385.0,231.0,4.0,0.0,5.67,6.8,1.0,-1.0,-1.13,23.01,46.05,76.08,0,0.0
2022,21,sainz,5.0,74680.0,70890.0,72357.0,3,interlagos,ferrari,5.0,5.0,2.0,487.0,4.0,683.0,212.0,6.0,1.0,5.0,4.0,6.0,0.0,1.0,23.01,46.05,76.08,0,0.0
2022,21,stroll,15.0,74398.0,72210.0,,10,interlagos,aston_martin,20.0,15.0,7.0,49.0,0.0,,13.0,15.0,0.0,13.5,11.0,2.0,6.0,2.5,23.01,46.05,76.08,0,0.0
2022,21,tsunoda,19.0,76264.0,,,17,interlagos,alphatauri,13.0,20.0,9.0,35.0,0.0,,12.0,17.0,0.0,11.5,12.33,5.0,4.5,-0.83,23.01,46.05,76.08,0,0.0
2022,21,vettel,13.0,73597.0,71678.0,,11,interlagos,aston_martin,16.0,14.0,7.0,49.0,0.0,,36.0,11.0,0.0,9.33,9.0,2.0,2.33,0.33,23.01,46.05,76.08,0,0.0
2022,21,zhou,17.0,75197.0,,,12,interlagos,alfa,12.0,13.0,6.0,53.0,0.0,,6.0,18.0,0.0,13.67,12.75,5.0,1.0,0.92,23.01,46.05,76.08,0,0.0
2022,22,albon,19.0,86028.0,,,13,yas_marina,williams,19.0,15.0,10.0,8.0,0.0,,4.0,19.0,0.0,13.33,13.33,4.0,1.33,0.0,28.58,34.31,61.68,0,0.0
2022,22,alonso,11.0,85782.0,85096.0,,20,yas_marina,alpine,17.0,5.0,4.0,167.0,0.0,,81.0,9.0,0.0,10.33,9.5,4.0,3.0,0.83,28.58,34.31,61.68,0,0.0
2022,22,bottas,18.0,85892.0,,,15,yas_marina,alfa,14.0,9.0,6.0,55.0,0.0,,49.0,10.0,0.0,9.5,11.25,5.0,0.5,-1.75,28.58,34.31,61.68,0,0.0
2022,22,gasly,17.0,85859.0,,,14,yas_marina,alphatauri,10.0,14.0,9.0,35.0,0.0,,23.0,14.0,0.0,13.0,13.4,3.0,-1.33,-0.4,28.58,34.31,61.68,0,0.0
2022,22,hamilton,5.0,85594.0,84774.0,84508.0,18,yas_marina,mercedes,2.0,2.0,3.0,505.0,1.0,684.0,240.0,5.0,0.0,2.0,4.0,1.0,0.67,-2.0,28.58,34.31,61.68,0,0.0
2022,22,kevin_magnussen,16.0,85834.0,,,17,yas_marina,haas,8.0,19.0,8.0,37.0,0.0,,25.0,13.0,0.0,13.0,13.0,3.0,3.0,0.0,28.58,34.31,61.68,0,0.0
2022,22,latifi,20.0,86054.0,,,19,yas_marina,williams,18.0,16.0,10.0,8.0,0.0,,2.0,20.0,0.0,17.0,15.0,4.0,0.67,2.0,28.58,34.31,61.68,0,0.0
2022,22,leclerc,3.0,85211.0,84517.0,84092.0,2,yas_marina,ferrari,5.0,4.0,2.0,524.0,4.0,268.0,290.0,2.0,3.0,4.33,3.6,3.0,3.67,0.73,28.58,34.31,61.68,0,0.0
2022,22,max_verstappen,1.0,84754.0,84622.0,83824.0,1,yas_marina,red_bull,3.0,6.0,1.0,719.0,16.0,0.0,429.0,1.0,14.0,2.67,3.2,1.0,-0.67,-0.53,28.58,34.31,61.68,0,0.0
2022,22,mick_schumacher,13.0,85711.0,85225.0,,16,yas_marina,haas,12.0,13.0,8.0,37.0,0.0,,12.0,16.0,0.0,14.67,14.8,2.0,-0.33,-0.13,28.58,34.31,61.68,0,0.0
2022,22,norris,7.0,85387.0,84903.0,84769.0,6,yas_marina,mclaren,6.0,18.0,5.0,148.0,0.0,945.0,113.0,7.0,0.0,7.5,7.25,1.0,-0.5,0.25,28.58,34.31,61.68,0,0.0
2022,22,ocon,8.0,85735.0,85007.0,84830.0,7,yas_marina,alpine,16.0,8.0,4.0,167.0,0.0,1006.0,86.0,8.0,0.0,9.0,7.75,2.0,-0.33,1.25,28.58,34.31,61.68,0,0.0
2022,22,perez,2.0,84820.0,84419.0,84052.0,3,yas_marina,red_bull,4.0,7.0,1.0,719.0,16.0,228.0,290.0,3.0,2.0,4.67,3.4,2.0,1.0,1.27,28.58,34.31,61.68,0,0.0
2022,22,ricciardo,10.0,85766.0,85068.0,85045.0,9,yas_marina,mclaren,11.0,20.0,5.0,148.0,0.0,1221.0,35.0,12.0,0.0,11.5,9.75,2.0,1.5,1.75,28.58,34.31,61.68,0,0.0
2022,22,russell,6.0,85545.0,84940.0,84511.0,5,yas_marina,mercedes,1.0,1.0,3.0,505.0,1.0,687.0,265.0,4.0,1.0,3.33,6.4,1.0,-1.0,-3.07,28.58,34.31,61.68,0,0.0
2022,22,sainz,4.0,85090.0,84521.0,84242.0,4,yas_marina,ferrari,7.0,3.0,2.0,524.0,4.0,418.0,234.0,6.0,1.0,4.0,3.67,6.0,2.0,0.33,28.58,34.31,61.68,0,0.0
2022,22,stroll,14.0,85741.0,85359.0,,8,yas_marina,aston_martin,15.0,10.0,7.0,50.0,0.0,,14.0,15.0,0.0,12.5,10.75,2.0,5.0,1.75,28.58,34.31,61.68,0,0.0
2022,22,tsunoda,12.0,85630.0,85219.0,,11,yas_marina,alphatauri,0.0,17.0,9.0,35.0,0.0,,12.0,17.0,0.0,13.5,13.33,6.0,-4.0,0.17,28.58,34.31,61.68,0,0.0
2022,22,vettel,9.0,85523.0,84974.0,84961.0,10,yas_marina,aston_martin,9.0,11.0,7.0,50.0,0.0,1137.0,36.0,11.0,0.0,11.0,9.4,2.0,0.67,1.6,28.58,34.31,61.68,0,0.0
2022,22,zhou,15.0,85594.0,85408.0,,12,yas_marina,alfa,13.0,12.0,6.0,55.0,0.0,,6.0,18.0,0.0,12.33,13.25,5.0,2.0,-0.92,28.58,34.31,61.68,0,0.0
2023,1,albon,15.0,91461.0,,,10,bahrain,williams,,,,,,,,,,,,,,,27.43,31.01,21.5,0,0.0
2023,1,alonso,5.0,91158.0,90645.0,90336.0,3,bahrain,aston_martin,,,,,,628.0,,,,,,,,,27.43,31.01,21.5,0,0.0
2023,1,bottas,12.0,91504.0,91443.0,,8,bahrain,alfa,,,,,,,,,,,,,,,27.43,31.01,21.5,0,0.0
2023,1,de_vries,19.0,92121.0,,,14,bahrain,alphatauri,,,,,,,,,,,,,,,27.43,31.01,21.5,0,0.0
2023,1,gasly,20.0,92181.0,,,9,bahrain,alpine,,,,,,,,,,,,,,,27.43,31.01,21.5,0,0.0
2023,1,hamilton,7.0,91543.0,90513.0,90384.0,5,bahrain,mercedes,,,,,,676.0,,,,,,,,,27.43,31.01,21.5,0,0.0
2023,1,hulkenberg,10.0,91204.0,90809.0,,15,bahrain,haas,,,,,,,,,,,,,,,27.43,31.01,21.5,0,0.0
2023,1,kevin_magnussen,17.0,91892.0,,,13,bahrain,haas,,,,,,,,,,,,,,,27.43,31.01,21.5,0,0.0
2023,1,leclerc,3.0,91094.0,90282.0,90000.0,19,bahrain,ferrari,,,,,,292.0,,,,,,,,,27.43,31.01,21.5,0,0.0
2023,1,max_verstappen,1.0,91295.0,90503.0,89708.0,1,bahrain,red_bull,,,,,,0.0,,,,,,,,,27.43,31.01,21.5,0,0.0
2023,1,norris,11.0,91652.0,91381.0,,17,bahrain,mclaren,,,,,,,,,,,,,,,27.43,31.01,21.5,0,0.0
2023,1,ocon,9.0,91508.0,90914.0,90984.0,18,bahrain,alpine,,,,,,1276.0,,,,,,,,,27.43,31.01,21.5,0,0.0
2023,1,perez,2.0,91479.0,90746.0,89846.0,2,bahrain,red_bull,,,,,,138.0,,,,,,,,,27.43,31.01,21.5,0,0.0
2023,1,piastri,18.0,92101.0,,,20,bahrain,mclaren,,,,,,,,,,,,,,,27.43,31.01,21.5,0,0.0
2023,1,russell,6.0,91057.0,90507.0,90340.0,7,bahrain,mercedes,,,,,,632.0,,,,,,,,,27.43,31.01,21.5,0,0.0
2023,1,sainz,4.0,90993.0,90515.0,90154.0,4,bahrain,ferrari,,,,,,446.0,,,,,,,,,27.43,31.01,21.5,0,0.0
2023,1,sargeant,16.0,91652.0,,,12,bahrain,williams,,,,,,,,,,,,,,,27.43,31.01,21.5,0,0.0
2023,1,stroll,8.0,91184.0,91127.0,90836.0,6,bahrain,aston_martin,,,,,,1128.0,,,,,,,,,27.43,31.01,21.5,0,0.0
2023,1,tsunoda,14.0,91400.0,92510.0,,11,bahrain,alphatauri,,,,,,,,,,,,,,,27.43,31.01,21.5,0,0.0
2023,1,zhou,13.0,91615.0,91473.0,,16,bahrain,alfa,,,,,,,,,,,,,,,27.43,31.01,21.5,0,0.0
2023,2,albon,17.0,89994.0,,,19,jeddah,williams,15.0,10.0,7.0,1.0,0.0,,1.0,10.0,0.0,10.0,10.0,0.0,5.0,0.0,26.09,31.79,57.79,0,0.0
2023,2,alonso,3.0,89298.0,88757.0,88730.0,3,jeddah,aston_martin,5.0,3.0,2.0,23.0,0.0,465.0,15.0,3.0,0.0,3.0,3.0,0.0,2.0,0.0,26.09,31.79,57.79,0,0.0
2023,2,bottas,14.0,89929.0,89668.0,,18,jeddah,alfa,12.0,8.0,5.0,4.0,0.0,,4.0,8.0,0.0,8.0,8.0,0.0,4.0,0.0,26.09,31.79,57.79,0,0.0
2023,2,de_vries,18.0,90244.0,,,14,jeddah,alphatauri,19.0,14.0,8.0,0.0,0.0,,0.0,14.0,0.0,14.0,14.0,0.0,5.0,0.0,26.09,31.79,57.79,0,0.0
2023,2,gasly,10.0,89890.0,89411.0,89357.0,9,jeddah,alpine,20.0,9.0,6.0,2.0,0.0,1092.0,2.0,9.0,0.0,9.0,9.0,0.0,11.0,0.0,26.09,31.79,57.79,0,0.0
2023,2,hamilton,8.0,89689.0,89374.0,89223.0,5,jeddah,mercedes,7.0,5.0,3.0,16.0,0.0,958.0,10.0,5.0,0.0,5.0,5.0,0.0,2.0,0.0,26.09,31.79,57.79,0,0.0
2023,2,hulkenberg,11.0,89547.0,89451.0,,12,jeddah,haas,10.0,15.0,9.0,0.0,0.0,,0.0,15.0,0.0,15.0,15.0,0.0,-5.0,0.0,26.09,31.79,57.79,0,0.0
2023,2,kevin_magnussen,13.0,89744.0,89634.0,,10,jeddah,haas,17.0,13.0,9.0,0.0,0.0,,0.0,13.0,0.0,13.0,13.0,0.0,4.0,0.0,26.09,31.79,57.79,0,0.0
2023,2,leclerc,2.0,89376.0,88903.0,88420.0,7,jeddah,ferrari,3.0,19.0,4.0,12.0,0.0,155.0,0.0,,0.0,,,0.0,,,26.09,31.79,57.79,0,0.0
2023,2,max_verstappen,15.0,88761.0,109953.0,,2,jeddah,red_bull,1.0,1.0,1.0,43.0,1.0,,25.0,1.0,1.0,1.0,1.0,0.0,0.0,0.0,26.09,31.79,57.79,0,0.0
2023,2,norris,19.0,90447.0,,,17,jeddah,mclaren,11.0,17.0,10.0,0.0,0.0,,0.0,17.0,0.0,17.0,17.0,0.0,-6.0,0.0,26.09,31.79,57.79,0,0.0
2023,2,ocon,7.0,89707.0,89255.0,89078.0,8,jeddah,alpine,9.0,18.0,6.0,2.0,0.0,813.0,0.0,,0.0,,,0.0,,,26.09,31.79,57.79,0,0.0
2023,2,perez,1.0,89244.0,88635.0,88265.0,1,jeddah,red_bull,2.0,2.0,1.0,43.0,1.0,0.0,18.0,2.0,0.0,2.0,2.0,0.0,0.0,0.0,26.09,31.79,57.79,0,0.0
2023,2,piastri,9.0,89706.0,89378.0,89243.0,15,jeddah,mclaren,18.0,20.0,10.0,0.0,0.0,978.0,0.0,,0.0,,,0.0,,,26.09,31.79,57.79,0,0.0
2023,2,russell,4.0,89592.0,89132.0,88857.0,4,jeddah,mercedes,6.0,7.0,3.0,16.0,0.0,592.0,6.0,7.0,0.0,7.0,7.0,0.0,-1.0,0.0,26.09,31.79,57.79,0,0.0
2023,2,sainz,5.0,89411.0,88957.0,88931.0,6,jeddah,ferrari,4.0,4.0,4.0,12.0,0.0,666.0,12.0,4.0,0.0,4.0,4.0,0.0,0.0,0.0,26.09,31.79,57.79,0,0.0
2023,2,sargeant,20.0,128510.0,,,16,jeddah,williams,16.0,12.0,7.0,1.0,0.0,,0.0,12.0,0.0,12.0,12.0,0.0,4.0,0.0,26.09,31.79,57.79,0,0.0
2023,2,stroll,6.0,89335.0,88962.0,88945.0,20,jeddah,aston_martin,8.0,6.0,2.0,23.0,0.0,680.0,8.0,6.0,0.0,6.0,6.0,0.0,2.0,0.0,26.09,31.79,57.79,0,0.0
2023,2,tsunoda,16.0,89939.0,,,11,jeddah,alphatauri,14.0,11.0,8.0,0.0,0.0,,0.0,11.0,0.0,11.0,11.0,0.0,3.0,0.0,26.09,31.79,57.79,0,0.0
2023,2,zhou,12.0,89654.0,89461.0,,13,jeddah,alfa,13.0,16.0,5.0,4.0,0.0,,0.0,16.0,0.0,16.0,16.0,0.0,-3.0,0.0,26.09,31.79,57.79,0,0.0
2023,3,albon,8.0,77962.0,77761.0,77609.0,19,albert_park,williams,17.0,19.0,8.0,1.0,0.0,877.0,1.0,13.0,0.0,10.0,10.0,0.0,5.0,0.0,17.45,30.14,54.16,0,0.0
2023,3,alonso,4.0,77832.0,77283.0,77139.0,3,albert_park,aston_martin,2.0,3.0,2.0,38.0,0.0,407.0,30.0,3.0,0.0,3.0,3.0,0.0,0.5,0.0,17.45,30.14,54.16,0,0.0
2023,3,bottas,19.0,78714.0,,,11,albert_park,alfa,14.0,18.0,6.0,4.0,0.0,,4.0,9.0,0.0,13.0,13.0,0.0,0.0,0.0,17.45,30.14,54.16,0,0.0
2023,3,de_vries,15.0,78450.0,78335.0,,15,albert_park,alphatauri,18.0,14.0,9.0,0.0,0.0,,0.0,18.0,0.0,14.0,14.0,0.0,4.5,0.0,17.45,30.14,54.16,0,0.0
2023,3,gasly,9.0,78312.0,77574.0,77675.0,13,albert_park,alpine,9.0,9.0,5.0,8.0,0.0,943.0,4.0,11.0,0.0,9.0,9.0,0.0,5.5,0.0,17.45,30.14,54.16,0,0.0
2023,3,hamilton,3.0,77689.0,77551.0,77104.0,2,albert_park,mercedes,7.0,5.0,3.0,38.0,0.0,372.0,20.0,5.0,0.0,5.0,5.0,0.0,2.0,0.0,17.45,30.14,54.16,0,0.0
2023,3,hulkenberg,10.0,78029.0,77412.0,77735.0,7,albert_park,haas,10.0,12.0,7.0,1.0,0.0,1003.0,0.0,15.0,0.0,13.5,13.5,0.0,-3.5,0.0,17.45,30.14,54.16,0,0.0
2023,3,kevin_magnussen,14.0,78159.0,78129.0,,17,albert_park,haas,13.0,10.0,7.0,1.0,0.0,,1.0,12.0,0.0,11.5,11.5,0.0,3.5,0.0,17.45,30.14,54.16,0,0.0
2023,3,leclerc,7.0,78218.0,77390.0,77369.0,20,albert_park,ferrari,12.0,7.0,4.0,26.0,0.0,637.0,6.0,8.0,0.0,7.0,7.0,1.0,5.0,0.0,17.45,30.14,54.16,0,0.0
2023,3,max_verstappen,1.0,77384.0,77056.0,76732.0,1,albert_park,red_bull,15.0,2.0,1.0,87.0,2.0,0.0,44.0,1.0,1.0,1.5,1.5,0.0,6.5,0.0,17.45,30.14,54.16,0,0.0
2023,3,norris,13.0,78243.0,78119.0,,6,albert_park,mclaren,19.0,17.0,10.0,0.0,0.0,,0.0,20.0,0.0,17.0,17.0,0.0,-2.0,0.0,17.45,30.14,54.16,0,0.0
2023,3,ocon,11.0,77770.0,77768.0,,14,albert_park,alpine,6.0,8.0,5.0,8.0,0.0,,4.0,10.0,0.0,8.0,8.0,1.0,-2.0,0.0,17.45,30.14,54.16,0,0.0
2023,3,perez,20.0,,,,5,albert_park,red_bull,1.0,1.0,1.0,87.0,2.0,,43.0,2.0,1.0,1.5,1.5,0.0,0.0,0.0,17.45,30.14,54.16,0,0.0
2023,3,piastri,16.0,78517.0,,,8,albert_park,mclaren,8.0,15.0,10.0,0.0,0.0,,0.0,19.0,0.0,15.0,15.0,1.0,-7.0,0.0,17.45,30.14,54.16,0,0.0
2023,3,russell,2.0,77654.0,77513.0,76968.0,18,albert_park,mercedes,3.0,4.0,3.0,38.0,0.0,236.0,18.0,6.0,0.0,5.5,5.5,0.0,-1.0,0.0,17.45,30.14,54.16,0,0.0
2023,3,sainz,5.0,77928.0,77349.0,77270.0,12,albert_park,ferrari,4.0,6.0,4.0,26.0,0.0,538.0,20.0,4.0,0.0,5.0,5.0,0.0,-1.0,0.0,17.45,30.14,54.16,0,0.0
2023,3,sargeant,18.0,78557.0,,,16,albert_park,williams,20.0,16.0,8.0,1.0,0.0,,0.0,16.0,0.0,14.0,14.0,0.0,4.0,0.0,17.45,30.14,54.16,0,0.0
2023,3,stroll,6.0,77873.0,77616.0,77308.0,4,albert_park,aston_martin,5.0,20.0,2.0,38.0,0.0,576.0,8.0,7.0,0.0,6.0,6.0,0.0,2.0,0.0,17.45,30.14,54.16,0,0.0
2023,3,tsunoda,12.0,78471.0,78099.0,,10,albert_park,alphatauri,16.0,11.0,9.0,0.0,0.0,,0.0,14.0,0.0,11.0,11.0,0.0,4.0,0.0,17.45,30.14,54.16,0,0.0
2023,3,zhou,17.0,78540.0,,,9,albert_park,alfa,11.0,13.0,6.0,4.0,0.0,,0.0,17.0,0.0,14.5,14.5,0.0,-2.5,0.0,17.45,30.14,54.16,0,0.0
2023,4,albon,13.0,102171.0,101818.0,,12,baku,williams,8.0,19.0,10.0,1.0,0.0,,1.0,18.0,0.0,10.0,10.0,1.0,5.0,0.0,24.86,41.21,49.22,0,0.0
2023,4,alonso,6.0,101720.0,101370.0,101253.0,4,baku,aston_martin,4.0,3.0,2.0,65.0,0.0,1050.0,45.0,3.0,0.0,3.0,3.0,0.0,0.67,0.0,24.86,41.21,49.22,0,0.0
2023,4,bottas,14.0,102582.0,102259.0,,18,baku,alfa,19.0,11.0,8.0,6.0,0.0,,4.0,11.0,0.0,12.33,12.33,0.0,2.67,0.0,24.86,41.21,49.22,0,0.0
2023,4,de_vries,20.0,115282.0,,,20,baku,alphatauri,15.0,15.0,9.0,1.0,0.0,,0.0,20.0,0.0,14.33,14.33,0.0,3.0,0.0,24.86,41.21,49.22,0,0.0
2023,4,gasly,19.0,104853.0,,,14,baku,alpine,9.0,13.0,6.0,8.0,0.0,,4.0,14.0,0.0,10.33,10.33,0.0,2.33,0.0,24.86,41.21,49.22,0,0.0
2023,4,hamilton,5.0,102113.0,101650.0,101177.0,6,baku,mercedes,3.0,2.0,3.0,56.0,0.0,974.0,38.0,4.0,0.0,4.0,4.0,0.0,1.67,0.0,24.86,41.21,49.22,0,0.0
2023,4,hulkenberg,17.0,102755.0,,,17,baku,haas,10.0,7.0,7.0,7.0,0.0,,6.0,9.0,0.0,11.33,11.33,0.0,-1.33,0.0,24.86,41.21,49.22,0,0.0
2023,4,kevin_magnussen,18.0,103417.0,,,13,baku,haas,14.0,17.0,7.0,7.0,0.0,,1.0,17.0,0.0,13.33,13.33,0.0,1.33,0.0,24.86,41.21,49.22,0,0.0
2023,4,leclerc,1.0,101269.0,101037.0,100203.0,3,baku,ferrari,7.0,20.0,4.0,26.0,0.0,0.0,6.0,10.0,0.0,7.0,7.0,1.0,5.0,0.0,24.86,41.21,49.22,0,0.0
2023,4,max_verstappen,2.0,101398.0,100822.0,100391.0,2,baku,red_bull,1.0,1.0,1.0,123.0,3.0,188.0,69.0,1.0,2.0,1.33,1.33,0.0,4.33,0.0,24.86,41.21,49.22,0,0.0
2023,4,norris,7.0,102154.0,101485.0,101281.0,9,baku,mclaren,13.0,6.0,5.0,12.0,0.0,1078.0,8.0,8.0,0.0,13.33,13.33,0.0,1.0,0.0,24.86,41.21,49.22,0,0.0
2023,4,ocon,12.0,102622.0,101798.0,,15,baku,alpine,11.0,14.0,6.0,8.0,0.0,,4.0,12.0,0.0,11.0,11.0,1.0,-2.5,0.0,24.86,41.21,49.22,0,0.0
2023,4,perez,3.0,101756.0,101131.0,100495.0,1,baku,red_bull,20.0,5.0,1.0,123.0,3.0,292.0,54.0,2.0,1.0,2.67,2.67,0.0,5.0,0.0,24.86,41.21,49.22,0,0.0
2023,4,piastri,10.0,102455.0,101636.0,101611.0,11,baku,mclaren,16.0,8.0,5.0,12.0,0.0,1408.0,4.0,13.0,0.0,11.5,11.5,1.0,0.5,0.0,24.86,41.21,49.22,0,0.0
2023,4,russell,11.0,102073.0,101654.0,,8,baku,mercedes,2.0,18.0,3.0,56.0,0.0,,18.0,7.0,0.0,5.5,5.5,0.0,-1.0,0.0,24.86,41.21,49.22,0,0.0
2023,4,sainz,4.0,102197.0,101369.0,101016.0,5,baku,ferrari,5.0,12.0,4.0,26.0,0.0,813.0,20.0,5.0,0.0,7.33,7.33,0.0,-3.0,0.0,24.86,41.21,49.22,0,0.0
2023,4,sargeant,15.0,102242.0,102395.0,,16,baku,williams,18.0,16.0,10.0,1.0,0.0,,0.0,19.0,0.0,14.67,14.67,0.0,3.33,0.0,24.86,41.21,49.22,0,0.0
2023,4,stroll,9.0,102524.0,101576.0,101611.0,7,baku,aston_martin,6.0,4.0,2.0,65.0,0.0,1408.0,20.0,6.0,0.0,5.0,5.0,1.0,2.0,0.0,24.86,41.21,49.22,0,0.0
2023,4,tsunoda,8.0,102234.0,101569.0,101581.0,10,baku,alphatauri,12.0,10.0,9.0,1.0,0.0,1378.0,1.0,16.0,0.0,10.67,10.67,0.0,3.33,0.0,24.86,41.21,49.22,0,0.0
2023,4,zhou,16.0,102642.0,,,19,baku,alfa,17.0,9.0,8.0,6.0,0.0,,2.0,15.0,0.0,12.67,12.67,0.0,1.0,0.0,24.86,41.21,49.22,0,0.0
2023,5,albon,11.0,88234.0,87795.0,,14,miami,williams,12.0,12.0,10.0,1.0,0.0,,1.0,17.0,0.0,12.0,11.0,2.0,0.0,1.0,27.12,36.69,59.43,0,0.0
2023,5,alonso,2.0,88179.0,87097.0,87202.0,3,miami,aston_martin,6.0,4.0,2.0,87.0,0.0,361.0,60.0,3.0,0.0,3.33,3.25,0.0,0.67,0.08,27.12,36.69,59.43,0,0.0
2023,5,bottas,10.0,87864.0,87564.0,,13,miami,alfa,13.0,18.0,8.0,6.0,0.0,,4.0,12.0,0.0,15.67,13.75,0.0,-0.33,1.92,27.12,36.69,59.43,0,0.0
2023,5,de_vries,15.0,88325.0,88395.0,,18,miami,alphatauri,18.0,20.0,9.0,2.0,0.0,,0.0,20.0,0.0,14.5,14.33,0.0,2.0,0.17,27.12,36.69,59.43,0,0.0
2023,5,gasly,5.0,88061.0,87612.0,87786.0,8,miami,alpine,17.0,14.0,6.0,8.0,0.0,945.0,4.0,14.0,0.0,12.0,11.25,0.0,-0.33,0.75,27.12,36.69,59.43,0,0.0
2023,5,hamilton,13.0,87846.0,87975.0,,6,miami,mercedes,5.0,6.0,3.0,76.0,0.0,,48.0,4.0,0.0,4.33,4.5,0.0,0.67,-0.17,27.12,36.69,59.43,0,0.0
2023,5,hulkenberg,12.0,87945.0,87903.0,,15,miami,haas,20.0,17.0,7.0,7.0,0.0,,6.0,10.0,0.0,12.0,12.75,0.0,1.33,-0.75,27.12,36.69,59.43,0,0.0
2023,5,kevin_magnussen,4.0,87809.0,87673.0,87767.0,10,miami,haas,16.0,13.0,7.0,7.0,0.0,926.0,1.0,18.0,0.0,13.33,13.25,0.0,1.0,0.08,27.12,36.69,59.43,0,0.0
2023,5,leclerc,7.0,87713.0,86964.0,87861.0,7,miami,ferrari,1.0,3.0,4.0,62.0,0.0,1020.0,28.0,6.0,0.0,5.0,5.0,2.0,1.5,0.0,27.12,36.69,59.43,0,0.0
2023,5,max_verstappen,9.0,87363.0,86814.0,,1,miami,red_bull,2.0,2.0,1.0,180.0,4.0,,93.0,1.0,2.0,1.67,1.5,0.0,4.33,0.17,27.12,36.69,59.43,0,0.0
2023,5,norris,16.0,88394.0,,,17,miami,mclaren,7.0,9.0,5.0,14.0,0.0,,10.0,9.0,0.0,10.67,12.25,0.0,2.33,-1.58,27.12,36.69,59.43,0,0.0
2023,5,ocon,8.0,87872.0,87444.0,87935.0,9,miami,alpine,19.0,15.0,6.0,8.0,0.0,1094.0,4.0,13.0,0.0,12.33,12.33,1.0,-0.33,0.0,27.12,36.69,59.43,0,0.0
2023,5,perez,1.0,87713.0,87328.0,86841.0,2,miami,red_bull,3.0,1.0,1.0,180.0,4.0,0.0,87.0,2.0,2.0,2.33,2.25,0.0,5.67,0.08,27.12,36.69,59.43,0,0.0
2023,5,piastri,19.0,88484.0,,,19,miami,mclaren,10.0,11.0,5.0,14.0,0.0,,4.0,11.0,0.0,11.33,11.33,1.0,0.0,0.0,27.12,36.69,59.43,0,0.0
2023,5,russell,6.0,88086.0,87743.0,87804.0,4,miami,mercedes,11.0,8.0,3.0,76.0,0.0,963.0,28.0,7.0,0.0,6.0,6.33,1.0,1.0,-0.33,27.12,36.69,59.43,0,0.0
2023,5,sainz,3.0,87686.0,87148.0,87349.0,5,miami,ferrari,4.0,5.0,4.0,62.0,0.0,508.0,34.0,5.0,0.0,7.67,6.75,0.0,-3.33,0.92,27.12,36.69,59.43,0,0.0
2023,5,sargeant,20.0,88577.0,,,20,miami,williams,14.0,16.0,10.0,1.0,0.0,,0.0,19.0,0.0,16.0,15.0,0.0,1.33,1.0,27.12,36.69,59.43,0,0.0
2023,5,stroll,18.0,88476.0,,,12,miami,aston_martin,9.0,7.0,2.0,87.0,0.0,,27.0,8.0,0.0,5.5,5.67,1.0,2.0,-0.17,27.12,36.69,59.43,0,0.0
2023,5,tsunoda,17.0,88429.0,,,11,miami,alphatauri,8.0,10.0,9.0,2.0,0.0,,2.0,16.0,0.0,10.33,10.5,0.0,1.67,-0.17,27.12,36.69,59.43,0,0.0
2023,5,zhou,14.0,88180.0,88091.0,,16,miami,alfa,15.0,19.0,8.0,6.0,0.0,,2.0,15.0,0.0,11.0,12.67,0.0,3.0,-1.67,27.12,36.69,59.43,0,0.0
2023,6,albon,13.0,72706.0,72527.0,,14,monaco,williams,11.0,14.0,10.0,1.0,0.0,,1.0,18.0,0.0,13.0,12.0,2.0,-1.5,1.0,25.07,39.26,45.86,0,14.8
2023,6,alonso,2.0,72886.0,72107.0,71449.0,2,monaco,aston_martin,2.0,3.0,2.0,102.0,0.0,84.0,75.0,3.0,0.0,3.33,3.2,0.0,0.67,0.13,25.07,39.26,45.86,0,14.8
2023,6,bottas,15.0,73038.0,72625.0,,11,monaco,alfa,10.0,13.0,8.0,6.0,0.0,,4.0,13.0,0.0,14.0,13.6,0.0,0.0,0.4,25.07,39.26,45.86,0,14.8
2023,6,de_vries,12.0,73054.0,72428.0,,12,monaco,alphatauri,15.0,18.0,9.0,2.0,0.0,,0.0,20.0,0.0,16.5,15.25,1.0,-1.5,1.25,25.07,39.26,45.86,0,14.8
2023,6,gasly,7.0,73033.0,72169.0,71933.0,7,monaco,alpine,5.0,8.0,6.0,14.0,0.0,568.0,8.0,10.0,0.0,11.67,10.6,0.0,-1.33,1.07,25.07,39.26,45.86,0,14.8
2023,6,hamilton,6.0,72872.0,72156.0,71725.0,4,monaco,mercedes,13.0,6.0,3.0,96.0,0.0,360.0,56.0,4.0,0.0,4.67,4.8,0.0,2.33,-0.13,25.07,39.26,45.86,0,14.8
2023,6,hulkenberg,18.0,73279.0,,,17,monaco,haas,12.0,15.0,7.0,8.0,0.0,,6.0,11.0,0.0,13.0,13.2,0.0,1.0,-0.2,25.07,39.26,45.86,0,14.8
2023,6,kevin_magnussen,17.0,73270.0,,,19,monaco,haas,4.0,10.0,7.0,8.0,0.0,,2.0,17.0,0.0,13.33,12.6,0.0,-2.0,0.73,25.07,39.26,45.86,0,14.8
2023,6,leclerc,3.0,72912.0,72103.0,71471.0,6,monaco,ferrari,7.0,7.0,4.0,78.0,0.0,106.0,34.0,7.0,0.0,5.0,5.67,2.0,-1.0,-0.67,25.07,39.26,45.86,0,14.8
2023,6,max_verstappen,1.0,72386.0,71908.0,71365.0,1,monaco,red_bull,9.0,1.0,1.0,224.0,5.0,0.0,119.0,1.0,3.0,1.33,1.4,0.0,2.67,-0.07,25.07,39.26,45.86,0,14.8
2023,6,norris,10.0,72877.0,72377.0,72254.0,9,monaco,mclaren,16.0,17.0,5.0,14.0,0.0,889.0,10.0,9.0,0.0,10.67,13.2,0.0,1.33,-2.53,25.07,39.26,45.86,0,14.8
2023,6,ocon,4.0,72967.0,72248.0,71553.0,3,monaco,alpine,8.0,9.0,6.0,14.0,0.0,188.0,6.0,12.0,0.0,12.67,11.5,1.0,0.0,1.17,25.07,39.26,45.86,0,14.8
2023,6,perez,20.0,73850.0,,,16,monaco,red_bull,1.0,2.0,1.0,224.0,5.0,,105.0,2.0,2.0,2.67,2.2,0.0,5.33,0.47,25.07,39.26,45.86,0,14.8
2023,6,piastri,11.0,73006.0,72395.0,,10,monaco,mclaren,19.0,19.0,5.0,14.0,0.0,,4.0,14.0,0.0,12.67,13.25,1.0,2.33,-0.58,25.07,39.26,45.86,0,14.8
2023,6,russell,8.0,72769.0,72151.0,71964.0,5,monaco,mercedes,6.0,4.0,3.0,96.0,0.0,599.0,40.0,6.0,0.0,6.0,5.75,1.0,2.5,0.25,25.07,39.26,45.86,0,14.8
2023,6,sainz,5.0,72717.0,72210.0,71630.0,8,monaco,ferrari,3.0,5.0,4.0,78.0,0.0,265.0,44.0,5.0,0.0,7.33,6.4,0.0,-3.33,0.93,25.07,39.26,45.86,0,14.8
2023,6,sargeant,16.0,73113.0,,,18,monaco,williams,20.0,20.0,10.0,1.0,0.0,,0.0,19.0,0.0,17.33,16.0,0.0,0.0,1.33,25.07,39.26,45.86,0,14.8
2023,6,stroll,14.0,72722.0,72623.0,,20,monaco,aston_martin,18.0,12.0,2.0,102.0,0.0,,27.0,8.0,0.0,7.67,7.25,1.0,3.33,0.42,25.07,39.26,45.86,0,14.8
2023,6,tsunoda,9.0,72642.0,72249.0,72082.0,15,monaco,alphatauri,17.0,11.0,9.0,2.0,0.0,717.0,2.0,16.0,0.0,10.33,10.6,0.0,2.0,-0.27,25.07,39.26,45.86,0,14.8
2023,6,zhou,19.0,73523.0,,,13,monaco,alfa,14.0,16.0,8.0,6.0,0.0,,2.0,15.0,0.0,12.5,13.5,1.0,3.0,-1.0,25.07,39.26,45.86,0,14.8
2023,7,albon,18.0,74063.0,,,16,catalunya,williams,13.0,14.0,10.0,1.0,0.0,,1.0,18.0,0.0,13.33,13.33,2.0,-1.33,0.0,22.67,33.84,63.08,0,0.0
2023,7,alonso,9.0,73747.0,73098.0,73507.0,7,catalunya,aston_martin,2.0,2.0,2.0,120.0,0.0,1235.0,93.0,3.0,0.0,3.0,3.0,0.0,0.33,0.0,22.67,33.84,63.08,0,0.0
2023,7,bottas,16.0,73977.0,,,19,catalunya,alfa,15.0,11.0,8.0,6.0,0.0,,4.0,14.0,0.0,14.0,14.2,0.0,-1.33,-0.2,22.67,33.84,63.08,0,0.0
2023,7,de_vries,14.0,73581.0,74083.0,,14,catalunya,alphatauri,12.0,12.0,9.0,2.0,0.0,,0.0,19.0,0.0,15.0,14.75,1.0,-1.5,0.25,22.67,33.84,63.08,0,0.0
2023,7,gasly,4.0,73471.0,73186.0,72816.0,10,catalunya,alpine,7.0,7.0,5.0,35.0,0.0,544.0,14.0,10.0,0.0,9.67,10.2,0.0,0.0,-0.53,22.67,33.84,63.08,0,0.0
2023,7,hamilton,5.0,72937.0,72999.0,72818.0,2,catalunya,mercedes,5.0,4.0,3.0,119.0,0.0,546.0,69.0,4.0,0.0,5.33,4.6,0.0,2.33,0.73,22.67,33.84,63.08,0,0.0
2023,7,hulkenberg,8.0,73420.0,73283.0,73229.0,15,catalunya,haas,18.0,17.0,7.0,8.0,0.0,957.0,6.0,12.0,0.0,16.33,13.6,0.0,0.33,2.73,22.67,33.84,63.08,0,0.0
2023,7,kevin_magnussen,17.0,74042.0,,,18,catalunya,haas,17.0,19.0,7.0,8.0,0.0,,2.0,17.0,0.0,14.0,13.8,0.0,-1.67,0.2,22.67,33.84,63.08,0,0.0
2023,7,leclerc,19.0,74079.0,,,11,catalunya,ferrari,6.0,6.0,4.0,90.0,0.0,,42.0,7.0,0.0,5.33,5.75,2.0,-0.67,-0.42,22.67,33.84,63.08,0,0.0
2023,7,max_verstappen,1.0,73615.0,72760.0,72272.0,1,catalunya,red_bull,1.0,1.0,1.0,249.0,6.0,0.0,144.0,1.0,4.0,1.33,1.4,0.0,2.67,-0.07,22.67,33.84,63.08,0,0.0
2023,7,norris,3.0,73295.0,72776.0,72792.0,17,catalunya,mclaren,10.0,9.0,6.0,17.0,0.0,520.0,12.0,11.0,0.0,11.67,11.6,0.0,-0.67,0.07,22.67,33.84,63.08,0,0.0
2023,7,ocon,7.0,73433.0,73001.0,73083.0,8,catalunya,alpine,3.0,3.0,5.0,35.0,0.0,811.0,21.0,9.0,0.0,9.0,9.8,1.0,1.0,-0.8,22.67,33.84,63.08,0,0.0
2023,7,perez,11.0,73874.0,73334.0,,4,catalunya,red_bull,20.0,16.0,1.0,249.0,6.0,,105.0,2.0,2.0,6.33,5.0,0.0,1.67,1.33,22.67,33.84,63.08,0,0.0
2023,7,piastri,10.0,73691.0,73059.0,73682.0,13,catalunya,mclaren,11.0,10.0,6.0,17.0,0.0,1410.0,5.0,13.0,0.0,13.33,12.6,1.0,0.0,0.73,22.67,33.84,63.08,0,0.0
2023,7,russell,12.0,73326.0,73447.0,,3,catalunya,mercedes,8.0,5.0,3.0,119.0,0.0,,50.0,5.0,0.0,5.67,5.25,1.0,2.67,0.42,22.67,33.84,63.08,0,0.0
2023,7,sainz,2.0,73411.0,72790.0,72734.0,5,catalunya,ferrari,4.0,8.0,4.0,90.0,0.0,462.0,48.0,6.0,0.0,6.0,7.2,0.0,-2.33,-1.2,22.67,33.84,63.08,0,0.0
2023,7,sargeant,20.0,74699.0,,,20,catalunya,williams,16.0,18.0,10.0,1.0,0.0,,0.0,20.0,0.0,18.0,17.2,0.0,-1.33,0.8,22.67,33.84,63.08,0,0.0
2023,7,stroll,6.0,73766.0,73082.0,72994.0,6,catalunya,aston_martin,14.0,20.0,2.0,120.0,0.0,722.0,27.0,8.0,0.0,9.5,7.67,1.0,4.0,1.83,22.67,33.84,63.08,0,0.0
2023,7,tsunoda,15.0,73862.0,74477.0,,12,catalunya,alphatauri,9.0,15.0,9.0,2.0,0.0,,2.0,16.0,0.0,12.0,11.4,0.0,-0.67,0.6,22.67,33.84,63.08,0,0.0
2023,7,zhou,13.0,73677.0,73521.0,,9,catalunya,alfa,19.0,13.0,8.0,6.0,0.0,,2.0,15.0,0.0,14.5,12.75,1.0,2.0,1.75,22.67,33.84,63.08,0,0.0
2023,8,albon,10.0,81938.0,78725.0,,7,villeneuve,williams,18.0,16.0,10.0,1.0,0.0,,1.0,18.0,0.0,14.67,14.0,2.0,-0.67,0.67,18.53,30.59,63.9,0,0.0
2023,8,alonso,3.0,81481.0,79776.0,87286.0,2,villeneuve,aston_martin,8.0,7.0,3.0,134.0,0.0,1428.0,99.0,3.0,0.0,4.0,3.8,0.0,0.0,0.2,18.53,30.59,63.9,0,0.0
2023,8,bottas,15.0,82332.0,81821.0,,10,villeneuve,alfa,16.0,19.0,8.0,8.0,0.0,,4.0,14.0,0.0,14.33,14.4,0.0,-0.67,-0.07,18.53,30.59,63.9,0,0.0
2023,8,de_vries,18.0,83137.0,,,18,villeneuve,alphatauri,14.0,14.0,9.0,2.0,0.0,,0.0,19.0,0.0,14.67,14.75,1.0,-1.0,-0.08,18.53,30.59,63.9,0,0.0
2023,8,gasly,17.0,82886.0,,,12,villeneuve,alpine,10.0,10.0,5.0,40.0,0.0,,15.0,10.0,0.0,8.33,10.4,0.0,-1.0,-2.07,18.53,30.59,63.9,0,0.0
2023,8,hamilton,4.0,81554.0,80426.0,87627.0,3,villeneuve,mercedes,4.0,2.0,2.0,152.0,0.0,1769.0,87.0,4.0,0.0,4.0,4.0,0.0,3.33,0.0,18.53,30.59,63.9,0,0.0
2023,8,hulkenberg,2.0,82730.0,80305.0,87102.0,15,villeneuve,haas,7.0,15.0,7.0,8.0,0.0,1244.0,6.0,12.0,0.0,15.67,14.2,0.0,-3.33,1.47,18.53,30.59,63.9,0,0.0
2023,8,kevin_magnussen,14.0,82351.0,81678.0,,17,villeneuve,haas,17.0,18.0,7.0,8.0,0.0,,2.0,17.0,0.0,15.67,15.4,0.0,-3.0,0.27,18.53,30.59,63.9,0,0.0
2023,8,leclerc,11.0,81843.0,80615.0,,4,villeneuve,ferrari,19.0,11.0,4.0,100.0,0.0,,42.0,7.0,0.0,8.0,6.75,2.0,2.67,1.25,18.53,30.59,63.9,0,0.0
2023,8,max_verstappen,1.0,80851.0,79092.0,85858.0,1,villeneuve,red_bull,1.0,1.0,1.0,287.0,7.0,0.0,170.0,1.0,5.0,1.0,1.2,0.0,2.67,-0.2,18.53,30.59,63.9,0,0.0
2023,8,norris,7.0,81998.0,79347.0,88046.0,13,villeneuve,mclaren,3.0,17.0,6.0,17.0,0.0,2188.0,12.0,11.0,0.0,14.33,11.6,0.0,-4.67,2.73,18.53,30.59,63.9,0,0.0
2023,8,ocon,6.0,82114.0,80406.0,87945.0,8,villeneuve,alpine,6.0,8.0,5.0,40.0,0.0,2087.0,25.0,9.0,0.0,6.67,9.8,1.0,-1.0,-3.13,18.53,30.59,63.9,0,0.0
2023,8,perez,12.0,82151.0,80959.0,,6,villeneuve,red_bull,11.0,4.0,1.0,287.0,7.0,,117.0,2.0,2.0,7.33,5.6,0.0,3.33,1.73,18.53,30.59,63.9,0,0.0
2023,8,piastri,9.0,82190.0,79659.0,91349.0,11,villeneuve,mclaren,9.0,13.0,6.0,17.0,0.0,5491.0,5.0,13.0,0.0,14.0,12.2,1.0,-1.0,1.8,18.53,30.59,63.9,0,0.0
2023,8,russell,5.0,81798.0,80098.0,87893.0,19,villeneuve,mercedes,12.0,3.0,2.0,152.0,0.0,2035.0,65.0,5.0,0.0,4.0,5.0,1.0,4.67,-1.0,18.53,30.59,63.9,0,0.0
2023,8,sainz,8.0,82248.0,79856.0,89294.0,5,villeneuve,ferrari,2.0,5.0,4.0,100.0,0.0,3436.0,58.0,6.0,0.0,6.0,7.0,0.0,-3.0,-1.0,18.53,30.59,63.9,0,0.0
2023,8,sargeant,19.0,83337.0,,,20,villeneuve,williams,20.0,20.0,10.0,1.0,0.0,,0.0,20.0,0.0,19.33,18.0,0.0,-0.67,1.33,18.53,30.59,63.9,0,0.0
2023,8,stroll,13.0,82677.0,81484.0,,9,villeneuve,aston_martin,5.0,6.0,3.0,134.0,0.0,,35.0,8.0,0.0,9.0,7.25,2.0,2.5,1.75,18.53,30.59,63.9,0,0.0
2023,8,tsunoda,16.0,82746.0,,,14,villeneuve,alphatauri,15.0,12.0,9.0,2.0,0.0,,2.0,16.0,0.0,12.67,11.6,0.0,1.0,1.07,18.53,30.59,63.9,0,0.0
2023,8,zhou,20.0,83342.0,,,16,villeneuve,alfa,13.0,9.0,8.0,8.0,0.0,,4.0,15.0,0.0,12.67,11.75,1.0,2.67,0.92,18.53,30.59,63.9,0,0.0
2023,9,albon,10.0,65673.0,65387.0,65823.0,11,red_bull_ring,williams,9.0,7.0,9.0,7.0,0.0,1432.0,7.0,12.0,0.0,12.33,12.6,2.0,1.0,-0.27,22.4,32.05,52.05,0,2.0
2023,9,alonso,7.0,65655.0,65181.0,64911.0,5,red_bull_ring,aston_martin,2.0,2.0,3.0,154.0,0.0,520.0,117.0,3.0,0.0,3.67,3.6,0.0,0.33,0.07,22.4,32.05,52.05,0,2.0
2023,9,bottas,14.0,65763.0,65680.0,,15,red_bull_ring,alfa,14.0,10.0,7.0,9.0,0.0,,5.0,15.0,0.0,13.33,14.2,0.0,1.67,-0.87,22.4,32.05,52.05,0,2.0
2023,9,de_vries,20.0,65974.0,,,17,red_bull_ring,alphatauri,17.0,18.0,10.0,2.0,0.0,,0.0,19.0,0.0,14.67,15.5,1.0,-0.33,-0.83,22.4,32.05,52.05,0,2.0
2023,9,gasly,9.0,65515.0,65308.0,65170.0,10,red_bull_ring,alpine,15.0,12.0,5.0,44.0,0.0,779.0,15.0,10.0,0.0,9.67,10.2,0.0,1.0,-0.53,22.4,32.05,52.05,0,2.0
2023,9,hamilton,5.0,65673.0,65188.0,64819.0,8,red_bull_ring,mercedes,3.0,3.0,2.0,167.0,0.0,428.0,102.0,4.0,0.0,3.0,4.2,0.0,1.0,-1.2,22.4,32.05,52.05,0,2.0
2023,9,hulkenberg,8.0,65740.0,65362.0,65090.0,20,red_bull_ring,haas,5.0,15.0,8.0,8.0,0.0,699.0,6.0,13.0,0.0,15.67,15.8,0.0,-5.67,-0.13,22.4,32.05,52.05,0,2.0
2023,9,kevin_magnussen,19.0,65971.0,,,18,red_bull_ring,haas,13.0,17.0,8.0,8.0,0.0,,2.0,18.0,0.0,18.0,15.4,0.0,-2.33,2.6,22.4,32.05,52.05,0,2.0
2023,9,leclerc,2.0,65577.0,65087.0,64439.0,2,red_bull_ring,ferrari,10.0,4.0,4.0,122.0,0.0,48.0,54.0,7.0,0.0,7.0,6.2,2.0,4.67,0.8,22.4,32.05,52.05,0,2.0
2023,9,max_verstappen,1.0,65116.0,64951.0,64391.0,1,red_bull_ring,red_bull,1.0,1.0,1.0,321.0,8.0,0.0,195.0,1.0,6.0,1.0,1.2,0.0,0.0,-0.2,22.4,32.05,52.05,0,2.0
2023,9,norris,4.0,65617.0,65038.0,64658.0,4,red_bull_ring,mclaren,7.0,13.0,6.0,17.0,0.0,267.0,12.0,11.0,0.0,13.0,13.0,0.0,-6.33,0.0,22.4,32.05,52.05,0,2.0
2023,9,ocon,12.0,65729.0,65453.0,,14,red_bull_ring,alpine,6.0,8.0,5.0,44.0,0.0,,29.0,9.0,0.0,6.33,8.6,1.0,-1.33,-2.27,22.4,32.05,52.05,0,2.0
2023,9,perez,15.0,65177.0,126688.0,,3,red_bull_ring,red_bull,12.0,6.0,1.0,321.0,8.0,,126.0,2.0,2.0,8.67,5.8,0.0,5.67,2.87,22.4,32.05,52.05,0,2.0
2023,9,piastri,13.0,65683.0,65605.0,,16,red_bull_ring,mclaren,8.0,11.0,6.0,17.0,0.0,,5.0,14.0,0.0,11.33,12.8,1.0,-2.0,-1.47,22.4,32.05,52.05,0,2.0
2023,9,russell,11.0,65686.0,65428.0,,7,red_bull_ring,mercedes,4.0,19.0,2.0,167.0,0.0,,65.0,6.0,0.0,4.0,5.0,1.0,6.0,-1.0,22.4,32.05,52.05,0,2.0
2023,9,sainz,3.0,65339.0,64975.0,64581.0,6,red_bull_ring,ferrari,11.0,5.0,4.0,122.0,0.0,190.0,68.0,5.0,0.0,6.0,5.6,0.0,-0.33,0.4,22.4,32.05,52.05,0,2.0
2023,9,sargeant,18.0,65948.0,,,13,red_bull_ring,williams,18.0,20.0,9.0,7.0,0.0,,0.0,20.0,0.0,19.0,18.5,0.0,-1.0,0.5,22.4,32.05,52.05,0,2.0
2023,9,stroll,6.0,65710.0,65121.0,64893.0,9,red_bull_ring,aston_martin,16.0,9.0,3.0,154.0,0.0,502.0,37.0,8.0,0.0,7.5,8.5,2.0,3.0,-1.0,22.4,32.05,52.05,0,2.0
2023,9,tsunoda,16.0,65784.0,,,19,red_bull_ring,alphatauri,19.0,14.0,10.0,2.0,0.0,,2.0,17.0,0.0,13.67,12.4,0.0,0.67,1.27,22.4,32.05,52.05,0,2.0
2023,9,zhou,17.0,65818.0,,,12,red_bull_ring,alfa,20.0,16.0,7.0,9.0,0.0,,4.0,16.0,0.0,12.67,13.5,1.0,4.67,-0.83,22.4,32.05,52.05,0,2.0
2023,10,albon,8.0,89466.0,88067.0,87530.0,8,silverstone,williams,10.0,11.0,9.0,7.0,0.0,810.0,7.0,13.0,0.0,11.33,12.4,2.0,1.0,-1.07,21.47,30.94,56.19,0,0.0
2023,10,alonso,9.0,89949.0,88368.0,87659.0,7,silverstone,aston_martin,7.0,5.0,3.0,175.0,0.0,939.0,131.0,3.0,0.0,4.67,3.8,0.0,1.0,0.87,21.47,30.94,56.19,0,0.0
2023,10,bottas,15.0,89798.0,,,12,silverstone,alfa,14.0,15.0,8.0,9.0,0.0,,5.0,15.0,0.0,14.67,13.6,0.0,0.0,1.07,21.47,30.94,56.19,0,0.0
2023,10,de_vries,18.0,90513.0,,,17,silverstone,alphatauri,20.0,17.0,10.0,2.0,0.0,,0.0,20.0,0.0,16.33,15.8,1.0,0.67,0.53,21.47,30.94,56.19,0,0.0
2023,10,gasly,10.0,89533.0,88751.0,87689.0,18,silverstone,alpine,9.0,10.0,5.0,47.0,0.0,969.0,16.0,11.0,0.0,10.67,9.4,0.0,0.67,1.27,21.47,30.94,56.19,0,0.0
2023,10,hamilton,7.0,89415.0,88545.0,87211.0,3,silverstone,mercedes,5.0,8.0,2.0,178.0,0.0,491.0,106.0,4.0,0.0,4.33,4.6,0.0,-0.33,-0.27,21.47,30.94,56.19,0,0.0
2023,10,hulkenberg,11.0,89603.0,88896.0,,13,silverstone,haas,8.0,20.0,7.0,11.0,0.0,,9.0,12.0,0.0,15.0,15.5,0.0,-9.0,-0.5,21.47,30.94,56.19,0,0.0
2023,10,kevin_magnussen,19.0,92378.0,,,19,silverstone,haas,19.0,18.0,7.0,11.0,0.0,,2.0,18.0,0.0,17.67,16.4,0.0,-1.33,1.27,21.47,30.94,56.19,0,0.0
2023,10,leclerc,4.0,89143.0,88361.0,87136.0,9,silverstone,ferrari,2.0,2.0,4.0,154.0,0.0,416.0,72.0,6.0,0.0,5.67,6.0,2.0,4.67,-0.33,21.47,30.94,56.19,0,0.0
2023,10,max_verstappen,1.0,89428.0,87702.0,86720.0,1,silverstone,red_bull,1.0,1.0,1.0,377.0,9.0,0.0,229.0,1.0,7.0,1.0,1.0,0.0,0.0,0.0,21.47,30.94,56.19,0,0.0
2023,10,norris,2.0,88917.0,88042.0,86961.0,2,silverstone,mclaren,4.0,4.0,6.0,29.0,0.0,241.0,24.0,10.0,0.0,11.33,12.0,0.0,-6.67,-0.67,21.47,30.94,56.19,0,0.0
2023,10,ocon,13.0,89700.0,88956.0,,20,silverstone,alpine,12.0,14.0,5.0,47.0,0.0,,31.0,9.0,0.0,10.0,8.4,1.0,-2.0,1.6,21.47,30.94,56.19,0,0.0
2023,10,perez,15.0,89968.0,,,6,silverstone,red_bull,15.0,3.0,1.0,377.0,9.0,,148.0,2.0,2.0,4.33,6.2,0.0,8.33,-1.87,21.47,30.94,56.19,0,0.0
2023,10,piastri,3.0,89874.0,87845.0,87092.0,4,silverstone,mclaren,13.0,16.0,6.0,29.0,0.0,372.0,5.0,14.0,0.0,13.33,13.8,1.0,-3.33,-0.47,21.47,30.94,56.19,0,0.0
2023,10,russell,6.0,89412.0,88782.0,87155.0,5,silverstone,mercedes,11.0,7.0,2.0,178.0,0.0,435.0,72.0,7.0,0.0,5.0,4.75,2.0,6.5,0.25,21.47,30.94,56.19,0,0.0
2023,10,sainz,5.0,89865.0,88265.0,87148.0,10,silverstone,ferrari,3.0,6.0,4.0,154.0,0.0,428.0,82.0,5.0,0.0,5.33,5.8,0.0,0.0,-0.47,21.47,30.94,56.19,0,0.0
2023,10,sargeant,14.0,89873.0,89031.0,,11,silverstone,williams,18.0,13.0,9.0,7.0,0.0,,0.0,19.0,0.0,16.5,17.75,1.0,2.5,-1.25,21.47,30.94,56.19,0,0.0
2023,10,stroll,12.0,89448.0,88935.0,,14,silverstone,aston_martin,6.0,9.0,3.0,175.0,0.0,,44.0,8.0,0.0,8.0,9.0,2.0,1.0,-1.0,21.47,30.94,56.19,0,0.0
2023,10,tsunoda,16.0,90025.0,,,16,silverstone,alphatauri,16.0,19.0,10.0,2.0,0.0,,2.0,17.0,0.0,15.0,14.2,0.0,1.67,0.8,21.47,30.94,56.19,0,0.0
2023,10,zhou,17.0,90123.0,,,15,silverstone,alfa,17.0,12.0,8.0,9.0,0.0,,4.0,16.0,0.0,12.33,13.2,1.0,4.33,-0.87,21.47,30.94,56.19,0,0.0
2023,11,albon,16.0,78917.0,,,11,hungaroring,williams,8.0,8.0,7.0,11.0,0.0,,11.0,13.0,0.0,8.67,11.2,2.0,0.33,-2.53,28.81,48.58,32.8,0,0.0
2023,11,alonso,8.0,78580.0,77701.0,77035.0,9,hungaroring,aston_martin,9.0,7.0,3.0,181.0,0.0,426.0,137.0,3.0,0.0,4.67,4.6,0.0,1.33,0.07,28.81,48.58,32.8,0,0.0
2023,11,bottas,7.0,78775.0,77563.0,77034.0,12,hungaroring,alfa,20.0,12.0,9.0,9.0,0.0,425.0,5.0,15.0,0.0,12.33,13.4,0.0,3.67,-1.07,28.81,48.58,32.8,0,0.0
2023,11,gasly,15.0,78743.0,78217.0,,20,hungaroring,alpine,10.0,18.0,6.0,47.0,0.0,,16.0,12.0,0.0,13.33,11.4,0.0,-2.0,1.93,28.81,48.58,32.8,0,0.0
2023,11,hamilton,1.0,78577.0,77427.0,76609.0,4,hungaroring,mercedes,7.0,3.0,2.0,203.0,0.0,0.0,121.0,4.0,0.0,4.67,4.0,0.0,0.33,0.67,28.81,48.58,32.8,0,0.0
2023,11,hulkenberg,10.0,78695.0,77652.0,77186.0,14,hungaroring,haas,11.0,13.0,8.0,11.0,0.0,577.0,9.0,14.0,0.0,14.0,15.0,1.0,-6.0,-1.0,28.81,48.58,32.8,0,0.0
2023,11,kevin_magnussen,19.0,79206.0,,,17,hungaroring,haas,19.0,19.0,8.0,11.0,0.0,,2.0,18.0,0.0,17.5,18.0,0.0,-1.5,-0.5,28.81,48.58,32.8,0,0.0
2023,11,leclerc,6.0,78440.0,77580.0,76992.0,7,hungaroring,ferrari,4.0,9.0,4.0,157.0,0.0,383.0,74.0,7.0,0.0,5.0,6.4,2.0,0.33,-1.4,28.81,48.58,32.8,0,0.0
2023,11,max_verstappen,2.0,78318.0,77547.0,76612.0,1,hungaroring,red_bull,1.0,1.0,1.0,411.0,10.0,3.0,255.0,1.0,8.0,1.0,1.0,0.0,0.0,0.0,28.81,48.58,32.8,0,0.0
2023,11,norris,3.0,78697.0,77328.0,76694.0,2,hungaroring,mclaren,2.0,2.0,5.0,59.0,0.0,85.0,42.0,9.0,0.0,6.33,9.0,0.0,-2.0,-2.67,28.81,48.58,32.8,0,0.0
2023,11,ocon,12.0,78854.0,77841.0,,19,hungaroring,alpine,13.0,20.0,6.0,47.0,0.0,,31.0,10.0,0.0,11.0,8.25,1.0,-2.0,2.75,28.81,48.58,32.8,0,0.0
2023,11,perez,9.0,78360.0,77675.0,77045.0,3,hungaroring,red_bull,15.0,6.0,1.0,411.0,10.0,436.0,156.0,2.0,2.0,5.0,7.0,0.0,9.0,-2.0,28.81,48.58,32.8,0,0.0
2023,11,piastri,4.0,78464.0,77571.0,76905.0,5,hungaroring,mclaren,3.0,4.0,5.0,59.0,0.0,296.0,17.0,11.0,0.0,10.33,10.8,1.0,-2.33,-0.47,28.81,48.58,32.8,0,0.0
2023,11,ricciardo,13.0,78906.0,78002.0,,13,hungaroring,alphatauri,,,10.0,2.0,0.0,,,,,,,,,,28.81,48.58,32.8,0,0.0
2023,11,russell,18.0,79027.0,,,6,hungaroring,mercedes,6.0,5.0,2.0,203.0,0.0,,82.0,6.0,0.0,6.0,5.0,2.0,2.5,1.0,28.81,48.58,32.8,0,0.0
2023,11,sainz,11.0,78393.0,77703.0,,8,hungaroring,ferrari,5.0,10.0,4.0,157.0,0.0,,83.0,5.0,0.0,7.0,6.8,0.0,-0.67,0.2,28.81,48.58,32.8,0,0.0
2023,11,sargeant,20.0,79248.0,,,18,hungaroring,williams,14.0,11.0,7.0,11.0,0.0,,0.0,19.0,0.0,12.0,15.5,1.0,4.0,-3.5,28.81,48.58,32.8,0,0.0
2023,11,stroll,14.0,78782.0,78144.0,,10,hungaroring,aston_martin,12.0,14.0,3.0,181.0,0.0,,44.0,8.0,0.0,10.67,9.5,2.0,0.67,1.17,28.81,48.58,32.8,0,0.0
2023,11,tsunoda,17.0,78919.0,,,15,hungaroring,alphatauri,16.0,16.0,10.0,2.0,0.0,,2.0,17.0,0.0,16.33,15.2,0.0,0.67,1.13,28.81,48.58,32.8,0,0.0
2023,11,zhou,5.0,78143.0,77700.0,76971.0,16,hungaroring,alfa,17.0,15.0,9.0,9.0,0.0,362.0,4.0,16.0,0.0,14.33,13.0,1.0,3.67,1.33,28.81,48.58,32.8,0,0.0
2023,12,albon,16.0,120314.0,,,14,spa,williams,16.0,11.0,7.0,11.0,0.0,,11.0,13.0,0.0,10.0,10.6,2.0,1.33,-0.6,17.87,28.24,61.93,0,7.3
2023,12,alonso,9.0,118834.0,112751.0,107843.0,5,spa,aston_martin,8.0,9.0,3.0,184.0,0.0,1675.0,139.0,3.0,0.0,7.0,6.0,0.0,1.0,1.0,17.87,28.24,61.93,0,7.3
2023,12,bottas,14.0,119484.0,114694.0,,12,spa,alfa,7.0,12.0,9.0,9.0,0.0,,5.0,15.0,0.0,13.0,13.6,0.0,0.67,-0.6,17.87,28.24,61.93,0,7.3
2023,12,gasly,12.0,119511.0,113671.0,,11,spa,alpine,15.0,20.0,6.0,47.0,0.0,,16.0,12.0,0.0,14.0,12.5,0.0,-4.5,1.5,17.87,28.24,61.93,0,7.3
2023,12,hamilton,4.0,118563.0,112345.0,107087.0,4,spa,mercedes,1.0,4.0,2.0,223.0,0.0,919.0,133.0,4.0,0.0,5.0,4.0,0.0,-0.67,1.0,17.87,28.24,61.93,0,7.3
2023,12,hulkenberg,20.0,123166.0,,,18,spa,haas,10.0,14.0,8.0,11.0,0.0,,9.0,14.0,0.0,13.5,14.25,1.0,-3.0,-0.75,17.87,28.24,61.93,0,7.3
2023,12,kevin_magnussen,13.0,120020.0,114160.0,,15,spa,haas,19.0,17.0,8.0,11.0,0.0,,2.0,18.0,0.0,17.5,17.5,1.0,1.5,0.0,17.87,28.24,61.93,0,7.3
2023,12,leclerc,2.0,118300.0,112017.0,106988.0,3,spa,ferrari,6.0,7.0,4.0,167.0,0.0,820.0,80.0,7.0,0.0,6.0,6.6,2.0,-2.0,-0.6,17.87,28.24,61.93,0,7.3
2023,12,max_verstappen,1.0,118515.0,112784.0,106168.0,1,spa,red_bull,2.0,1.0,1.0,452.0,11.0,0.0,281.0,1.0,9.0,1.0,1.0,0.0,0.33,0.0,17.87,28.24,61.93,0,7.3
2023,12,norris,7.0,119981.0,112252.0,107669.0,7,spa,mclaren,3.0,2.0,5.0,87.0,0.0,1501.0,60.0,8.0,0.0,2.67,7.6,0.0,0.33,-4.93,17.87,28.24,61.93,0,7.3
2023,12,ocon,15.0,119634.0,116372.0,,8,spa,alpine,12.0,19.0,6.0,47.0,0.0,,31.0,10.0,0.0,14.0,10.0,2.0,-2.0,4.0,17.87,28.24,61.93,0,7.3
2023,12,perez,3.0,118899.0,112353.0,107045.0,2,spa,red_bull,9.0,3.0,1.0,452.0,11.0,877.0,171.0,2.0,2.0,4.0,4.4,0.0,9.0,-0.4,17.87,28.24,61.93,0,7.3
2023,12,piastri,6.0,118872.0,111534.0,107365.0,20,spa,mclaren,4.0,5.0,5.0,87.0,0.0,1197.0,27.0,11.0,0.0,8.33,9.8,1.0,-1.67,-1.47,17.87,28.24,61.93,0,7.3
2023,12,ricciardo,19.0,122159.0,,,16,spa,alphatauri,13.0,13.0,10.0,2.0,0.0,,0.0,21.0,0.0,13.0,13.0,0.0,0.0,0.0,17.87,28.24,61.93,0,7.3
2023,12,russell,8.0,119035.0,112605.0,107805.0,6,spa,mercedes,18.0,6.0,2.0,223.0,0.0,1637.0,90.0,5.0,0.0,6.0,5.25,2.0,5.67,0.75,17.87,28.24,61.93,0,7.3
2023,12,sainz,5.0,118688.0,111711.0,107152.0,19,spa,ferrari,11.0,8.0,4.0,167.0,0.0,984.0,87.0,6.0,0.0,8.0,6.8,0.0,-1.67,1.2,17.87,28.24,61.93,0,7.3
2023,12,sargeant,18.0,121535.0,,,17,spa,williams,20.0,18.0,7.0,11.0,0.0,,0.0,19.0,0.0,14.0,15.5,1.0,3.33,-1.5,17.87,28.24,61.93,0,7.3
2023,12,stroll,10.0,119663.0,112193.0,108841.0,9,spa,aston_martin,14.0,10.0,3.0,184.0,0.0,2673.0,45.0,9.0,0.0,11.0,9.6,2.0,-0.33,1.4,17.87,28.24,61.93,0,7.3
2023,12,tsunoda,11.0,119044.0,113148.0,,10,spa,alphatauri,17.0,15.0,10.0,2.0,0.0,,2.0,17.0,0.0,16.67,15.2,0.0,-0.33,1.47,17.87,28.24,61.93,0,7.3
2023,12,zhou,17.0,120832.0,,,13,spa,alfa,5.0,16.0,9.0,9.0,0.0,,4.0,16.0,0.0,14.33,13.6,1.0,-1.33,0.73,17.87,28.24,61.93,0,7.3
2023,13,albon,4.0,80939.0,79399.0,71419.0,8,zandvoort,williams,15.0,14.0,7.0,11.0,0.0,852.0,11.0,13.0,0.0,11.0,10.2,2.0,2.0,0.8,16.79,24.94,70.78,0,23.0
2023,13,alonso,5.0,81840.0,79429.0,71506.0,2,zandvoort,aston_martin,9.0,5.0,3.0,196.0,0.0,939.0,149.0,3.0,0.0,7.0,5.6,0.0,1.67,1.4,16.79,24.94,70.78,0,23.0
2023,13,bottas,19.0,82260.0,,,14,zandvoort,alfa,13.0,12.0,9.0,9.0,0.0,,5.0,15.0,0.0,12.0,12.2,0.0,1.33,-0.2,16.79,24.94,70.78,0,23.0
2023,13,gasly,12.0,81735.0,80128.0,,3,zandvoort,alpine,12.0,11.0,6.0,57.0,0.0,,22.0,12.0,0.0,14.5,12.75,1.0,-3.5,1.75,16.79,24.94,70.78,0,23.0
2023,13,hamilton,13.0,81919.0,80151.0,,6,zandvoort,mercedes,3.0,4.0,2.0,247.0,0.0,,148.0,4.0,0.0,3.67,4.4,0.0,0.0,-0.73,16.79,24.94,70.78,0,23.0
2023,13,hulkenberg,15.0,81891.0,80250.0,,12,zandvoort,haas,20.0,18.0,8.0,11.0,0.0,,9.0,14.0,0.0,15.0,15.0,1.0,-1.33,0.0,16.79,24.94,70.78,0,23.0
2023,13,kevin_magnussen,18.0,82192.0,,,16,zandvoort,haas,16.0,15.0,8.0,11.0,0.0,,2.0,18.0,0.0,16.0,16.75,1.0,1.5,-0.75,16.79,24.94,70.78,0,23.0
2023,13,lawson,20.0,83420.0,,,13,zandvoort,alphatauri,,,10.0,3.0,0.0,,,,,,,,,,16.79,24.94,70.78,0,23.0
2023,13,leclerc,9.0,82019.0,79600.0,72665.0,19,zandvoort,ferrari,1.0,3.0,4.0,191.0,0.0,2098.0,99.0,5.0,0.0,6.33,5.0,2.0,-2.67,1.33,16.79,24.94,70.78,0,23.0
2023,13,max_verstappen,1.0,80965.0,78856.0,70567.0,1,zandvoort,red_bull,6.0,1.0,1.0,503.0,12.0,0.0,314.0,1.0,10.0,1.0,1.0,0.0,2.0,0.0,16.79,24.94,70.78,0,23.0
2023,13,norris,2.0,81276.0,79769.0,71104.0,7,zandvoort,mclaren,7.0,7.0,5.0,103.0,0.0,537.0,69.0,8.0,0.0,3.67,5.6,0.0,0.33,-1.93,16.79,24.94,70.78,0,23.0
2023,13,ocon,17.0,82110.0,,,10,zandvoort,alpine,14.0,8.0,6.0,57.0,0.0,,35.0,10.0,0.0,8.0,10.0,3.0,6.0,-2.0,16.79,24.94,70.78,0,23.0
2023,13,perez,7.0,81972.0,79856.0,71880.0,4,zandvoort,red_bull,2.0,2.0,1.0,503.0,12.0,1313.0,189.0,2.0,2.0,3.67,4.0,0.0,5.0,-0.33,16.79,24.94,70.78,0,23.0
2023,13,piastri,8.0,81231.0,79392.0,71938.0,9,zandvoort,mclaren,5.0,20.0,5.0,103.0,0.0,1371.0,34.0,11.0,0.0,4.5,9.0,1.0,-1.0,-4.5,16.79,24.94,70.78,0,23.0
2023,13,russell,3.0,81345.0,79620.0,71294.0,17,zandvoort,mercedes,8.0,6.0,2.0,247.0,0.0,727.0,99.0,6.0,0.0,5.67,6.0,2.0,5.0,-0.33,16.79,24.94,70.78,0,23.0
2023,13,sainz,6.0,81321.0,79929.0,71754.0,5,zandvoort,ferrari,4.0,19.0,4.0,191.0,0.0,1187.0,92.0,7.0,0.0,9.0,7.25,0.0,-1.0,1.75,16.79,24.94,70.78,0,23.0
2023,13,sargeant,10.0,82036.0,80067.0,76748.0,20,zandvoort,williams,18.0,17.0,7.0,11.0,0.0,6181.0,0.0,19.0,0.0,15.33,14.75,1.0,2.0,0.58,16.79,24.94,70.78,0,23.0
2023,13,stroll,11.0,81570.0,80121.0,,11,zandvoort,aston_martin,10.0,9.0,3.0,196.0,0.0,,47.0,9.0,0.0,11.0,10.2,2.0,1.0,0.8,16.79,24.94,70.78,0,23.0
2023,13,tsunoda,14.0,81781.0,80230.0,,15,zandvoort,alphatauri,11.0,10.0,10.0,3.0,0.0,,3.0,17.0,0.0,13.67,14.8,0.0,1.0,-1.13,16.79,24.94,70.78,0,23.0
2023,13,zhou,16.0,82067.0,,,18,zandvoort,alfa,17.0,13.0,9.0,9.0,0.0,,4.0,16.0,0.0,14.67,14.4,1.0,-1.67,0.27,16.79,24.94,70.78,0,23.0
2023,14,albon,6.0,81661.0,81272.0,80760.0,7,monza,williams,4.0,8.0,7.0,15.0,0.0,466.0,15.0,13.0,0.0,11.0,10.4,2.0,0.67,0.6,29.33,42.93,42.32,0,0.0
2023,14,alonso,10.0,82043.0,81543.0,81417.0,9,monza,aston_martin,5.0,2.0,3.0,215.0,0.0,1123.0,168.0,3.0,0.0,5.33,5.6,0.0,2.0,-0.27,29.33,42.93,42.32,0,0.0
2023,14,bottas,14.0,82249.0,81940.0,,10,monza,alfa,18.0,14.0,9.0,9.0,0.0,,5.0,15.0,0.0,12.67,13.0,0.0,0.0,-0.33,29.33,42.93,42.32,0,0.0
2023,14,gasly,17.0,82545.0,,,15,monza,alpine,12.0,3.0,6.0,73.0,0.0,,37.0,10.0,0.0,7.0,10.5,1.0,5.0,-3.5,29.33,42.93,42.32,0,0.0
2023,14,hamilton,8.0,81977.0,81369.0,80820.0,6,monza,mercedes,13.0,6.0,2.0,255.0,0.0,526.0,156.0,4.0,0.0,4.67,5.0,0.0,1.0,-0.33,29.33,42.93,42.32,0,0.0
2023,14,hulkenberg,13.0,82343.0,81776.0,,17,monza,haas,14.0,12.0,8.0,11.0,0.0,,9.0,14.0,0.0,14.67,14.25,1.0,0.0,0.42,29.33,42.93,42.32,0,0.0
2023,14,kevin_magnussen,19.0,82592.0,,,18,monza,haas,0.0,16.0,8.0,11.0,0.0,,2.0,18.0,0.0,16.0,16.5,1.0,-4.33,-0.5,29.33,42.93,42.32,0,0.0
2023,14,lawson,12.0,82112.0,81758.0,,11,monza,alphatauri,19.0,13.0,10.0,3.0,0.0,,0.0,22.0,0.0,13.0,13.0,0.0,6.0,0.0,29.33,42.93,42.32,0,0.0
2023,14,leclerc,3.0,81788.0,80977.0,80361.0,4,monza,ferrari,9.0,19.0,4.0,201.0,0.0,67.0,99.0,6.0,0.0,5.0,5.25,2.0,-1.5,-0.25,29.33,42.93,42.32,0,0.0
2023,14,max_verstappen,2.0,81573.0,80937.0,80307.0,1,monza,red_bull,1.0,1.0,1.0,540.0,13.0,13.0,339.0,1.0,11.0,1.0,1.0,0.0,2.0,0.0,29.33,42.93,42.32,0,0.0
2023,14,norris,9.0,81995.0,81581.0,80979.0,8,monza,mclaren,2.0,7.0,5.0,111.0,0.0,685.0,75.0,8.0,0.0,5.33,4.4,0.0,-1.33,0.93,29.33,42.93,42.32,0,0.0
2023,14,ocon,18.0,82548.0,,,19,monza,alpine,16.0,10.0,6.0,73.0,0.0,,36.0,11.0,0.0,9.0,10.67,3.0,6.0,-1.67,29.33,42.93,42.32,0,0.0
2023,14,perez,5.0,81911.0,81240.0,80688.0,2,monza,red_bull,7.0,4.0,1.0,540.0,13.0,394.0,201.0,2.0,2.0,3.0,3.6,0.0,3.0,-0.6,29.33,42.93,42.32,0,0.0
2023,14,piastri,7.0,82106.0,81527.0,80785.0,12,monza,mclaren,8.0,9.0,5.0,111.0,0.0,491.0,36.0,12.0,0.0,7.0,8.5,2.0,-1.0,-1.5,29.33,42.93,42.32,0,0.0
2023,14,russell,4.0,82148.0,81382.0,80671.0,5,monza,mercedes,3.0,17.0,2.0,255.0,0.0,377.0,99.0,7.0,0.0,9.67,8.2,2.0,0.0,1.47,29.33,42.93,42.32,0,0.0
2023,14,sainz,1.0,81965.0,80991.0,80294.0,3,monza,ferrari,6.0,5.0,4.0,201.0,0.0,0.0,102.0,5.0,0.0,6.5,7.25,1.0,2.0,-0.75,29.33,42.93,42.32,0,0.0
2023,14,sargeant,15.0,81930.0,81944.0,,13,monza,williams,10.0,20.0,7.0,15.0,0.0,,0.0,19.0,0.0,17.5,14.75,1.0,1.5,2.75,29.33,42.93,42.32,0,0.0
2023,14,stroll,20.0,82860.0,,,16,monza,aston_martin,11.0,11.0,3.0,215.0,0.0,,47.0,9.0,0.0,10.0,10.6,2.0,1.67,-0.6,29.33,42.93,42.32,0,0.0
2023,14,tsunoda,11.0,81852.0,81594.0,,20,monza,alphatauri,17.0,15.0,10.0,3.0,0.0,,3.0,17.0,0.0,13.33,15.0,0.0,1.67,-1.67,29.33,42.93,42.32,0,0.0
2023,14,zhou,16.0,82390.0,,,14,monza,alfa,15.0,18.0,9.0,9.0,0.0,,4.0,16.0,0.0,14.5,14.0,1.0,-3.5,0.5,29.33,42.93,42.32,0,0.0
2023,15,albon,14.0,92668.0,93719.0,,11,marina_bay,williams,6.0,7.0,7.0,21.0,0.0,,21.0,13.0,0.0,9.67,9.6,2.0,-1.33,0.07,29.84,36.42,72.03,0,0.0
2023,15,alonso,7.0,92584.0,91835.0,91615.0,15,marina_bay,aston_martin,10.0,9.0,4.0,217.0,0.0,631.0,170.0,3.0,0.0,5.33,6.4,0.0,2.67,-1.07,29.84,36.42,72.03,0,0.0
2023,15,bottas,16.0,92809.0,,,17,marina_bay,alfa,14.0,10.0,9.0,10.0,0.0,,6.0,15.0,0.0,12.0,12.0,0.0,3.0,0.0,29.84,36.42,72.03,0,0.0
2023,15,gasly,12.0,92452.0,92274.0,,6,marina_bay,alpine,17.0,15.0,6.0,73.0,0.0,,37.0,10.0,0.0,9.67,11.75,1.0,4.0,-2.08,29.84,36.42,72.03,0,0.0
2023,15,hamilton,5.0,92651.0,92019.0,91485.0,3,marina_bay,mercedes,8.0,6.0,2.0,273.0,0.0,501.0,164.0,4.0,0.0,5.33,4.6,0.0,2.67,0.73,29.84,36.42,72.03,0,0.0
2023,15,hulkenberg,9.0,92100.0,91994.0,91808.0,13,marina_bay,haas,13.0,17.0,8.0,11.0,0.0,824.0,9.0,14.0,0.0,15.67,14.8,1.0,0.0,0.87,29.84,36.42,72.03,0,0.0
2023,15,kevin_magnussen,6.0,92242.0,91892.0,91575.0,10,marina_bay,haas,19.0,18.0,8.0,11.0,0.0,591.0,2.0,18.0,0.0,16.33,16.5,1.0,-4.67,-0.17,29.84,36.42,72.03,0,0.0
2023,15,lawson,10.0,92215.0,92166.0,92268.0,9,marina_bay,alphatauri,12.0,11.0,10.0,3.0,0.0,1284.0,0.0,20.0,0.0,12.0,12.0,0.0,3.5,0.0,29.84,36.42,72.03,0,0.0
2023,15,leclerc,3.0,92406.0,92012.0,91063.0,4,marina_bay,ferrari,3.0,4.0,3.0,228.0,0.0,79.0,111.0,6.0,0.0,3.5,5.75,3.0,-1.5,-2.25,29.84,36.42,72.03,0,0.0
2023,15,max_verstappen,11.0,92398.0,92173.0,,5,marina_bay,red_bull,2.0,1.0,1.0,583.0,14.0,,364.0,1.0,12.0,1.0,1.0,0.0,2.0,0.0,29.84,36.42,72.03,0,0.0
2023,15,norris,4.0,92483.0,91951.0,91270.0,2,marina_bay,mclaren,9.0,8.0,5.0,115.0,0.0,286.0,79.0,8.0,0.0,7.33,5.2,0.0,-1.33,2.13,29.84,36.42,72.03,0,0.0
2023,15,ocon,8.0,92369.0,92089.0,91673.0,18,marina_bay,alpine,18.0,19.0,6.0,73.0,0.0,689.0,36.0,11.0,0.0,9.0,9.0,3.0,6.0,0.0,29.84,36.42,72.03,0,0.0
2023,15,perez,13.0,92099.0,92310.0,,8,marina_bay,red_bull,5.0,2.0,1.0,583.0,14.0,,219.0,2.0,2.0,2.67,3.4,0.0,2.0,-0.73,29.84,36.42,72.03,0,0.0
2023,15,piastri,17.0,92902.0,,,7,marina_bay,mclaren,7.0,12.0,5.0,115.0,0.0,,36.0,12.0,0.0,10.5,7.5,2.0,-3.0,3.0,29.84,36.42,72.03,0,0.0
2023,15,russell,2.0,92331.0,91743.0,91056.0,16,marina_bay,mercedes,4.0,5.0,2.0,273.0,0.0,72.0,109.0,7.0,0.0,9.33,7.8,2.0,-4.33,1.53,29.84,36.42,72.03,0,0.0
2023,15,sainz,1.0,92339.0,91439.0,90984.0,1,marina_bay,ferrari,1.0,3.0,3.0,228.0,0.0,0.0,117.0,5.0,0.0,4.0,6.5,1.0,-0.5,-2.5,29.84,36.42,72.03,0,0.0
2023,15,sargeant,18.0,93252.0,,,14,marina_bay,williams,15.0,13.0,7.0,21.0,0.0,,0.0,19.0,0.0,15.0,14.75,2.0,1.5,0.25,29.84,36.42,72.03,0,0.0
2023,15,stroll,20.0,93397.0,,,20,marina_bay,aston_martin,20.0,16.0,4.0,217.0,0.0,,47.0,9.0,0.0,12.0,12.0,2.0,1.67,0.0,29.84,36.42,72.03,0,0.0
2023,15,tsunoda,15.0,91991.0,,,19,marina_bay,alphatauri,11.0,20.0,10.0,3.0,0.0,,3.0,17.0,0.0,12.5,14.0,0.0,1.5,-1.5,29.84,36.42,72.03,0,0.0
2023,15,zhou,19.0,93258.0,,,12,marina_bay,alfa,16.0,14.0,9.0,10.0,0.0,,4.0,16.0,0.0,13.5,14.5,2.0,3.0,-1.0,29.84,36.42,72.03,0,0.0
2023,16,albon,13.0,90941.0,90537.0,,16,suzuka,williams,14.0,11.0,7.0,21.0,0.0,,21.0,13.0,0.0,8.67,10.2,2.0,-0.67,-1.53,27.29,42.07,42.32,0,0.0
2023,16,alonso,10.0,90971.0,90465.0,90560.0,8,suzuka,aston_martin,7.0,15.0,4.0,217.0,0.0,1683.0,170.0,4.0,0.0,8.67,8.0,0.0,-1.33,0.67,27.29,42.07,42.32,0,0.0
2023,16,bottas,16.0,91049.0,,,20,suzuka,alfa,16.0,17.0,9.0,10.0,0.0,,6.0,15.0,0.0,12.0,12.0,0.0,4.0,0.0,27.29,42.07,42.32,0,0.0
2023,16,gasly,12.0,90843.0,90509.0,,10,suzuka,alpine,12.0,6.0,6.0,81.0,0.0,,45.0,10.0,0.0,8.0,8.75,1.0,5.67,-0.75,27.29,42.07,42.32,0,0.0
2023,16,hamilton,7.0,90811.0,90040.0,89908.0,5,suzuka,mercedes,5.0,3.0,2.0,289.0,0.0,1031.0,180.0,3.0,0.0,5.0,4.6,0.0,3.67,0.4,27.29,42.07,42.32,0,0.0
2023,16,hulkenberg,18.0,91299.0,,,14,suzuka,haas,9.0,13.0,8.0,12.0,0.0,,9.0,14.0,0.0,14.0,14.8,1.0,-2.0,-0.8,27.29,42.07,42.32,0,0.0
2023,16,kevin_magnussen,15.0,90976.0,90665.0,,15,suzuka,haas,6.0,10.0,8.0,12.0,0.0,,3.0,18.0,0.0,14.67,15.2,1.0,-6.33,-0.53,27.29,42.07,42.32,0,0.0
2023,16,lawson,11.0,90425.0,90508.0,,11,suzuka,alphatauri,10.0,9.0,10.0,5.0,0.0,,2.0,19.0,0.0,11.0,11.0,0.0,2.67,0.0,27.29,42.07,42.32,0,0.0
2023,16,leclerc,4.0,90393.0,89940.0,89542.0,4,suzuka,ferrari,3.0,4.0,3.0,265.0,1.0,665.0,123.0,6.0,0.0,4.0,4.5,3.0,-1.0,-0.5,27.29,42.07,42.32,0,0.0
2023,16,max_verstappen,1.0,89878.0,89964.0,88877.0,1,suzuka,red_bull,11.0,5.0,1.0,597.0,14.0,0.0,374.0,1.0,12.0,2.33,1.8,0.0,2.33,0.53,27.29,42.07,42.32,0,0.0
2023,16,norris,3.0,90063.0,90296.0,89493.0,2,suzuka,mclaren,4.0,2.0,5.0,139.0,0.0,616.0,97.0,8.0,0.0,5.67,5.2,0.0,-0.67,0.47,27.29,42.07,42.32,0,0.0
2023,16,ocon,14.0,90960.0,90586.0,,9,suzuka,alpine,8.0,18.0,6.0,81.0,0.0,,36.0,12.0,0.0,10.0,9.0,4.0,6.0,1.0,27.29,42.07,42.32,0,0.0
2023,16,perez,5.0,90652.0,89965.0,89650.0,19,suzuka,red_bull,13.0,8.0,1.0,597.0,14.0,773.0,223.0,2.0,2.0,4.67,3.8,0.0,3.67,0.87,27.29,42.07,42.32,0,0.0
2023,16,piastri,2.0,90439.0,90122.0,89458.0,3,suzuka,mclaren,17.0,7.0,5.0,139.0,0.0,581.0,42.0,11.0,0.0,9.33,8.25,2.0,1.33,1.08,27.29,42.07,42.32,0,0.0
2023,16,russell,8.0,90811.0,90268.0,90219.0,7,suzuka,mercedes,2.0,16.0,2.0,289.0,0.0,1342.0,109.0,7.0,0.0,12.67,10.0,2.0,-9.67,2.67,27.29,42.07,42.32,0,0.0
2023,16,sainz,6.0,90651.0,90067.0,89850.0,6,suzuka,ferrari,1.0,1.0,3.0,265.0,1.0,973.0,142.0,5.0,1.0,3.0,4.25,1.0,-0.33,-1.25,27.29,42.07,42.32,0,0.0
2023,16,sargeant,20.0,,,,17,suzuka,williams,18.0,14.0,7.0,21.0,0.0,,0.0,20.0,0.0,13.5,15.5,2.0,3.0,-2.0,27.29,42.07,42.32,0,0.0
2023,16,stroll,17.0,91181.0,,,18,suzuka,aston_martin,0.0,20.0,4.0,217.0,0.0,,47.0,9.0,0.0,13.5,11.5,2.0,2.0,2.0,27.29,42.07,42.32,0,0.0
2023,16,tsunoda,9.0,90733.0,90204.0,90303.0,12,suzuka,alphatauri,15.0,19.0,10.0,5.0,0.0,1426.0,3.0,17.0,0.0,15.0,13.33,0.0,2.0,1.67,27.29,42.07,42.32,0,0.0
2023,16,zhou,19.0,91398.0,,,13,suzuka,alfa,19.0,12.0,9.0,10.0,0.0,,4.0,16.0,0.0,13.0,13.75,2.0,4.5,-0.75,27.29,42.07,42.32,0,0.0
2023,17,albon,14.0,86118.0,85707.0,,13,losail,williams,13.0,16.0,7.0,21.0,0.0,,21.0,13.0,0.0,9.0,10.0,2.0,1.0,-1.0,31.46,36.93,73.16,0,0.0
2023,17,alonso,4.0,85223.0,85241.0,84369.0,6,losail,aston_martin,10.0,8.0,4.0,221.0,0.0,591.0,174.0,4.0,0.0,10.67,7.8,0.0,-1.67,2.87,31.46,36.93,73.16,0,0.0
2023,17,bottas,9.0,86038.0,85297.0,85058.0,8,losail,alfa,16.0,20.0,9.0,10.0,0.0,1280.0,6.0,15.0,0.0,10.0,12.0,1.0,4.0,-2.0,31.46,36.93,73.16,0,0.0
2023,17,gasly,7.0,85566.0,84918.0,84553.0,12,losail,alpine,12.0,10.0,6.0,84.0,0.0,775.0,46.0,11.0,0.0,10.33,9.0,1.0,3.33,1.33,31.46,36.93,73.16,0,0.0
2023,17,hamilton,3.0,86076.0,84381.0,84305.0,19,losail,mercedes,7.0,5.0,2.0,305.0,0.0,527.0,190.0,3.0,0.0,4.67,4.8,0.0,2.0,-0.13,31.46,36.93,73.16,0,0.0
2023,17,hulkenberg,15.0,85904.0,85783.0,,16,losail,haas,18.0,14.0,8.0,12.0,0.0,,9.0,14.0,0.0,14.67,14.8,1.0,-1.33,-0.13,31.46,36.93,73.16,0,0.0
2023,17,kevin_magnussen,19.0,87046.0,,,14,losail,haas,15.0,15.0,8.0,12.0,0.0,,3.0,18.0,0.0,14.33,14.8,1.0,-1.0,-0.47,31.46,36.93,73.16,0,0.0
2023,17,lawson,18.0,86635.0,,,17,losail,alphatauri,11.0,11.0,10.0,5.0,0.0,,2.0,19.0,0.0,10.33,11.0,0.0,0.67,-0.67,31.46,36.93,73.16,0,0.0
2023,17,leclerc,5.0,85452.0,85079.0,84424.0,5,losail,ferrari,4.0,4.0,3.0,285.0,1.0,646.0,135.0,6.0,0.0,4.0,3.75,3.0,-0.67,0.25,31.46,36.93,73.16,0,0.0
2023,17,max_verstappen,1.0,85007.0,84483.0,83778.0,1,losail,red_bull,1.0,1.0,1.0,623.0,15.0,0.0,400.0,1.0,13.0,2.33,1.8,0.0,2.33,0.53,31.46,36.93,73.16,0,0.0
2023,17,norris,10.0,85131.0,84685.0,,3,losail,mclaren,3.0,2.0,5.0,172.0,0.0,,115.0,7.0,0.0,4.0,5.2,0.0,1.33,-1.2,31.46,36.93,73.16,0,0.0
2023,17,ocon,8.0,85711.0,84928.0,84763.0,7,losail,alpine,14.0,9.0,6.0,84.0,0.0,985.0,38.0,12.0,0.0,9.0,9.0,5.0,5.0,0.0,31.46,36.93,73.16,0,0.0
2023,17,perez,13.0,85991.0,85462.0,,10,losail,red_bull,5.0,19.0,1.0,623.0,15.0,,223.0,2.0,2.0,5.0,4.0,0.0,4.0,1.0,31.46,36.93,73.16,0,0.0
2023,17,piastri,6.0,85266.0,84724.0,84540.0,2,losail,mclaren,2.0,3.0,5.0,172.0,0.0,762.0,57.0,9.0,0.0,7.33,7.75,2.0,1.33,-0.42,31.46,36.93,73.16,0,0.0
2023,17,russell,2.0,85334.0,84827.0,84219.0,4,losail,mercedes,8.0,7.0,2.0,305.0,0.0,441.0,115.0,8.0,0.0,9.33,10.2,2.0,-4.67,-0.87,31.46,36.93,73.16,0,0.0
2023,17,sainz,12.0,85808.0,85328.0,,20,losail,ferrari,6.0,6.0,3.0,285.0,1.0,,150.0,5.0,1.0,3.33,3.75,1.0,-0.67,-0.42,31.46,36.93,73.16,0,0.0
2023,17,sargeant,16.0,86210.0,,,18,losail,williams,20.0,17.0,7.0,21.0,0.0,,0.0,20.0,0.0,13.5,14.67,2.0,3.0,-1.17,31.46,36.93,73.16,0,0.0
2023,17,stroll,17.0,86345.0,,,11,losail,aston_martin,17.0,18.0,4.0,221.0,0.0,,47.0,10.0,0.0,16.0,12.0,2.0,4.0,4.0,31.46,36.93,73.16,0,0.0
2023,17,tsunoda,11.0,86058.0,85301.0,,15,losail,alphatauri,9.0,12.0,10.0,5.0,0.0,,3.0,17.0,0.0,12.0,12.33,1.0,-3.0,-0.33,31.46,36.93,73.16,0,0.0
2023,17,zhou,20.0,87432.0,,,9,losail,alfa,19.0,13.0,9.0,10.0,0.0,,4.0,16.0,0.0,13.0,13.0,2.0,5.0,0.0,31.46,36.93,73.16,0,0.0
2023,18,albon,18.0,96315.0,,,9,americas,williams,13.0,13.0,7.0,23.0,0.0,,23.0,13.0,0.0,12.0,9.75,3.0,1.5,2.25,29.96,40.63,41.91,0,0.0
2023,18,alonso,17.0,96268.0,,,16,americas,aston_martin,4.0,6.0,4.0,230.0,0.0,,183.0,4.0,0.0,9.67,8.0,0.0,-2.67,1.67,29.96,40.63,41.91,0,0.0
2023,18,bottas,13.0,96082.0,95858.0,,12,americas,alfa,9.0,8.0,8.0,16.0,0.0,,10.0,14.0,0.0,8.0,10.67,2.0,1.0,-2.67,29.96,40.63,41.91,0,0.0
2023,18,gasly,7.0,96158.0,95496.0,95089.0,6,americas,alpine,7.0,12.0,6.0,90.0,0.0,366.0,46.0,11.0,0.0,9.33,9.2,1.0,1.0,0.13,29.96,40.63,41.91,0,0.0
2023,18,hamilton,3.0,95091.0,95240.0,94862.0,19,americas,mercedes,3.0,19.0,2.0,326.0,0.0,139.0,194.0,3.0,0.0,4.0,5.0,0.0,2.0,-1.0,29.96,40.63,41.91,0,0.0
2023,18,hulkenberg,16.0,96235.0,,,11,americas,haas,14.0,16.0,9.0,12.0,0.0,,9.0,15.0,0.0,14.33,14.4,1.0,-0.67,-0.07,29.96,40.63,41.91,0,0.0
2023,18,kevin_magnussen,14.0,96009.0,95880.0,,14,americas,haas,18.0,14.0,9.0,12.0,0.0,,3.0,18.0,0.0,13.0,14.6,1.0,0.0,-1.6,29.96,40.63,41.91,0,0.0
2023,18,leclerc,1.0,96061.0,95004.0,94723.0,20,americas,ferrari,5.0,5.0,3.0,298.0,1.0,0.0,145.0,6.0,0.0,4.33,4.25,3.0,-0.33,0.08,29.96,40.63,41.91,0,0.0
2023,18,max_verstappen,6.0,95346.0,95008.0,95081.0,1,americas,red_bull,1.0,1.0,1.0,657.0,16.0,358.0,433.0,1.0,14.0,2.33,1.8,0.0,2.0,0.53,29.96,40.63,41.91,0,0.0
2023,18,norris,2.0,95110.0,95441.0,94853.0,2,americas,mclaren,10.0,3.0,5.0,219.0,0.0,130.0,136.0,7.0,0.0,2.33,4.4,0.0,3.33,-2.07,29.96,40.63,41.91,0,0.0
2023,18,ocon,8.0,96131.0,95413.0,95154.0,18,americas,alpine,8.0,7.0,6.0,90.0,0.0,431.0,44.0,12.0,0.0,8.0,8.67,5.0,3.0,-0.67,29.96,40.63,41.91,0,0.0
2023,18,perez,9.0,95989.0,95679.0,95173.0,4,americas,red_bull,20.0,10.0,1.0,657.0,16.0,450.0,224.0,2.0,2.0,9.0,6.0,1.0,7.5,3.0,29.96,40.63,41.91,0,0.0
2023,18,piastri,10.0,96064.0,95576.0,95467.0,17,americas,mclaren,6.0,2.0,5.0,219.0,0.0,744.0,83.0,9.0,0.0,4.0,6.6,2.0,4.33,-2.6,29.96,40.63,41.91,0,0.0
2023,18,ricciardo,15.0,96213.0,95974.0,,15,americas,alphatauri,,,10.0,5.0,0.0,,0.0,22.0,0.0,14.5,14.5,0.0,1.5,0.0,29.96,40.63,41.91,0,0.0
2023,18,russell,5.0,96165.0,95606.0,95079.0,5,americas,mercedes,2.0,4.0,2.0,326.0,0.0,356.0,132.0,8.0,0.0,9.0,9.8,2.0,-5.0,-0.8,29.96,40.63,41.91,0,0.0
2023,18,sainz,4.0,95824.0,95302.0,94945.0,3,americas,ferrari,12.0,20.0,3.0,298.0,1.0,222.0,153.0,5.0,1.0,3.5,3.75,1.0,0.0,-0.25,29.96,40.63,41.91,0,0.0
2023,18,sargeant,20.0,96827.0,,,10,americas,williams,15.0,18.0,7.0,23.0,0.0,,0.0,20.0,0.0,14.0,13.5,3.0,4.0,0.5,29.96,40.63,41.91,0,0.0
2023,18,stroll,19.0,96589.0,,,7,americas,aston_martin,16.0,11.0,4.0,230.0,0.0,,47.0,10.0,0.0,11.0,12.67,3.0,5.0,-1.67,29.96,40.63,41.91,0,0.0
2023,18,tsunoda,11.0,95913.0,95697.0,,8,americas,alphatauri,11.0,15.0,10.0,5.0,0.0,,3.0,17.0,0.0,13.5,14.0,1.0,-3.5,-0.5,29.96,40.63,41.91,0,0.0
2023,18,zhou,12.0,96052.0,95698.0,,13,americas,alfa,19.0,9.0,8.0,16.0,0.0,,6.0,16.0,0.0,11.33,12.0,2.0,7.67,-0.67,29.96,40.63,41.91,0,0.0
2023,19,albon,14.0,78828.0,79147.0,,9,rodriguez,williams,15.0,9.0,7.0,26.0,0.0,,25.0,13.0,0.0,11.0,10.0,3.0,3.0,1.0,25.55,45.64,23.55,0,0.0
2023,19,alonso,13.0,78848.0,78738.0,,18,rodriguez,aston_martin,19.0,16.0,5.0,236.0,0.0,,183.0,4.0,0.0,7.0,9.5,0.0,0.0,-2.5,25.55,45.64,23.55,0,0.0
2023,19,bottas,9.0,78429.0,78016.0,78032.0,15,rodriguez,alfa,13.0,12.0,8.0,16.0,0.0,866.0,10.0,14.0,0.0,10.0,10.0,2.0,1.0,0.0,25.55,45.64,23.55,0,0.0
2023,19,gasly,11.0,78945.0,78521.0,,11,rodriguez,alpine,7.0,6.0,6.0,100.0,0.0,,56.0,10.0,0.0,9.33,9.8,1.0,-0.67,-0.47,25.55,45.64,23.55,0,0.0
2023,19,hamilton,6.0,78677.0,77571.0,77454.0,2,rodriguez,mercedes,3.0,19.0,2.0,344.0,0.0,288.0,201.0,3.0,0.0,12.0,8.25,1.0,-7.0,3.75,25.55,45.64,23.55,0,0.0
2023,19,hulkenberg,12.0,78969.0,78524.0,,13,rodriguez,haas,18.0,11.0,9.0,12.0,0.0,,9.0,15.0,0.0,13.67,14.2,1.0,3.0,-0.53,25.55,45.64,23.55,0,0.0
2023,19,kevin_magnussen,17.0,79163.0,,,19,rodriguez,haas,17.0,14.0,9.0,12.0,0.0,,3.0,18.0,0.0,14.33,14.2,1.0,2.33,0.13,25.55,45.64,23.55,0,0.0
2023,19,leclerc,1.0,78401.0,77901.0,77166.0,3,rodriguez,ferrari,1.0,20.0,3.0,322.0,1.0,0.0,151.0,7.0,0.0,9.67,7.4,3.0,-6.33,2.27,25.55,45.64,23.55,0,0.0
2023,19,max_verstappen,3.0,78099.0,77625.0,77263.0,1,rodriguez,red_bull,6.0,1.0,1.0,706.0,17.0,97.0,466.0,1.0,15.0,1.0,1.8,0.0,1.67,-0.8,25.55,45.64,23.55,0,0.0
2023,19,norris,19.0,81554.0,,,5,rodriguez,mclaren,2.0,2.0,4.0,242.0,0.0,,159.0,6.0,0.0,2.33,3.4,0.0,2.67,-1.07,25.55,45.64,23.55,0,0.0
2023,19,ocon,16.0,79080.0,,,10,rodriguez,alpine,8.0,18.0,6.0,100.0,0.0,,44.0,12.0,0.0,8.0,8.0,5.0,3.0,0.0,25.55,45.64,23.55,0,0.0
2023,19,perez,5.0,78553.0,78124.0,77423.0,20,rodriguez,red_bull,9.0,4.0,1.0,706.0,17.0,257.0,240.0,2.0,2.0,7.0,6.0,1.0,7.5,1.0,25.55,45.64,23.55,0,0.0
2023,19,piastri,7.0,78241.0,77874.0,77623.0,8,rodriguez,mclaren,10.0,17.0,4.0,242.0,0.0,457.0,83.0,9.0,0.0,2.5,6.0,2.0,1.5,-3.5,25.55,45.64,23.55,0,0.0
2023,19,ricciardo,4.0,78341.0,77706.0,77382.0,7,rodriguez,alphatauri,14.0,15.0,10.0,10.0,0.0,216.0,0.0,22.0,0.0,14.67,14.67,0.0,0.67,0.0,25.55,45.64,23.55,0,0.0
2023,19,russell,8.0,78893.0,77673.0,77674.0,6,rodriguez,mercedes,5.0,5.0,2.0,344.0,0.0,508.0,143.0,8.0,0.0,5.33,7.4,2.0,-0.33,-2.07,25.55,45.64,23.55,0,0.0
2023,19,sainz,2.0,78755.0,78382.0,77233.0,4,rodriguez,ferrari,4.0,3.0,3.0,322.0,1.0,67.0,171.0,5.0,1.0,4.5,3.25,1.0,0.5,1.25,25.55,45.64,23.55,0,0.0
2023,19,sargeant,20.0,,,,16,rodriguez,williams,16.0,10.0,7.0,26.0,0.0,,1.0,20.0,0.0,10.0,12.33,4.0,6.0,-2.33,25.55,45.64,23.55,0,0.0
2023,19,stroll,18.0,79227.0,,,17,rodriguez,aston_martin,20.0,7.0,5.0,236.0,0.0,,53.0,11.0,0.0,9.0,11.33,3.0,9.0,-2.33,25.55,45.64,23.55,0,0.0
2023,19,tsunoda,15.0,78890.0,,,12,rodriguez,alphatauri,11.0,8.0,10.0,10.0,0.0,,8.0,16.0,0.0,11.67,11.67,1.0,-1.33,0.0,25.55,45.64,23.55,0,0.0
2023,19,zhou,10.0,79016.0,78440.0,78050.0,14,rodriguez,alfa,12.0,13.0,8.0,16.0,0.0,884.0,6.0,17.0,0.0,11.67,12.2,2.0,5.0,-0.53,25.55,45.64,23.55,0,0.0
2023,20,albon,15.0,70621.0,70840.0,,19,interlagos,williams,14.0,9.0,7.0,28.0,0.0,,27.0,13.0,0.0,10.33,10.5,3.0,3.67,-0.17,20.46,46.78,58.17,0,0.5
2023,20,alonso,4.0,70557.0,70237.0,71387.0,3,interlagos,aston_martin,13.0,18.0,5.0,236.0,0.0,660.0,183.0,5.0,0.0,6.0,9.67,1.0,-2.0,-3.67,20.46,46.78,58.17,0,0.5
2023,20,bottas,18.0,70955.0,,,16,interlagos,alfa,9.0,15.0,9.0,16.0,0.0,,10.0,14.0,0.0,11.67,11.67,2.0,-1.33,0.0,20.46,46.78,58.17,0,0.5
2023,20,gasly,13.0,70793.0,70567.0,,7,interlagos,alpine,11.0,11.0,6.0,101.0,0.0,,56.0,10.0,0.0,9.67,9.0,1.0,-1.33,0.67,20.46,46.78,58.17,0,0.5
2023,20,hamilton,5.0,70604.0,70266.0,71469.0,8,interlagos,mercedes,6.0,2.0,2.0,371.0,0.0,742.0,220.0,3.0,0.0,10.5,7.25,1.0,-6.0,3.25,20.46,46.78,58.17,0,0.5
2023,20,hulkenberg,11.0,70475.0,70547.0,,12,interlagos,haas,12.0,13.0,10.0,12.0,0.0,,9.0,15.0,0.0,13.33,13.4,1.0,1.33,-0.07,20.46,46.78,58.17,0,0.5
2023,20,kevin_magnussen,14.0,70602.0,70723.0,,18,interlagos,haas,16.0,19.0,10.0,12.0,0.0,,3.0,19.0,0.0,14.0,13.25,1.0,3.5,0.75,20.46,46.78,58.17,0,0.5
2023,20,leclerc,2.0,70472.0,70303.0,71021.0,20,interlagos,ferrari,1.0,3.0,3.0,349.0,1.0,294.0,166.0,7.0,0.0,9.33,7.2,3.0,-7.0,2.13,20.46,46.78,58.17,0,0.5
2023,20,max_verstappen,1.0,70436.0,70162.0,70727.0,1,interlagos,red_bull,3.0,1.0,1.0,731.0,18.0,0.0,491.0,1.0,16.0,1.0,1.8,0.0,2.33,-0.8,20.46,46.78,58.17,0,0.5
2023,20,norris,7.0,70623.0,70021.0,71987.0,2,interlagos,mclaren,17.0,5.0,4.0,256.0,0.0,1260.0,169.0,6.0,0.0,3.33,2.8,0.0,6.33,0.53,20.46,46.78,58.17,0,0.5
2023,20,ocon,12.0,70763.0,70562.0,,10,interlagos,alpine,15.0,10.0,6.0,101.0,0.0,,45.0,12.0,0.0,8.5,8.67,6.0,3.0,-0.17,20.46,46.78,58.17,0,0.5
2023,20,perez,9.0,70668.0,70219.0,72321.0,4,interlagos,red_bull,5.0,20.0,1.0,731.0,18.0,1594.0,240.0,2.0,2.0,7.0,7.33,1.0,7.5,-0.33,20.46,46.78,58.17,0,0.5
2023,20,piastri,10.0,70519.0,70330.0,,14,interlagos,mclaren,7.0,8.0,4.0,256.0,0.0,,87.0,9.0,0.0,5.0,5.0,3.0,1.5,0.0,20.46,46.78,58.17,0,0.5
2023,20,ricciardo,17.0,70843.0,,,13,interlagos,alphatauri,4.0,7.0,8.0,16.0,0.0,,6.0,17.0,0.0,12.67,12.75,0.0,-0.33,-0.08,20.46,46.78,58.17,0,0.5
2023,20,russell,6.0,70340.0,70316.0,71590.0,15,interlagos,mercedes,8.0,6.0,2.0,371.0,0.0,863.0,151.0,8.0,0.0,5.0,7.6,2.0,0.0,-2.6,20.46,46.78,58.17,0,0.5
2023,20,sainz,8.0,70624.0,70254.0,71989.0,6,interlagos,ferrari,2.0,4.0,3.0,349.0,1.0,1262.0,183.0,4.0,1.0,3.5,3.5,1.0,-0.5,0.0,20.46,46.78,58.17,0,0.5
2023,20,sargeant,19.0,71035.0,,,11,interlagos,williams,19.0,16.0,7.0,28.0,0.0,,1.0,21.0,0.0,13.0,13.33,4.0,4.5,-0.33,20.46,46.78,58.17,0,0.5
2023,20,stroll,3.0,70551.0,70375.0,71344.0,5,interlagos,aston_martin,0.0,17.0,5.0,236.0,0.0,617.0,53.0,11.0,0.0,11.67,11.67,3.0,0.33,0.0,20.46,46.78,58.17,0,0.5
2023,20,tsunoda,16.0,70837.0,,,9,interlagos,alphatauri,18.0,12.0,8.0,16.0,0.0,,8.0,16.0,0.0,11.67,11.75,1.0,1.67,-0.08,20.46,46.78,58.17,0,0.5
2023,20,zhou,20.0,71275.0,,,17,interlagos,alfa,10.0,14.0,9.0,16.0,0.0,,6.0,18.0,0.0,12.0,12.2,2.0,1.67,-0.2,20.46,46.78,58.17,0,0.5
2023,21,albon,6.0,94634.0,93588.0,93323.0,12,vegas,williams,13.0,19.0,7.0,28.0,0.0,597.0,27.0,13.0,0.0,9.0,10.33,3.0,5.5,-1.33,18.05,17.99,47.36,0,0.0
2023,21,alonso,10.0,94422.0,93617.0,93555.0,9,vegas,aston_martin,4.0,3.0,5.0,261.0,0.0,829.0,198.0,4.0,0.0,3.0,5.67,1.0,1.0,-2.67,18.05,17.99,47.36,0,0.0
2023,21,bottas,8.0,94305.0,93809.0,93525.0,17,vegas,alfa,18.0,16.0,9.0,16.0,0.0,799.0,10.0,15.0,0.0,13.5,11.67,2.0,-2.5,1.83,18.05,17.99,47.36,0,0.0
2023,21,gasly,5.0,94272.0,93494.0,93239.0,11,vegas,alpine,15.0,7.0,6.0,108.0,0.0,513.0,62.0,11.0,0.0,8.0,9.2,1.0,3.0,-1.2,18.05,17.99,47.36,0,0.0
2023,21,hamilton,11.0,94307.0,93837.0,,7,vegas,mercedes,5.0,8.0,2.0,382.0,0.0,,226.0,3.0,0.0,9.67,8.5,1.0,-5.0,1.17,18.05,17.99,47.36,0,0.0
2023,21,hulkenberg,13.0,94265.0,93979.0,,19,vegas,haas,11.0,12.0,10.0,12.0,0.0,,9.0,16.0,0.0,12.0,13.2,1.0,1.67,-1.2,18.05,17.99,47.36,0,0.0
2023,21,kevin_magnussen,9.0,94337.0,93664.0,93537.0,13,vegas,haas,12.0,18.0,10.0,12.0,0.0,811.0,3.0,19.0,0.0,14.0,14.33,2.0,3.0,-0.33,18.05,17.99,47.36,0,0.0
2023,21,leclerc,1.0,93617.0,92775.0,92726.0,2,vegas,ferrari,2.0,20.0,3.0,362.0,1.0,0.0,170.0,7.0,0.0,11.5,8.0,3.0,-10.5,3.5,18.05,17.99,47.36,0,0.0
2023,21,max_verstappen,3.0,94190.0,93572.0,93104.0,1,vegas,red_bull,1.0,1.0,1.0,782.0,19.0,378.0,524.0,1.0,17.0,1.0,1.0,0.0,2.33,0.0,18.05,17.99,47.36,0,0.0
2023,21,norris,16.0,94703.0,,,20,vegas,mclaren,6.0,2.0,4.0,282.0,0.0,,195.0,5.0,0.0,3.0,2.8,0.0,5.33,0.2,18.05,17.99,47.36,0,0.0
2023,21,ocon,17.0,94834.0,,,4,vegas,alpine,14.0,10.0,6.0,108.0,0.0,,46.0,12.0,0.0,10.0,9.0,6.0,4.5,1.0,18.05,17.99,47.36,0,0.0
2023,21,perez,12.0,94574.0,93855.0,,3,vegas,red_bull,9.0,4.0,1.0,782.0,19.0,,258.0,2.0,2.0,4.0,6.0,2.0,5.0,-2.0,18.05,17.99,47.36,0,0.0
2023,21,piastri,19.0,94850.0,,,10,vegas,mclaren,10.0,14.0,4.0,282.0,0.0,,87.0,9.0,0.0,11.0,6.75,3.0,-2.5,4.25,18.05,17.99,47.36,0,0.0
2023,21,ricciardo,15.0,94683.0,94308.0,,14,vegas,alphatauri,17.0,13.0,8.0,21.0,0.0,,6.0,17.0,0.0,11.67,12.8,0.0,0.0,-1.13,18.05,17.99,47.36,0,0.0
2023,21,russell,4.0,94137.0,93351.0,93112.0,8,vegas,mercedes,8.0,15.0,2.0,382.0,0.0,386.0,156.0,8.0,0.0,5.5,5.5,2.0,1.0,0.0,18.05,17.99,47.36,0,0.0
2023,21,sainz,2.0,93851.0,93338.0,92770.0,6,vegas,ferrari,7.0,6.0,3.0,362.0,1.0,44.0,192.0,6.0,1.0,4.33,4.75,1.0,0.0,-0.42,18.05,17.99,47.36,0,0.0
2023,21,sargeant,7.0,94525.0,93733.0,93513.0,16,vegas,williams,19.0,11.0,7.0,28.0,0.0,787.0,1.0,21.0,0.0,12.33,12.33,4.0,5.67,0.0,18.05,17.99,47.36,0,0.0
2023,21,stroll,14.0,94504.0,94199.0,,5,vegas,aston_martin,3.0,5.0,5.0,261.0,0.0,,63.0,10.0,0.0,9.67,10.0,3.0,-2.0,-0.33,18.05,17.99,47.36,0,0.0
2023,21,tsunoda,20.0,96447.0,,,18,vegas,alphatauri,16.0,9.0,8.0,21.0,0.0,,13.0,14.0,0.0,9.67,11.2,1.0,5.33,-1.53,18.05,17.99,47.36,0,0.0
2023,21,zhou,18.0,94849.0,,,15,vegas,alfa,20.0,17.0,9.0,16.0,0.0,,6.0,18.0,0.0,13.5,12.25,2.0,-2.5,1.25,18.05,17.99,47.36,0,0.0
2023,22,albon,14.0,84298.0,84439.0,,14,yas_marina,williams,5.0,12.0,7.0,28.0,0.0,,27.0,13.0,0.0,10.5,10.75,4.0,-1.0,-0.25,26.96,33.46,51.0,0,0.0
2023,22,alonso,7.0,84501.0,84131.0,84084.0,7,yas_marina,aston_martin,9.0,9.0,5.0,273.0,0.0,639.0,200.0,5.0,0.0,6.0,6.0,1.0,0.5,0.0,26.96,33.46,51.0,0,0.0
2023,22,bottas,18.0,84788.0,,,19,yas_marina,alfa,7.0,17.0,9.0,16.0,0.0,,10.0,15.0,0.0,16.0,13.0,3.0,-8.0,3.0,26.96,33.46,51.0,0,0.0
2023,22,gasly,10.0,84600.0,84078.0,84548.0,13,yas_marina,alpine,4.0,11.0,6.0,120.0,0.0,1103.0,62.0,11.0,0.0,9.67,9.4,1.0,0.33,0.27,26.96,33.46,51.0,0,0.0
2023,22,hamilton,11.0,84437.0,84359.0,,9,yas_marina,mercedes,10.0,7.0,2.0,392.0,0.0,,232.0,3.0,0.0,5.67,9.0,1.0,1.33,-3.33,26.96,33.46,51.0,0,0.0
2023,22,hulkenberg,8.0,84425.0,84213.0,84108.0,15,yas_marina,haas,13.0,19.0,10.0,12.0,0.0,663.0,9.0,16.0,0.0,14.67,14.2,1.0,-2.67,0.47,26.96,33.46,51.0,0,0.0
2023,22,kevin_magnussen,17.0,84764.0,,,20,yas_marina,haas,8.0,13.0,10.0,12.0,0.0,,3.0,19.0,0.0,13.0,13.67,3.0,-5.0,-0.67,26.96,33.46,51.0,0,0.0
2023,22,leclerc,2.0,84459.0,83969.0,83584.0,2,yas_marina,ferrari,1.0,2.0,3.0,388.0,1.0,139.0,188.0,7.0,0.0,2.5,7.5,3.0,-1.5,-5.0,26.96,33.46,51.0,0,0.0
2023,22,max_verstappen,1.0,84160.0,83740.0,83445.0,1,yas_marina,red_bull,2.0,1.0,1.0,822.0,20.0,0.0,549.0,1.0,18.0,1.0,1.0,0.0,1.0,0.0,26.96,33.46,51.0,0,0.0
2023,22,norris,5.0,84368.0,83920.0,83816.0,5,yas_marina,mclaren,15.0,20.0,4.0,284.0,0.0,371.0,195.0,6.0,0.0,3.5,3.0,0.0,8.0,0.5,26.96,33.46,51.0,0,0.0
2023,22,ocon,12.0,84565.0,84391.0,,12,yas_marina,alpine,16.0,4.0,6.0,120.0,0.0,,58.0,12.0,0.0,8.0,7.75,6.0,7.0,0.25,26.96,33.46,51.0,0,0.0
2023,22,perez,9.0,84209.0,84116.0,84171.0,4,yas_marina,red_bull,11.0,3.0,1.0,822.0,20.0,726.0,273.0,2.0,2.0,3.5,5.25,2.0,6.5,-1.75,26.96,33.46,51.0,0,0.0
2023,22,piastri,3.0,84487.0,84278.0,83782.0,6,yas_marina,mclaren,18.0,10.0,4.0,284.0,0.0,337.0,89.0,9.0,0.0,10.67,8.5,3.0,1.0,2.17,26.96,33.46,51.0,0,0.0
2023,22,ricciardo,15.0,84461.0,84442.0,,11,yas_marina,alphatauri,14.0,14.0,8.0,21.0,0.0,,6.0,17.0,0.0,11.33,13.0,0.0,0.33,-1.67,26.96,33.46,51.0,0,0.0
2023,22,russell,4.0,84337.0,84013.0,83788.0,3,yas_marina,mercedes,3.0,8.0,2.0,392.0,0.0,343.0,160.0,8.0,0.0,7.0,5.75,3.0,-1.5,1.25,26.96,33.46,51.0,0,0.0
2023,22,sainz,16.0,84738.0,,,18,yas_marina,ferrari,12.0,6.0,3.0,388.0,1.0,,200.0,4.0,1.0,5.33,4.75,1.0,1.67,0.58,26.96,33.46,51.0,0,0.0
2023,22,sargeant,20.0,,,,16,yas_marina,williams,6.0,16.0,7.0,28.0,0.0,,1.0,21.0,0.0,14.33,13.25,4.0,0.33,1.08,26.96,33.46,51.0,0,0.0
2023,22,stroll,13.0,84405.0,84422.0,,10,yas_marina,aston_martin,19.0,5.0,5.0,273.0,0.0,,73.0,10.0,0.0,9.0,9.0,3.0,-1.67,0.0,26.96,33.46,51.0,0,0.0
2023,22,tsunoda,6.0,84286.0,84207.0,83968.0,8,yas_marina,alphatauri,20.0,18.0,8.0,21.0,0.0,523.0,13.0,14.0,0.0,13.0,12.4,1.0,5.0,0.6,26.96,33.46,51.0,0,0.0
2023,22,zhou,19.0,85159.0,,,17,yas_marina,alfa,17.0,15.0,9.0,16.0,0.0,,6.0,18.0,0.0,14.5,12.75,3.0,-1.0,1.75,26.96,33.46,51.0,0,0.0
2024,1,albon,13.0,90397.0,90221.0,,15,bahrain,williams,,,,,,,,,,,,,,,18.23,23.65,48.82,0,0.0
2024,1,alonso,6.0,90179.0,89801.0,89542.0,9,bahrain,aston_martin,,,,,,363.0,,,,,,,,,18.23,23.65,48.82,0,0.0
2024,1,bottas,16.0,90756.0,,,19,bahrain,sauber,,,,,,,,,,,,,,,18.23,23.65,48.82,0,0.0
2024,1,gasly,20.0,90948.0,,,18,bahrain,alpine,,,,,,,,,,,,,,,18.23,23.65,48.82,0,0.0
2024,1,hamilton,9.0,90451.0,89718.0,89710.0,7,bahrain,mercedes,,,,,,531.0,,,,,,,,,18.23,23.65,48.82,0,0.0
2024,1,hulkenberg,10.0,90566.0,89851.0,90502.0,16,bahrain,haas,,,,,,1323.0,,,,,,,,,18.23,23.65,48.82,0,0.0
2024,1,kevin_magnussen,15.0,90646.0,90529.0,,12,bahrain,haas,,,,,,,,,,,,,,,18.23,23.65,48.82,0,0.0
2024,1,leclerc,2.0,90243.0,89165.0,89407.0,4,bahrain,ferrari,,,,,,228.0,,,,,,,,,18.23,23.65,48.82,0,0.0
2024,1,max_verstappen,1.0,90031.0,89374.0,89179.0,1,bahrain,red_bull,,,,,,0.0,,,,,,,,,18.23,23.65,48.82,0,0.0
2024,1,norris,7.0,90143.0,89941.0,89614.0,6,bahrain,mclaren,,,,,,435.0,,,,,,,,,18.23,23.65,48.82,0,0.0
2024,1,ocon,19.0,90793.0,,,17,bahrain,alpine,,,,,,,,,,,,,,,18.23,23.65,48.82,0,0.0
2024,1,perez,5.0,90221.0,89932.0,89537.0,2,bahrain,red_bull,,,,,,358.0,,,,,,,,,18.23,23.65,48.82,0,0.0
2024,1,piastri,8.0,90531.0,90122.0,89683.0,8,bahrain,mclaren,,,,,,504.0,,,,,,,,,18.23,23.65,48.82,0,0.0
2024,1,ricciardo,14.0,90562.0,90278.0,,13,bahrain,rb,,,,,,,,,,,,,,,18.23,23.65,48.82,0,0.0
2024,1,russell,3.0,90350.0,89922.0,89485.0,5,bahrain,mercedes,,,,,,306.0,,,,,,,,,18.23,23.65,48.82,0,0.0
2024,1,sainz,4.0,89909.0,89573.0,89507.0,3,bahrain,ferrari,,,,,,328.0,,,,,,,,,18.23,23.65,48.82,0,0.0
2024,1,sargeant,18.0,90770.0,,,20,bahrain,williams,,,,,,,,,,,,,,,18.23,23.65,48.82,0,0.0
2024,1,stroll,12.0,89965.0,90200.0,,10,bahrain,aston_martin,,,,,,,,,,,,,,,18.23,23.65,48.82,0,0.0
2024,1,tsunoda,11.0,90481.0,90129.0,,14,bahrain,rb,,,,,,,,,,,,,,,18.23,23.65,48.82,0,0.0
2024,1,zhou,17.0,90757.0,,,11,bahrain,sauber,,,,,,,,,,,,,,,18.23,23.65,48.82,0,0.0
2024,2,albon,12.0,89107.0,88980.0,,11,jeddah,williams,13.0,15.0,9.0,0.0,0.0,,0.0,15.0,0.0,15.0,15.0,0.0,-2.0,0.0,25.53,31.59,62.34,0,0.0
2024,2,alonso,4.0,88706.0,88122.0,87846.0,5,jeddah,aston_martin,6.0,9.0,5.0,3.0,0.0,374.0,2.0,9.0,0.0,9.0,9.0,0.0,-3.0,0.0,25.53,31.59,62.34,0,0.0
2024,2,bearman,11.0,88984.0,88642.0,,7,jeddah,ferrari,,,2.0,27.0,0.0,,,,,,,,,,25.53,31.59,62.34,0,0.0
2024,2,bottas,16.0,89179.0,,,17,jeddah,sauber,16.0,19.0,6.0,0.0,0.0,,0.0,19.0,0.0,19.0,19.0,0.0,-3.0,0.0,25.53,31.59,62.34,0,0.0
2024,2,gasly,18.0,89479.0,,,20,jeddah,alpine,20.0,18.0,10.0,0.0,0.0,,0.0,18.0,0.0,18.0,18.0,0.0,2.0,0.0,25.53,31.59,62.34,0,0.0
2024,2,hamilton,8.0,88994.0,88606.0,88460.0,9,jeddah,mercedes,9.0,7.0,3.0,16.0,0.0,988.0,6.0,7.0,0.0,7.0,7.0,0.0,2.0,0.0,25.53,31.59,62.34,0,0.0
2024,2,hulkenberg,15.0,89055.0,,,10,jeddah,haas,10.0,16.0,7.0,0.0,0.0,,0.0,16.0,0.0,16.0,16.0,0.0,-6.0,0.0,25.53,31.59,62.34,0,0.0
2024,2,kevin_magnussen,13.0,89069.0,89020.0,,12,jeddah,haas,15.0,12.0,7.0,0.0,0.0,,0.0,12.0,0.0,12.0,12.0,0.0,3.0,0.0,25.53,31.59,62.34,0,0.0
2024,2,leclerc,2.0,88318.0,88112.0,87791.0,3,jeddah,ferrari,2.0,4.0,2.0,27.0,0.0,319.0,12.0,4.0,0.0,4.0,4.0,0.0,-2.0,0.0,25.53,31.59,62.34,0,0.0
2024,2,max_verstappen,1.0,88171.0,88033.0,87472.0,1,jeddah,red_bull,1.0,1.0,1.0,44.0,1.0,0.0,26.0,1.0,1.0,1.0,1.0,0.0,0.0,0.0,25.53,31.59,62.34,0,0.0
2024,2,norris,6.0,88805.0,88479.0,88132.0,8,jeddah,mclaren,7.0,6.0,4.0,12.0,0.0,660.0,8.0,6.0,0.0,6.0,6.0,0.0,1.0,0.0,25.53,31.59,62.34,0,0.0
2024,2,ocon,17.0,89475.0,,,13,jeddah,alpine,19.0,17.0,10.0,0.0,0.0,,0.0,17.0,0.0,17.0,17.0,0.0,2.0,0.0,25.53,31.59,62.34,0,0.0
2024,2,perez,3.0,88638.0,88467.0,87807.0,2,jeddah,red_bull,5.0,2.0,1.0,44.0,1.0,335.0,18.0,2.0,0.0,2.0,2.0,0.0,3.0,0.0,25.53,31.59,62.34,0,0.0
2024,2,piastri,5.0,88755.0,88343.0,88089.0,4,jeddah,mclaren,8.0,8.0,4.0,12.0,0.0,617.0,4.0,8.0,0.0,8.0,8.0,0.0,0.0,0.0,25.53,31.59,62.34,0,0.0
2024,2,ricciardo,14.0,89065.0,89025.0,,16,jeddah,rb,14.0,13.0,8.0,0.0,0.0,,0.0,13.0,0.0,13.0,13.0,0.0,1.0,0.0,25.53,31.59,62.34,0,0.0
2024,2,russell,7.0,88749.0,88448.0,88316.0,6,jeddah,mercedes,3.0,5.0,3.0,16.0,0.0,844.0,10.0,5.0,0.0,5.0,5.0,0.0,-2.0,0.0,25.53,31.59,62.34,0,0.0
2024,2,sargeant,19.0,89526.0,,,14,jeddah,williams,18.0,20.0,9.0,0.0,0.0,,0.0,20.0,0.0,20.0,20.0,0.0,-2.0,0.0,25.53,31.59,62.34,0,0.0
2024,2,stroll,10.0,88250.0,88578.0,88572.0,19,jeddah,aston_martin,12.0,10.0,5.0,3.0,0.0,1100.0,1.0,10.0,0.0,10.0,10.0,0.0,2.0,0.0,25.53,31.59,62.34,0,0.0
2024,2,tsunoda,9.0,88988.0,88564.0,88547.0,15,jeddah,rb,11.0,14.0,8.0,0.0,0.0,1075.0,0.0,14.0,0.0,14.0,14.0,0.0,-3.0,0.0,25.53,31.59,62.34,0,0.0
2024,2,zhou,20.0,,,,18,jeddah,sauber,17.0,11.0,6.0,0.0,0.0,,0.0,11.0,0.0,11.0,11.0,0.0,6.0,0.0,25.53,31.59,62.34,0,0.0
2024,3,albon,12.0,77130.0,77167.0,,11,albert_park,williams,12.0,11.0,7.0,0.0,0.0,,0.0,13.0,0.0,13.0,13.0,0.0,-0.5,0.0,20.62,38.4,44.45,0,0.0
2024,3,alonso,10.0,76991.0,76710.0,77552.0,8,albert_park,aston_martin,4.0,5.0,5.0,13.0,0.0,1637.0,12.0,7.0,0.0,7.0,7.0,0.0,-2.0,0.0,20.62,38.4,44.45,0,0.0
2024,3,bottas,13.0,77543.0,77340.0,,14,albert_park,sauber,16.0,17.0,8.0,0.0,0.0,,0.0,20.0,0.0,18.0,18.0,0.0,-2.0,0.0,20.62,38.4,44.45,0,0.0
2024,3,gasly,17.0,77982.0,,,13,albert_park,alpine,18.0,20.0,10.0,0.0,0.0,,0.0,21.0,0.0,18.0,18.0,0.0,2.0,0.0,20.62,38.4,44.45,0,0.0
2024,3,hamilton,11.0,77499.0,76960.0,,18,albert_park,mercedes,8.0,9.0,4.0,26.0,0.0,,8.0,9.0,0.0,8.0,8.0,0.0,0.5,0.0,20.62,38.4,44.45,0,0.0
2024,3,hulkenberg,16.0,77976.0,,,9,albert_park,haas,15.0,10.0,6.0,1.0,0.0,,1.0,11.0,0.0,13.0,13.0,0.0,-0.5,0.0,20.62,38.4,44.45,0,0.0
2024,3,kevin_magnussen,14.0,77709.0,77427.0,,10,albert_park,haas,13.0,12.0,6.0,1.0,0.0,,0.0,15.0,0.0,12.0,12.0,0.0,2.0,0.0,20.62,38.4,44.45,0,0.0
2024,3,leclerc,5.0,76984.0,76304.0,76435.0,2,albert_park,ferrari,2.0,3.0,2.0,49.0,0.0,520.0,28.0,3.0,0.0,3.5,3.5,0.0,-1.5,0.0,20.62,38.4,44.45,0,0.0
2024,3,max_verstappen,1.0,76819.0,76387.0,75915.0,19,albert_park,red_bull,1.0,1.0,1.0,87.0,2.0,0.0,51.0,1.0,2.0,1.0,1.0,0.0,0.0,0.0,20.62,38.4,44.45,0,0.0
2024,3,norris,4.0,77430.0,76750.0,76315.0,3,albert_park,mclaren,6.0,8.0,3.0,28.0,0.0,400.0,12.0,8.0,0.0,7.0,7.0,0.0,-0.5,0.0,20.62,38.4,44.45,0,0.0
2024,3,ocon,15.0,77617.0,77697.0,,16,albert_park,alpine,17.0,13.0,10.0,0.0,0.0,,0.0,17.0,0.0,15.0,15.0,0.0,3.0,0.0,20.62,38.4,44.45,0,0.0
2024,3,perez,3.0,76805.0,76631.0,76274.0,5,albert_park,red_bull,3.0,2.0,1.0,87.0,2.0,359.0,36.0,2.0,0.0,2.0,2.0,0.0,2.0,0.0,20.62,38.4,44.45,0,0.0
2024,3,piastri,6.0,77369.0,76601.0,76572.0,4,albert_park,mclaren,5.0,4.0,3.0,28.0,0.0,657.0,16.0,5.0,0.0,6.0,6.0,0.0,0.5,0.0,20.62,38.4,44.45,0,0.0
2024,3,ricciardo,18.0,78085.0,,,12,albert_park,rb,14.0,16.0,9.0,0.0,0.0,,0.0,16.0,0.0,14.5,14.5,0.0,-0.5,0.0,20.62,38.4,44.45,0,0.0
2024,3,russell,7.0,77062.0,76901.0,76724.0,17,albert_park,mercedes,7.0,6.0,4.0,26.0,0.0,809.0,18.0,4.0,0.0,5.5,5.5,0.0,-0.5,0.0,20.62,38.4,44.45,0,0.0
2024,3,sainz,2.0,76731.0,76189.0,76185.0,1,albert_park,ferrari,,,2.0,49.0,0.0,270.0,15.0,6.0,0.0,3.0,3.0,0.0,1.0,0.0,20.62,38.4,44.45,0,0.0
2024,3,stroll,9.0,77376.0,76780.0,77072.0,6,albert_park,aston_martin,10.0,19.0,5.0,13.0,0.0,1157.0,1.0,12.0,0.0,10.0,10.0,0.0,2.0,0.0,20.62,38.4,44.45,0,0.0
2024,3,tsunoda,8.0,77356.0,76791.0,76788.0,7,albert_park,rb,9.0,15.0,9.0,0.0,0.0,873.0,0.0,18.0,0.0,14.5,14.5,0.0,-4.5,0.0,20.62,38.4,44.45,0,0.0
2024,3,zhou,19.0,78188.0,,,15,albert_park,sauber,20.0,18.0,8.0,0.0,0.0,,0.0,14.0,0.0,14.5,14.5,0.0,4.0,0.0,20.62,38.4,44.45,0,0.0
2024,4,albon,14.0,89963.0,89714.0,,20,suzuka,williams,12.0,11.0,8.0,0.0,0.0,,0.0,15.0,0.0,12.33,12.33,0.0,0.0,0.0,21.69,37.5,43.43,0,0.0
2024,4,alonso,5.0,89254.0,89082.0,88686.0,6,suzuka,aston_martin,10.0,8.0,5.0,25.0,0.0,489.0,16.0,8.0,0.0,7.33,7.33,0.0,-0.67,0.0,21.69,37.5,43.43,0,0.0
2024,4,bottas,13.0,89602.0,89593.0,,14,suzuka,sauber,13.0,14.0,9.0,0.0,0.0,,0.0,20.0,0.0,16.67,16.67,0.0,-1.67,0.0,21.69,37.5,43.43,0,0.0
2024,4,gasly,17.0,90119.0,,,16,suzuka,alpine,17.0,13.0,10.0,0.0,0.0,,0.0,19.0,0.0,15.5,15.5,1.0,3.0,0.0,21.69,37.5,43.43,0,0.0
2024,4,hamilton,7.0,89661.0,88887.0,88766.0,9,suzuka,mercedes,11.0,18.0,4.0,26.0,0.0,569.0,8.0,10.0,0.0,8.0,8.0,0.0,0.5,0.0,21.69,37.5,43.43,0,0.0
2024,4,hulkenberg,12.0,89821.0,89494.0,,11,suzuka,haas,16.0,9.0,7.0,4.0,0.0,,3.0,13.0,0.0,11.67,11.67,0.0,2.0,0.0,21.69,37.5,43.43,0,0.0
2024,4,kevin_magnussen,18.0,90131.0,,,13,suzuka,haas,14.0,10.0,7.0,4.0,0.0,,1.0,14.0,0.0,11.33,11.33,0.0,2.67,0.0,21.69,37.5,43.43,0,0.0
2024,4,leclerc,8.0,89338.0,89196.0,88786.0,4,suzuka,ferrari,4.0,2.0,2.0,93.0,1.0,589.0,47.0,2.0,0.0,3.0,3.0,0.0,-0.33,0.0,21.69,37.5,43.43,0,0.0
2024,4,max_verstappen,1.0,88866.0,88740.0,88197.0,1,suzuka,red_bull,1.0,19.0,1.0,97.0,2.0,0.0,51.0,1.0,2.0,1.0,1.0,0.0,0.0,0.0,21.69,37.5,43.43,0,0.0
2024,4,norris,3.0,89536.0,88940.0,88489.0,5,suzuka,mclaren,3.0,3.0,3.0,55.0,0.0,292.0,27.0,6.0,0.0,5.67,5.67,0.0,-0.33,0.0,21.69,37.5,43.43,0,0.0
2024,4,ocon,15.0,89811.0,89816.0,,15,suzuka,alpine,15.0,16.0,10.0,0.0,0.0,,0.0,18.0,0.0,15.33,15.33,0.0,1.67,0.0,21.69,37.5,43.43,0,0.0
2024,4,perez,2.0,89303.0,88752.0,88263.0,2,suzuka,red_bull,6.0,5.0,1.0,97.0,2.0,66.0,46.0,3.0,0.0,3.0,3.0,0.0,1.67,0.0,21.69,37.5,43.43,0,0.0
2024,4,piastri,6.0,89425.0,89148.0,88760.0,8,suzuka,mclaren,5.0,4.0,3.0,55.0,0.0,563.0,28.0,5.0,0.0,5.33,5.33,0.0,0.67,0.0,21.69,37.5,43.43,0,0.0
2024,4,ricciardo,11.0,89727.0,89472.0,,19,suzuka,rb,18.0,12.0,6.0,6.0,0.0,,0.0,17.0,0.0,13.67,13.67,0.0,1.67,0.0,21.69,37.5,43.43,0,0.0
2024,4,russell,9.0,89799.0,89140.0,89008.0,7,suzuka,mercedes,7.0,17.0,4.0,26.0,0.0,811.0,18.0,7.0,0.0,9.33,9.33,0.0,-3.67,0.0,21.69,37.5,43.43,0,0.0
2024,4,sainz,4.0,89513.0,89099.0,88682.0,3,suzuka,ferrari,2.0,1.0,2.0,93.0,1.0,485.0,40.0,4.0,1.0,2.0,2.0,0.0,1.0,0.0,21.69,37.5,43.43,0,0.0
2024,4,sargeant,19.0,90139.0,,,17,suzuka,williams,,,8.0,0.0,0.0,,0.0,21.0,0.0,17.0,17.0,0.0,1.5,0.0,21.69,37.5,43.43,0,0.0
2024,4,stroll,16.0,90024.0,,,12,suzuka,aston_martin,9.0,6.0,5.0,25.0,0.0,,9.0,9.0,0.0,8.0,8.0,1.0,2.5,0.0,21.69,37.5,43.43,0,0.0
2024,4,tsunoda,10.0,89775.0,89417.0,89413.0,10,suzuka,rb,8.0,7.0,6.0,6.0,0.0,1216.0,6.0,11.0,0.0,12.0,12.0,0.0,-2.67,0.0,21.69,37.5,43.43,0,0.0
2024,4,zhou,20.0,90143.0,,,18,suzuka,sauber,19.0,15.0,9.0,0.0,0.0,,0.0,16.0,0.0,14.67,14.67,0.0,4.0,0.0,21.69,37.5,43.43,0,0.0
2024,5,albon,14.0,95384.0,95241.0,,12,shanghai,williams,14.0,20.0,8.0,0.0,0.0,,0.0,15.0,0.0,11.0,12.33,0.0,1.0,-1.33,18.64,29.79,66.06,0,0.0
2024,5,alonso,3.0,95116.0,94652.0,94148.0,7,shanghai,aston_martin,5.0,6.0,5.0,33.0,0.0,488.0,24.0,8.0,0.0,6.33,7.0,0.0,0.0,-0.67,18.64,29.79,66.06,0,0.0
2024,5,bottas,10.0,95169.0,94769.0,94665.0,20,shanghai,sauber,13.0,14.0,9.0,0.0,0.0,1005.0,0.0,20.0,0.0,15.0,16.0,0.0,-1.0,-1.0,18.64,29.79,66.06,0,0.0
2024,5,gasly,15.0,95287.0,95463.0,,13,shanghai,alpine,17.0,16.0,10.0,0.0,0.0,,0.0,19.0,0.0,14.5,15.67,1.0,2.5,-1.17,18.64,29.79,66.06,0,0.0
2024,5,hamilton,18.0,95573.0,,,9,shanghai,mercedes,7.0,9.0,4.0,34.0,0.0,,10.0,9.0,0.0,9.0,8.33,1.0,-1.5,0.67,18.64,29.79,66.06,0,0.0
2024,5,hulkenberg,9.0,95068.0,94667.0,94604.0,10,shanghai,haas,12.0,11.0,7.0,4.0,0.0,944.0,3.0,13.0,0.0,10.0,11.5,0.0,4.33,-1.5,18.64,29.79,66.06,0,0.0
2024,5,kevin_magnussen,17.0,95516.0,,,16,shanghai,haas,18.0,13.0,7.0,4.0,0.0,,1.0,14.0,0.0,11.67,11.75,0.0,3.33,-0.08,18.64,29.79,66.06,0,0.0
2024,5,leclerc,6.0,94797.0,94399.0,94289.0,4,shanghai,ferrari,8.0,4.0,2.0,120.0,1.0,629.0,59.0,3.0,0.0,3.0,3.25,0.0,1.67,-0.25,18.64,29.79,66.06,0,0.0
2024,5,max_verstappen,1.0,94742.0,93794.0,93660.0,1,shanghai,red_bull,1.0,1.0,1.0,141.0,3.0,0.0,77.0,1.0,3.0,1.0,1.0,1.0,0.0,0.0,18.64,29.79,66.06,0,0.0
2024,5,norris,4.0,94842.0,94460.0,94165.0,2,shanghai,mclaren,3.0,5.0,3.0,69.0,0.0,505.0,37.0,5.0,0.0,5.33,5.5,0.0,-1.33,-0.17,18.64,29.79,66.06,0,0.0
2024,5,ocon,13.0,95356.0,95223.0,,11,shanghai,alpine,15.0,15.0,10.0,0.0,0.0,,0.0,18.0,0.0,14.67,15.25,0.0,1.0,-0.58,18.64,29.79,66.06,0,0.0
2024,5,perez,2.0,95457.0,94026.0,93982.0,3,shanghai,red_bull,2.0,2.0,1.0,141.0,3.0,322.0,64.0,2.0,0.0,3.0,2.75,0.0,0.67,0.25,18.64,29.79,66.06,0,0.0
2024,5,piastri,5.0,95014.0,94659.0,94273.0,8,shanghai,mclaren,6.0,8.0,3.0,69.0,0.0,613.0,32.0,6.0,0.0,5.33,6.0,0.0,0.0,-0.67,18.64,29.79,66.06,0,0.0
2024,5,ricciardo,12.0,95443.0,94934.0,,18,shanghai,rb,11.0,19.0,6.0,7.0,0.0,,0.0,17.0,0.0,14.0,13.67,0.0,2.0,0.33,18.64,29.79,66.06,0,0.0
2024,5,russell,8.0,95084.0,94609.0,94433.0,6,shanghai,mercedes,9.0,7.0,4.0,34.0,0.0,773.0,24.0,7.0,0.0,10.0,8.75,0.0,-2.33,1.25,18.64,29.79,66.06,0,0.0
2024,5,sainz,7.0,94970.0,94368.0,94297.0,5,shanghai,ferrari,4.0,3.0,2.0,120.0,1.0,637.0,55.0,4.0,1.0,2.33,2.33,0.0,1.0,0.0,18.64,29.79,66.06,0,0.0
2024,5,sargeant,20.0,96358.0,,,17,shanghai,williams,19.0,17.0,8.0,0.0,0.0,,0.0,21.0,0.0,17.0,17.0,0.0,1.67,0.0,18.64,29.79,66.06,0,0.0
2024,5,stroll,11.0,95334.0,94838.0,,15,shanghai,aston_martin,16.0,12.0,5.0,33.0,0.0,,9.0,10.0,0.0,9.0,9.33,1.0,3.5,-0.33,18.64,29.79,66.06,0,0.0
2024,5,tsunoda,19.0,95746.0,,,19,shanghai,rb,10.0,10.0,6.0,7.0,0.0,,7.0,11.0,0.0,10.67,11.5,0.0,-1.67,-0.83,18.64,29.79,66.06,0,0.0
2024,5,zhou,16.0,95505.0,,,14,shanghai,sauber,20.0,18.0,9.0,0.0,0.0,,0.0,16.0,0.0,16.5,14.67,0.0,3.0,1.83,18.64,29.79,66.06,0,0.0
2024,6,albon,14.0,88343.0,88413.0,,18,miami,williams,14.0,12.0,8.0,0.0,0.0,,0.0,15.0,0.0,11.5,12.25,1.0,1.5,-0.75,28.52,44.66,59.01,0,0.0
2024,6,alonso,15.0,88453.0,88427.0,,9,miami,aston_martin,3.0,7.0,5.0,40.0,0.0,,31.0,8.0,0.0,7.0,7.0,0.0,-1.0,0.0,28.52,44.66,59.01,0,0.0
2024,6,bottas,16.0,88463.0,,,16,miami,sauber,10.0,20.0,10.0,0.0,0.0,,0.0,20.0,0.0,14.0,16.0,0.0,-1.0,-2.0,28.52,44.66,59.01,0,0.0
2024,6,gasly,12.0,87976.0,88324.0,,12,miami,alpine,15.0,13.0,9.0,0.0,0.0,,0.0,19.0,0.0,14.0,15.0,1.0,2.33,-1.0,28.52,44.66,59.01,0,0.0
2024,6,hamilton,8.0,88167.0,87697.0,88107.0,6,miami,mercedes,18.0,9.0,4.0,52.0,0.0,866.0,19.0,9.0,0.0,9.0,8.5,1.0,3.5,0.5,28.52,44.66,59.01,0,0.0
2024,6,hulkenberg,9.0,88383.0,88200.0,88146.0,11,miami,haas,9.0,10.0,7.0,5.0,0.0,905.0,4.0,13.0,0.0,10.0,11.2,0.0,2.33,-1.2,28.52,44.66,59.01,0,0.0
2024,6,kevin_magnussen,19.0,88619.0,,,19,miami,haas,17.0,16.0,7.0,5.0,0.0,,1.0,14.0,0.0,13.0,12.6,0.0,3.33,0.4,28.52,44.66,59.01,0,0.0
2024,6,leclerc,2.0,88081.0,87533.0,87382.0,3,miami,ferrari,6.0,4.0,2.0,151.0,1.0,141.0,76.0,3.0,0.0,3.33,3.4,0.0,2.67,-0.07,28.52,44.66,59.01,0,0.0
2024,6,max_verstappen,1.0,87689.0,87566.0,87241.0,2,miami,red_bull,1.0,1.0,1.0,195.0,4.0,0.0,110.0,1.0,4.0,1.0,1.0,1.0,0.0,0.0,28.52,44.66,59.01,0,0.0
2024,6,norris,5.0,87913.0,87871.0,87594.0,1,miami,mclaren,4.0,2.0,3.0,96.0,0.0,353.0,58.0,5.0,0.0,3.33,4.8,0.0,0.0,-1.47,28.52,44.66,59.01,0,0.0
2024,6,ocon,13.0,88209.0,88371.0,,10,miami,alpine,13.0,11.0,9.0,0.0,0.0,,0.0,16.0,0.0,14.0,14.4,0.0,0.33,-0.4,28.52,44.66,59.01,0,0.0
2024,6,perez,4.0,87772.0,87839.0,87460.0,4,miami,red_bull,2.0,3.0,1.0,195.0,4.0,219.0,85.0,2.0,0.0,3.33,2.8,0.0,0.0,0.53,28.52,44.66,59.01,0,0.0
2024,6,piastri,6.0,88032.0,87721.0,87675.0,13,miami,mclaren,5.0,8.0,3.0,96.0,0.0,434.0,38.0,6.0,0.0,6.67,6.4,0.0,-1.33,0.27,28.52,44.66,59.01,0,0.0
2024,6,ricciardo,18.0,88617.0,,,15,miami,rb,12.0,18.0,6.0,7.0,0.0,,0.0,18.0,0.0,12.0,13.67,1.0,6.0,-1.67,28.52,44.66,59.01,0,0.0
2024,6,russell,7.0,88159.0,88095.0,88067.0,8,miami,mercedes,8.0,6.0,4.0,52.0,0.0,826.0,33.0,7.0,0.0,10.0,8.2,0.0,-2.0,1.8,28.52,44.66,59.01,0,0.0
2024,6,sainz,3.0,87937.0,87941.0,87455.0,5,miami,ferrari,7.0,5.0,2.0,151.0,1.0,214.0,69.0,4.0,1.0,3.0,3.0,0.0,1.33,0.0,28.52,44.66,59.01,0,0.0
2024,6,sargeant,17.0,88487.0,,,20,miami,williams,20.0,17.0,8.0,0.0,0.0,,0.0,21.0,0.0,16.0,17.0,0.0,3.33,-1.0,28.52,44.66,59.01,0,0.0
2024,6,stroll,11.0,88177.0,88222.0,,17,miami,aston_martin,11.0,15.0,5.0,40.0,0.0,,9.0,10.0,0.0,11.0,10.75,1.0,1.0,0.25,28.52,44.66,59.01,0,0.0
2024,6,tsunoda,10.0,88324.0,88167.0,88192.0,7,miami,rb,19.0,19.0,6.0,7.0,0.0,951.0,7.0,11.0,0.0,8.5,11.5,0.0,0.5,-3.0,28.52,44.66,59.01,0,0.0
2024,6,zhou,20.0,88824.0,,,14,miami,sauber,16.0,14.0,10.0,0.0,0.0,,0.0,17.0,0.0,14.5,14.5,1.0,3.0,0.0,28.52,44.66,59.01,0,0.0
2024,7,albon,14.0,76524.0,76200.0,,20,imola,williams,14.0,18.0,9.0,0.0,0.0,,0.0,17.0,0.0,15.0,13.0,1.0,-1.0,2.0,25.11,42.02,48.43,0,0.0
2024,7,alonso,19.0,76917.0,,,19,imola,aston_martin,15.0,9.0,5.0,42.0,0.0,,33.0,8.0,0.0,7.33,7.0,0.0,0.33,0.33,25.11,42.02,48.43,0,0.0
2024,7,bottas,16.0,76626.0,,,18,imola,sauber,16.0,16.0,10.0,0.0,0.0,,0.0,20.0,0.0,15.0,15.25,1.0,-0.5,-0.25,25.11,42.02,48.43,0,0.0
2024,7,gasly,15.0,76015.0,76381.0,,16,imola,alpine,12.0,12.0,8.0,1.0,0.0,,0.0,19.0,0.0,13.67,13.5,1.0,1.0,0.17,25.11,42.02,48.43,0,0.0
2024,7,hamilton,8.0,76604.0,75677.0,75504.0,6,imola,mercedes,8.0,6.0,4.0,64.0,0.0,758.0,27.0,9.0,0.0,8.0,8.25,1.0,3.0,-0.25,25.11,42.02,48.43,0,0.0
2024,7,hulkenberg,10.0,75841.0,75569.0,75980.0,11,imola,haas,9.0,11.0,7.0,7.0,0.0,1234.0,6.0,13.0,0.0,10.67,10.2,0.0,-0.67,0.47,25.11,42.02,48.43,0,0.0
2024,7,kevin_magnussen,18.0,76854.0,,,12,imola,haas,18.0,19.0,7.0,7.0,0.0,,1.0,16.0,0.0,16.0,14.0,0.0,1.67,2.0,25.11,42.02,48.43,0,0.0
2024,7,leclerc,4.0,75823.0,75328.0,74970.0,3,imola,ferrari,2.0,3.0,2.0,187.0,1.0,224.0,98.0,3.0,0.0,3.67,3.2,0.0,1.67,0.47,25.11,42.02,48.43,0,0.0
2024,7,max_verstappen,1.0,75762.0,75176.0,74746.0,1,imola,red_bull,1.0,2.0,1.0,239.0,4.0,0.0,136.0,1.0,4.0,1.33,1.25,1.0,-0.33,0.08,25.11,42.02,48.43,0,0.0
2024,7,norris,3.0,75915.0,75371.0,74837.0,2,imola,mclaren,5.0,1.0,3.0,124.0,1.0,91.0,83.0,4.0,1.0,2.67,3.8,0.0,1.33,-1.13,25.11,42.02,48.43,0,0.0
2024,7,ocon,12.0,76361.0,75906.0,,14,imola,alpine,13.0,10.0,8.0,1.0,0.0,,1.0,15.0,0.0,12.0,13.0,0.0,1.67,-1.0,25.11,42.02,48.43,0,0.0
2024,7,perez,11.0,76404.0,75706.0,,8,imola,red_bull,4.0,4.0,1.0,239.0,4.0,,103.0,2.0,0.0,3.0,3.2,0.0,-0.33,-0.2,25.11,42.02,48.43,0,0.0
2024,7,piastri,2.0,75940.0,75407.0,74820.0,4,imola,mclaren,6.0,13.0,3.0,124.0,1.0,74.0,41.0,6.0,0.0,9.67,7.4,0.0,-4.0,2.27,25.11,42.02,48.43,0,0.0
2024,7,ricciardo,9.0,76060.0,75691.0,75674.0,13,imola,rb,20.0,15.0,6.0,19.0,0.0,928.0,5.0,14.0,0.0,15.0,14.33,2.0,5.0,0.67,25.11,42.02,48.43,0,0.0
2024,7,russell,6.0,76107.0,75671.0,75234.0,7,imola,mercedes,7.0,8.0,4.0,64.0,0.0,488.0,37.0,7.0,0.0,7.0,8.8,0.0,1.0,-1.8,25.11,42.02,48.43,0,0.0
2024,7,sainz,5.0,76015.0,75512.0,75233.0,5,imola,ferrari,3.0,5.0,2.0,187.0,1.0,487.0,83.0,5.0,1.0,4.33,3.4,0.0,0.33,0.93,25.11,42.02,48.43,0,0.0
2024,7,sargeant,20.0,,,,17,imola,williams,17.0,20.0,9.0,0.0,0.0,,0.0,21.0,0.0,17.0,17.0,0.0,2.5,0.0,25.11,42.02,48.43,0,0.0
2024,7,stroll,13.0,76458.0,75992.0,,9,imola,aston_martin,11.0,17.0,5.0,42.0,0.0,,9.0,11.0,0.0,14.67,12.5,1.0,-2.0,2.17,25.11,42.02,48.43,0,0.0
2024,7,tsunoda,7.0,75894.0,75358.0,75465.0,10,imola,rb,10.0,7.0,6.0,19.0,0.0,719.0,14.0,10.0,0.0,8.5,9.75,1.0,1.5,-1.25,25.11,42.02,48.43,0,0.0
2024,7,zhou,17.0,76834.0,,,15,imola,sauber,19.0,14.0,10.0,0.0,0.0,,0.0,18.0,0.0,14.0,15.25,1.0,3.5,-1.25,25.11,42.02,48.43,0,0.0
2024,8,albon,9.0,71623.0,71216.0,70948.0,9,monaco,williams,14.0,20.0,9.0,0.0,0.0,678.0,0.0,17.0,0.0,15.0,13.67,1.0,-1.0,1.33,21.6,46.32,63.99,0,0.0
2024,8,alonso,14.0,72019.0,,,11,monaco,aston_martin,20.0,19.0,5.0,44.0,0.0,,33.0,9.0,0.0,11.67,9.8,0.0,1.0,1.87,21.6,46.32,63.99,0,0.0
2024,8,bottas,17.0,72512.0,,,13,monaco,sauber,16.0,18.0,10.0,0.0,0.0,,0.0,20.0,0.0,17.0,15.5,1.0,-1.0,1.5,21.6,46.32,63.99,0,0.0
2024,8,gasly,10.0,71714.0,70896.0,71311.0,10,monaco,alpine,15.0,16.0,8.0,1.0,0.0,1041.0,0.0,19.0,0.0,13.67,14.0,1.0,0.33,-0.33,21.6,46.32,63.99,0,0.0
2024,8,hamilton,7.0,71528.0,71056.0,70621.0,7,monaco,mercedes,8.0,6.0,4.0,79.0,0.0,351.0,35.0,8.0,0.0,7.0,7.5,1.0,4.33,-0.5,21.6,46.32,63.99,0,0.0
2024,8,hulkenberg,14.0,71876.0,71440.0,,19,monaco,haas,10.0,11.0,7.0,7.0,0.0,,6.0,13.0,0.0,10.67,10.4,0.0,-1.33,0.27,21.6,46.32,63.99,0,0.0
2024,8,kevin_magnussen,15.0,71832.0,71725.0,,20,monaco,haas,18.0,12.0,7.0,7.0,0.0,,1.0,16.0,0.0,15.67,14.0,0.0,2.0,1.67,21.6,46.32,63.99,0,0.0
2024,8,leclerc,1.0,71584.0,70825.0,70270.0,1,monaco,ferrari,3.0,3.0,2.0,212.0,1.0,0.0,113.0,2.0,0.0,3.33,3.2,0.0,0.33,0.13,21.6,46.32,63.99,0,0.0
2024,8,max_verstappen,6.0,71711.0,70745.0,70567.0,6,monaco,red_bull,1.0,1.0,1.0,268.0,5.0,297.0,161.0,1.0,5.0,1.33,1.25,1.0,-0.33,0.08,21.6,46.32,63.99,0,0.0
2024,8,norris,4.0,71760.0,70732.0,70542.0,4,monaco,mclaren,2.0,2.0,3.0,154.0,1.0,272.0,101.0,4.0,1.0,1.67,2.6,0.0,2.0,-0.93,21.6,46.32,63.99,0,0.0
2024,8,ocon,11.0,71887.0,71285.0,,17,monaco,alpine,12.0,14.0,8.0,1.0,0.0,,1.0,15.0,0.0,11.67,13.2,0.0,1.0,-1.53,21.6,46.32,63.99,0,0.0
2024,8,perez,16.0,72060.0,,,18,monaco,red_bull,11.0,8.0,1.0,268.0,5.0,,107.0,3.0,0.0,5.0,4.4,0.0,0.67,0.6,21.6,46.32,63.99,0,0.0
2024,8,piastri,2.0,71500.0,70756.0,70424.0,2,monaco,mclaren,5.0,4.0,3.0,154.0,1.0,154.0,53.0,6.0,0.0,8.33,7.4,0.0,-3.0,0.93,21.6,46.32,63.99,0,0.0
2024,8,ricciardo,12.0,71785.0,71482.0,,12,monaco,rb,9.0,13.0,6.0,20.0,0.0,,5.0,14.0,0.0,14.0,13.33,2.0,0.5,0.67,21.6,46.32,63.99,0,0.0
2024,8,russell,5.0,71492.0,70929.0,70543.0,5,monaco,mercedes,6.0,7.0,4.0,79.0,0.0,273.0,44.0,7.0,0.0,7.0,9.0,0.0,0.0,-2.0,21.6,46.32,63.99,0,0.0
2024,8,sainz,3.0,71543.0,71075.0,70518.0,3,monaco,ferrari,4.0,5.0,2.0,212.0,1.0,248.0,93.0,5.0,1.0,5.0,3.8,0.0,-0.33,1.2,21.6,46.32,63.99,0,0.0
2024,8,sargeant,15.0,72020.0,,,15,monaco,williams,19.0,17.0,9.0,0.0,0.0,,0.0,21.0,0.0,17.0,16.25,1.0,2.5,0.75,21.6,46.32,63.99,0,0.0
2024,8,stroll,13.0,71728.0,71563.0,,14,monaco,aston_martin,13.0,9.0,5.0,44.0,0.0,,11.0,11.0,0.0,13.67,11.8,1.0,-2.0,1.87,21.6,46.32,63.99,0,0.0
2024,8,tsunoda,8.0,71852.0,71106.0,70858.0,8,monaco,rb,7.0,10.0,6.0,20.0,0.0,588.0,15.0,10.0,0.0,8.5,8.5,1.0,0.0,0.0,21.6,46.32,63.99,0,0.0
2024,8,zhou,18.0,73028.0,,,16,monaco,sauber,17.0,15.0,10.0,0.0,0.0,,0.0,18.0,0.0,14.33,14.5,1.0,3.0,-0.17,21.6,46.32,63.99,0,0.0
2024,9,albon,10.0,72896.0,72485.0,72796.0,17,villeneuve,williams,9.0,9.0,8.0,2.0,0.0,796.0,2.0,15.0,0.0,13.5,13.0,2.0,-2.0,0.5,17.8,24.57,73.38,0,27.4
2024,9,alonso,6.0,73117.0,72635.0,72228.0,6,villeneuve,aston_martin,14.0,11.0,5.0,44.0,0.0,228.0,33.0,9.0,0.0,13.0,10.4,0.0,3.33,2.6,17.8,24.57,73.38,0,27.4
2024,9,bottas,17.0,73366.0,,,13,villeneuve,sauber,17.0,13.0,10.0,0.0,0.0,,0.0,20.0,0.0,15.67,15.25,1.0,0.67,0.42,17.8,24.57,73.38,0,27.4
2024,9,gasly,15.0,73289.0,72940.0,,9,villeneuve,alpine,10.0,10.0,9.0,2.0,0.0,,1.0,18.0,0.0,12.67,13.4,1.0,-0.33,-0.73,17.8,24.57,73.38,0,27.4
2024,9,hamilton,7.0,72851.0,71979.0,72280.0,4,villeneuve,mercedes,7.0,7.0,4.0,96.0,0.0,280.0,42.0,8.0,0.0,6.33,7.4,1.0,1.33,-1.07,17.8,24.57,73.38,0,27.4
2024,9,hulkenberg,19.0,73978.0,,,11,villeneuve,haas,19.0,19.0,7.0,7.0,0.0,,6.0,13.0,0.0,11.0,10.75,0.0,-1.5,0.25,17.8,24.57,73.38,0,27.4
2024,9,kevin_magnussen,14.0,73217.0,72916.0,,12,villeneuve,haas,20.0,20.0,7.0,7.0,0.0,,1.0,17.0,0.0,15.5,15.0,0.0,2.5,0.5,17.8,24.57,73.38,0,27.4
2024,9,leclerc,11.0,73107.0,72691.0,,19,villeneuve,ferrari,1.0,1.0,2.0,252.0,2.0,,138.0,2.0,1.0,2.33,3.0,0.0,-0.33,-0.67,17.8,24.57,73.38,0,27.4
2024,9,max_verstappen,2.0,72360.0,72549.0,72000.0,1,villeneuve,red_bull,6.0,6.0,1.0,276.0,5.0,0.0,169.0,1.0,5.0,3.0,2.2,1.0,-0.33,0.8,17.8,24.57,73.38,0,27.4
2024,9,norris,3.0,72959.0,72201.0,72021.0,2,villeneuve,mclaren,4.0,4.0,3.0,184.0,1.0,21.0,113.0,3.0,1.0,2.33,2.8,0.0,1.33,-0.47,17.8,24.57,73.38,0,27.4
2024,9,ocon,18.0,73435.0,,,10,villeneuve,alpine,11.0,17.0,9.0,2.0,0.0,,1.0,16.0,0.0,12.0,12.5,0.0,0.5,-0.5,17.8,24.57,73.38,0,27.4
2024,9,perez,16.0,73326.0,,,18,villeneuve,red_bull,16.0,18.0,1.0,276.0,5.0,,107.0,5.0,0.0,6.0,4.25,0.0,1.5,1.75,17.8,24.57,73.38,0,27.4
2024,9,piastri,4.0,72907.0,72462.0,72103.0,5,villeneuve,mclaren,2.0,2.0,3.0,184.0,1.0,103.0,71.0,6.0,0.0,6.33,7.0,0.0,-2.0,-0.67,17.8,24.57,73.38,0,27.4
2024,9,ricciardo,5.0,73240.0,72572.0,72178.0,8,villeneuve,rb,12.0,12.0,6.0,24.0,0.0,178.0,5.0,14.0,0.0,13.33,13.33,2.0,0.33,0.0,17.8,24.57,73.38,0,27.4
2024,9,russell,1.0,73013.0,71742.0,72000.0,3,villeneuve,mercedes,5.0,5.0,4.0,96.0,0.0,0.0,54.0,7.0,0.0,6.67,6.6,0.0,-0.67,0.07,17.8,24.57,73.38,0,27.4
2024,9,sainz,12.0,73038.0,72728.0,,16,villeneuve,ferrari,3.0,3.0,2.0,252.0,2.0,,108.0,4.0,1.0,4.33,4.2,0.0,-1.0,0.13,17.8,24.57,73.38,0,27.4
2024,9,sargeant,13.0,73063.0,72736.0,,20,villeneuve,williams,15.0,15.0,8.0,2.0,0.0,,0.0,21.0,0.0,16.0,16.5,1.0,1.0,-0.5,17.8,24.57,73.38,0,27.4
2024,9,stroll,9.0,73088.0,72659.0,72701.0,7,villeneuve,aston_martin,13.0,14.0,5.0,44.0,0.0,701.0,11.0,11.0,0.0,13.33,13.4,1.0,-1.0,-0.07,17.8,24.57,73.38,0,27.4
2024,9,tsunoda,8.0,72748.0,72303.0,72414.0,14,villeneuve,rb,8.0,8.0,6.0,24.0,0.0,414.0,19.0,10.0,0.0,8.33,8.75,1.0,0.0,-0.42,17.8,24.57,73.38,0,27.4
2024,9,zhou,20.0,74292.0,,,15,villeneuve,sauber,18.0,16.0,10.0,0.0,0.0,,0.0,19.0,0.0,15.0,14.75,1.0,3.0,0.25,17.8,24.57,73.38,0,27.4
2024,10,albon,19.0,73153.0,,,18,catalunya,williams,10.0,17.0,9.0,2.0,0.0,,2.0,16.0,0.0,9.0,13.0,2.0,0.0,-4.0,24.13,41.1,63.44,0,0.6
2024,10,alonso,11.0,72505.0,72128.0,,12,catalunya,aston_martin,6.0,6.0,5.0,58.0,0.0,,41.0,9.0,0.0,12.0,10.4,0.0,1.33,1.6,24.13,41.1,63.44,0,0.6
2024,10,bottas,12.0,72758.0,72227.0,,16,catalunya,sauber,19.0,13.0,10.0,0.0,0.0,,0.0,20.0,0.0,14.67,15.0,1.0,2.67,-0.33,24.13,41.1,63.44,0,0.6
2024,10,gasly,7.0,72651.0,72079.0,71857.0,9,catalunya,alpine,15.0,9.0,8.0,5.0,0.0,474.0,3.0,15.0,0.0,11.67,12.0,1.0,1.67,-0.33,24.13,41.1,63.44,0,0.6
2024,10,hamilton,3.0,72143.0,71792.0,71701.0,3,catalunya,mercedes,7.0,4.0,4.0,124.0,0.0,318.0,55.0,8.0,0.0,5.67,6.4,1.0,1.67,-0.73,24.13,41.1,63.44,0,0.6
2024,10,hulkenberg,13.0,72708.0,72310.0,,11,catalunya,haas,17.0,11.0,7.0,7.0,0.0,,6.0,14.0,0.0,11.0,10.75,1.0,2.5,0.25,24.13,41.1,63.44,0,0.6
2024,10,kevin_magnussen,16.0,72937.0,,,17,catalunya,haas,14.0,12.0,7.0,7.0,0.0,,1.0,18.0,0.0,12.0,14.75,1.0,4.0,-2.75,24.13,41.1,63.44,0,0.6
2024,10,leclerc,5.0,72257.0,72038.0,71731.0,5,catalunya,ferrari,11.0,19.0,2.0,252.0,2.0,348.0,138.0,2.0,1.0,2.0,2.75,0.0,0.0,-0.75,24.13,41.1,63.44,0,0.6
2024,10,max_verstappen,2.0,72306.0,71653.0,71403.0,1,catalunya,red_bull,2.0,1.0,1.0,301.0,6.0,20.0,194.0,1.0,6.0,2.67,2.2,1.0,0.33,0.47,24.13,41.1,63.44,0,0.6
2024,10,norris,1.0,72386.0,71872.0,71383.0,2,catalunya,mclaren,3.0,2.0,3.0,212.0,1.0,0.0,131.0,3.0,1.0,2.67,2.2,0.0,0.33,0.47,24.13,41.1,63.44,0,0.6
2024,10,ocon,9.0,72691.0,72109.0,72125.0,10,catalunya,alpine,18.0,10.0,8.0,5.0,0.0,742.0,2.0,17.0,0.0,12.0,11.25,1.0,3.0,0.75,24.13,41.1,63.44,0,0.6
2024,10,perez,8.0,72477.0,72054.0,72061.0,8,catalunya,red_bull,16.0,18.0,1.0,301.0,6.0,678.0,107.0,5.0,0.0,8.0,5.0,1.0,3.0,3.0,24.13,41.1,63.44,0,0.6
2024,10,piastri,10.0,72460.0,72011.0,,7,catalunya,mclaren,4.0,5.0,3.0,212.0,1.0,,81.0,6.0,0.0,3.67,6.4,0.0,0.0,-2.73,24.13,41.1,63.44,0,0.6
2024,10,ricciardo,18.0,73075.0,,,15,catalunya,rb,5.0,8.0,6.0,28.0,0.0,,9.0,12.0,0.0,11.0,12.0,2.0,-2.33,-1.0,24.13,41.1,63.44,0,0.6
2024,10,russell,4.0,72456.0,71812.0,71703.0,4,catalunya,mercedes,1.0,3.0,4.0,124.0,0.0,320.0,69.0,7.0,0.0,5.0,5.8,0.0,-1.0,-0.8,24.13,41.1,63.44,0,0.6
2024,10,sainz,6.0,72403.0,71874.0,71736.0,6,catalunya,ferrari,12.0,16.0,2.0,252.0,2.0,353.0,108.0,4.0,1.0,4.0,4.5,0.0,-0.5,-0.5,24.13,41.1,63.44,0,0.6
2024,10,sargeant,20.0,73509.0,,,20,catalunya,williams,13.0,20.0,9.0,2.0,0.0,,0.0,21.0,0.0,16.0,16.33,1.0,1.0,-0.33,24.13,41.1,63.44,0,0.6
2024,10,stroll,14.0,72881.0,72372.0,,14,catalunya,aston_martin,9.0,7.0,5.0,58.0,0.0,,17.0,11.0,0.0,10.0,12.4,1.0,1.67,-2.4,24.13,41.1,63.44,0,0.6
2024,10,tsunoda,17.0,72985.0,,,19,catalunya,rb,8.0,14.0,6.0,28.0,0.0,,19.0,10.0,0.0,10.67,9.75,1.0,-3.0,0.92,24.13,41.1,63.44,0,0.6
2024,10,zhou,15.0,72880.0,72738.0,,13,catalunya,sauber,20.0,15.0,10.0,0.0,0.0,,0.0,19.0,0.0,15.33,14.8,1.0,3.0,0.53,24.13,41.1,63.44,0,0.6
2024,11,albon,16.0,65736.0,,,15,red_bull_ring,williams,20.0,18.0,9.0,2.0,0.0,,2.0,17.0,0.0,13.5,15.0,3.0,1.0,-1.5,29.43,46.42,35.01,0,0.7
2024,11,alonso,15.0,65656.0,65639.0,,18,red_bull_ring,aston_martin,10.0,12.0,5.0,58.0,0.0,,41.0,9.0,0.0,9.67,11.4,0.0,0.33,-1.73,29.43,46.42,35.01,0,0.7
2024,11,bottas,18.0,65847.0,,,16,red_bull_ring,sauber,12.0,16.0,10.0,0.0,0.0,,0.0,20.0,0.0,14.0,15.2,1.0,2.0,-1.2,29.43,46.42,35.01,0,0.7
2024,11,gasly,13.0,65598.0,65359.0,,10,red_bull_ring,alpine,7.0,9.0,7.0,8.0,0.0,,5.0,15.0,0.0,9.33,11.2,1.0,1.33,-1.87,29.43,46.42,35.01,0,0.7
2024,11,hamilton,5.0,65541.0,65053.0,64903.0,4,red_bull_ring,mercedes,3.0,3.0,4.0,151.0,0.0,589.0,70.0,8.0,0.0,4.67,5.2,1.0,1.0,-0.53,29.43,46.42,35.01,0,0.7
2024,11,hulkenberg,9.0,65596.0,65262.0,65385.0,6,red_bull_ring,haas,13.0,11.0,8.0,7.0,0.0,1071.0,6.0,14.0,0.0,11.0,11.0,1.0,4.0,0.0,29.43,46.42,35.01,0,0.7
2024,11,kevin_magnussen,12.0,65508.0,65347.0,,8,red_bull_ring,haas,16.0,17.0,8.0,7.0,0.0,,1.0,18.0,0.0,14.5,15.0,1.0,0.5,-0.5,29.43,46.42,35.01,0,0.7
2024,11,leclerc,6.0,65509.0,65104.0,65044.0,11,red_bull_ring,ferrari,5.0,5.0,2.0,270.0,2.0,730.0,148.0,3.0,1.0,3.0,3.0,1.0,0.0,0.0,29.43,46.42,35.01,0,0.7
2024,11,max_verstappen,1.0,65336.0,64469.0,64314.0,5,red_bull_ring,red_bull,2.0,1.0,1.0,330.0,7.0,0.0,219.0,1.0,7.0,2.67,2.2,1.0,0.67,0.47,29.43,46.42,35.01,0,0.7
2024,11,norris,2.0,65450.0,65103.0,64718.0,20,red_bull_ring,mclaren,1.0,2.0,3.0,237.0,1.0,404.0,150.0,2.0,1.0,2.67,2.2,0.0,0.0,0.47,29.43,46.42,35.01,0,0.7
2024,11,ocon,10.0,65574.0,65274.0,65883.0,12,red_bull_ring,alpine,8.0,10.0,7.0,8.0,0.0,1569.0,3.0,16.0,0.0,10.0,11.0,1.0,3.0,-1.0,29.43,46.42,35.01,0,0.7
2024,11,perez,8.0,65587.0,65144.0,65202.0,7,red_bull_ring,red_bull,11.0,8.0,1.0,330.0,7.0,888.0,111.0,5.0,0.0,8.0,6.67,2.0,3.0,1.33,29.43,46.42,35.01,0,0.7
2024,11,piastri,7.0,65311.0,65070.0,65048.0,2,red_bull_ring,mclaren,9.0,7.0,3.0,237.0,1.0,734.0,87.0,6.0,0.0,4.67,6.2,0.0,0.33,-1.53,29.43,46.42,35.01,0,0.7
2024,11,ricciardo,11.0,65569.0,65289.0,,9,red_bull_ring,rb,18.0,15.0,6.0,28.0,0.0,,9.0,12.0,0.0,11.67,12.6,2.0,0.0,-0.93,29.43,46.42,35.01,0,0.7
2024,11,russell,3.0,65585.0,65016.0,64840.0,1,red_bull_ring,mercedes,4.0,4.0,4.0,151.0,0.0,526.0,81.0,7.0,0.0,4.0,5.4,0.0,-0.67,-1.4,29.43,46.42,35.01,0,0.7
2024,11,sainz,4.0,65263.0,65016.0,64851.0,3,red_bull_ring,ferrari,6.0,6.0,2.0,270.0,2.0,537.0,116.0,4.0,1.0,4.5,4.75,1.0,0.0,-0.25,29.43,46.42,35.01,0,0.7
2024,11,sargeant,19.0,65856.0,,,19,red_bull_ring,williams,19.0,20.0,9.0,2.0,0.0,,0.0,21.0,0.0,17.5,17.33,2.0,-0.5,0.17,29.43,46.42,35.01,0,0.7
2024,11,stroll,17.0,65819.0,,,13,red_bull_ring,aston_martin,14.0,14.0,5.0,58.0,0.0,,17.0,11.0,0.0,11.67,12.2,1.0,0.33,-0.53,29.43,46.42,35.01,0,0.7
2024,11,tsunoda,14.0,65563.0,65412.0,,14,red_bull_ring,rb,17.0,19.0,6.0,28.0,0.0,,19.0,10.0,0.0,13.67,11.6,1.0,-2.67,2.07,29.43,46.42,35.01,0,0.7
2024,11,zhou,20.0,66061.0,,,17,red_bull_ring,sauber,15.0,13.0,10.0,0.0,0.0,,0.0,19.0,0.0,14.67,14.6,1.0,3.0,0.07,29.43,46.42,35.01,0,0.7
2024,12,albon,9.0,91135.0,86933.0,86640.0,9,silverstone,williams,16.0,15.0,9.0,2.0,0.0,821.0,2.0,18.0,0.0,16.5,14.0,3.0,1.5,2.5,15.77,27.67,67.33,0,34.7
2024,12,alonso,10.0,91264.0,86730.0,86917.0,8,silverstone,aston_martin,15.0,18.0,5.0,58.0,0.0,1098.0,41.0,9.0,0.0,12.0,13.2,0.0,-1.67,-1.2,15.77,27.67,67.33,0,34.7
2024,12,bottas,16.0,92431.0,,,15,silverstone,sauber,18.0,16.0,10.0,0.0,0.0,,0.0,20.0,0.0,15.0,15.2,1.0,1.33,-0.2,15.77,27.67,67.33,0,34.7
2024,12,gasly,20.0,99804.0,,,20,silverstone,alpine,13.0,10.0,8.0,9.0,0.0,,6.0,15.0,0.0,9.33,10.8,1.0,2.33,-1.47,15.77,27.67,67.33,0,34.7
2024,12,hamilton,2.0,89547.0,86770.0,85990.0,1,silverstone,mercedes,5.0,4.0,4.0,196.0,1.0,171.0,85.0,8.0,0.0,3.67,4.8,1.0,1.33,-1.13,15.77,27.67,67.33,0,34.7
2024,12,hulkenberg,6.0,91929.0,86847.0,86338.0,6,silverstone,haas,9.0,6.0,7.0,19.0,0.0,519.0,14.0,12.0,0.0,9.33,9.75,1.0,3.67,-0.42,15.77,27.67,67.33,0,34.7
2024,12,kevin_magnussen,17.0,92905.0,,,12,silverstone,haas,12.0,8.0,7.0,19.0,0.0,,5.0,16.0,0.0,12.33,12.25,1.0,1.67,0.08,15.77,27.67,67.33,0,34.7
2024,12,leclerc,11.0,90496.0,87097.0,,14,silverstone,ferrari,6.0,11.0,2.0,291.0,2.0,,150.0,3.0,1.0,8.0,5.0,1.0,-2.5,3.0,15.77,27.67,67.33,0,34.7
2024,12,max_verstappen,4.0,91342.0,86796.0,86203.0,2,silverstone,red_bull,1.0,5.0,1.0,355.0,7.0,384.0,237.0,1.0,7.0,2.33,2.8,1.0,-0.67,-0.47,15.77,27.67,67.33,0,34.7
2024,12,norris,3.0,91596.0,86559.0,86030.0,3,silverstone,mclaren,2.0,20.0,3.0,268.0,1.0,211.0,156.0,2.0,1.0,8.0,6.0,0.0,-6.0,2.0,15.77,27.67,67.33,0,34.7
2024,12,ocon,18.0,94557.0,,,16,silverstone,alpine,10.0,12.0,8.0,9.0,0.0,,3.0,17.0,0.0,10.67,11.5,1.0,1.33,-0.83,15.77,27.67,67.33,0,34.7
2024,12,perez,19.0,98348.0,,,17,silverstone,red_bull,8.0,7.0,1.0,355.0,7.0,,118.0,5.0,0.0,7.5,7.67,2.0,2.0,-0.17,15.77,27.67,67.33,0,34.7
2024,12,piastri,5.0,90895.0,86733.0,86237.0,4,silverstone,mclaren,7.0,2.0,3.0,268.0,1.0,418.0,112.0,6.0,0.0,4.67,4.0,0.0,2.0,0.67,15.77,27.67,67.33,0,34.7
2024,12,ricciardo,15.0,91291.0,87949.0,,13,silverstone,rb,11.0,9.0,6.0,30.0,0.0,,11.0,13.0,0.0,10.67,11.4,2.0,0.67,-0.73,15.77,27.67,67.33,0,34.7
2024,12,russell,1.0,90106.0,86723.0,85819.0,19,silverstone,mercedes,3.0,1.0,4.0,196.0,1.0,0.0,111.0,7.0,1.0,2.67,4.0,0.0,0.0,-1.33,15.77,27.67,67.33,0,34.7
2024,12,sainz,7.0,90557.0,86843.0,86509.0,5,silverstone,ferrari,4.0,3.0,2.0,291.0,2.0,690.0,135.0,4.0,1.0,4.5,4.25,1.0,0.5,0.25,15.77,27.67,67.33,0,34.7
2024,12,sargeant,12.0,91608.0,87175.0,,11,silverstone,williams,19.0,19.0,9.0,2.0,0.0,,0.0,21.0,0.0,19.5,17.75,2.0,-0.5,1.75,15.77,27.67,67.33,0,34.7
2024,12,stroll,8.0,91410.0,86938.0,86585.0,7,silverstone,aston_martin,17.0,13.0,5.0,58.0,0.0,766.0,17.0,11.0,0.0,11.33,11.4,1.0,2.0,-0.07,15.77,27.67,67.33,0,34.7
2024,12,tsunoda,13.0,90994.0,87269.0,,10,silverstone,rb,14.0,14.0,6.0,30.0,0.0,,19.0,10.0,0.0,15.67,13.0,1.0,-2.67,2.67,15.77,27.67,67.33,0,34.7
2024,12,zhou,14.0,91190.0,87867.0,,18,silverstone,sauber,20.0,17.0,10.0,0.0,0.0,,0.0,19.0,0.0,15.0,15.2,1.0,3.33,-0.2,15.77,27.67,67.33,0,34.7
2024,13,albon,13.0,77280.0,76429.0,,14,hungaroring,williams,9.0,9.0,9.0,4.0,0.0,,4.0,17.0,0.0,14.0,12.75,3.0,1.0,1.25,28.82,44.92,46.92,0,0.0
2024,13,alonso,7.0,77624.0,76117.0,76043.0,11,hungaroring,aston_martin,10.0,8.0,5.0,68.0,0.0,816.0,45.0,9.0,0.0,12.67,11.0,0.0,-1.0,1.67,28.82,44.92,46.92,0,0.0
2024,13,bottas,12.0,77487.0,76384.0,,16,hungaroring,sauber,16.0,15.0,10.0,0.0,0.0,,0.0,21.0,0.0,15.67,14.6,1.0,-0.33,1.07,28.82,44.92,46.92,0,0.0
2024,13,gasly,20.0,78166.0,,,20,hungaroring,alpine,19.0,20.0,8.0,9.0,0.0,,6.0,15.0,0.0,9.5,9.5,1.0,0.5,0.0,28.82,44.92,46.92,0,0.0
2024,13,hamilton,5.0,77087.0,76307.0,75854.0,3,hungaroring,mercedes,2.0,1.0,4.0,221.0,2.0,627.0,110.0,8.0,1.0,2.67,3.8,1.0,0.67,-1.13,28.82,44.92,46.92,0,0.0
2024,13,hulkenberg,11.0,77362.0,76317.0,,13,hungaroring,haas,6.0,6.0,7.0,27.0,0.0,,22.0,11.0,0.0,7.67,8.5,1.0,1.67,-0.83,28.82,44.92,46.92,0,0.0
2024,13,kevin_magnussen,15.0,77851.0,76548.0,,15,hungaroring,haas,17.0,12.0,7.0,27.0,0.0,,5.0,16.0,0.0,12.33,12.25,1.0,2.67,0.08,28.82,44.92,46.92,0,0.0
2024,13,leclerc,6.0,77437.0,75891.0,75905.0,4,hungaroring,ferrari,11.0,14.0,2.0,302.0,2.0,678.0,150.0,3.0,1.0,10.0,7.75,1.0,-2.67,2.25,28.82,44.92,46.92,0,0.0
2024,13,max_verstappen,3.0,77087.0,75770.0,75273.0,5,hungaroring,red_bull,4.0,2.0,1.0,373.0,7.0,46.0,255.0,1.0,7.0,2.67,3.0,1.0,-0.33,-0.33,28.82,44.92,46.92,0,0.0
2024,13,norris,1.0,77755.0,75540.0,75227.0,2,hungaroring,mclaren,3.0,3.0,3.0,295.0,1.0,0.0,171.0,2.0,1.0,8.33,6.2,0.0,-6.33,2.13,28.82,44.92,46.92,0,0.0
2024,13,ocon,19.0,78049.0,,,18,hungaroring,alpine,18.0,16.0,8.0,9.0,0.0,,3.0,18.0,0.0,12.67,12.0,1.0,-0.67,0.67,28.82,44.92,46.92,0,0.0
2024,13,perez,16.0,77886.0,,,7,hungaroring,red_bull,20.0,17.0,1.0,373.0,7.0,,118.0,6.0,0.0,10.67,10.67,2.0,2.33,0.0,28.82,44.92,46.92,0,0.0
2024,13,piastri,2.0,77504.0,75785.0,75249.0,1,hungaroring,mclaren,5.0,4.0,3.0,295.0,1.0,22.0,124.0,5.0,0.0,4.33,4.0,0.0,2.67,0.33,28.82,44.92,46.92,0,0.0
2024,13,ricciardo,9.0,77050.0,76202.0,76447.0,12,hungaroring,rb,15.0,13.0,6.0,31.0,0.0,1220.0,11.0,13.0,0.0,12.33,11.4,2.0,2.33,0.93,28.82,44.92,46.92,0,0.0
2024,13,russell,17.0,77968.0,,,8,hungaroring,mercedes,1.0,19.0,4.0,221.0,2.0,,111.0,7.0,1.0,2.5,3.25,0.0,1.0,-0.75,28.82,44.92,46.92,0,0.0
2024,13,sainz,4.0,77244.0,75885.0,75696.0,6,hungaroring,ferrari,7.0,5.0,2.0,302.0,2.0,469.0,146.0,4.0,1.0,4.67,4.25,1.0,1.0,0.42,28.82,44.92,46.92,0,0.0
2024,13,sargeant,14.0,77770.0,76543.0,,17,hungaroring,williams,12.0,11.0,9.0,4.0,0.0,,0.0,20.0,0.0,16.67,16.25,2.0,0.0,0.42,28.82,44.92,46.92,0,0.0
2024,13,stroll,8.0,77405.0,76075.0,76244.0,10,hungaroring,aston_martin,8.0,7.0,5.0,68.0,0.0,1017.0,23.0,10.0,0.0,11.33,11.0,1.0,1.67,0.33,28.82,44.92,46.92,0,0.0
2024,13,tsunoda,10.0,77436.0,76121.0,76477.0,9,hungaroring,rb,13.0,10.0,6.0,31.0,0.0,1250.0,20.0,12.0,0.0,14.33,13.0,1.0,0.33,1.33,28.82,44.92,46.92,0,0.0
2024,13,zhou,18.0,78037.0,,,19,hungaroring,sauber,14.0,18.0,10.0,0.0,0.0,,0.0,19.0,0.0,16.0,15.8,1.0,0.33,0.2,28.82,44.92,46.92,0,0.0
2024,14,albon,11.0,115722.0,114473.0,,12,spa,williams,13.0,14.0,9.0,4.0,0.0,,4.0,17.0,0.0,12.67,14.0,3.0,0.0,-1.33,21.33,42.27,49.58,0,0.0
2024,14,alonso,9.0,115489.0,114258.0,114765.0,8,spa,aston_martin,7.0,11.0,5.0,69.0,0.0,1606.0,45.0,9.0,0.0,12.33,11.0,0.0,-1.67,1.33,21.33,42.27,49.58,0,0.0
2024,14,bottas,14.0,115531.0,114764.0,,15,spa,sauber,12.0,16.0,10.0,0.0,0.0,,0.0,21.0,0.0,15.67,15.2,1.0,-0.33,0.47,21.33,42.27,49.58,0,0.0
2024,14,gasly,12.0,114911.0,114635.0,,13,spa,alpine,20.0,20.0,8.0,9.0,0.0,,6.0,15.0,0.0,10.0,9.33,1.0,3.0,0.67,21.33,42.27,49.58,0,0.0
2024,14,hamilton,4.0,115692.0,114037.0,113835.0,1,spa,mercedes,5.0,3.0,4.0,241.0,2.0,676.0,125.0,6.0,1.0,2.67,3.0,1.0,1.33,-0.33,21.33,42.27,49.58,0,0.0
2024,14,hulkenberg,16.0,116308.0,,,18,spa,haas,11.0,13.0,7.0,27.0,0.0,,22.0,11.0,0.0,8.33,9.4,1.0,0.33,-1.07,21.33,42.27,49.58,0,0.0
2024,14,kevin_magnussen,17.0,116500.0,,,14,spa,haas,15.0,15.0,7.0,27.0,0.0,,5.0,16.0,0.0,11.67,12.8,1.0,3.0,-1.13,21.33,42.27,49.58,0,0.0
2024,14,leclerc,2.0,115349.0,114193.0,113754.0,3,spa,ferrari,6.0,4.0,3.0,322.0,2.0,595.0,162.0,3.0,1.0,9.67,8.5,1.0,-2.0,1.17,21.33,42.27,49.58,0,0.0
2024,14,max_verstappen,1.0,114938.0,113837.0,113159.0,4,spa,red_bull,3.0,5.0,1.0,389.0,7.0,0.0,265.0,1.0,7.0,4.0,2.8,1.0,-1.33,1.2,21.33,42.27,49.58,0,0.0
2024,14,norris,5.0,115582.0,114358.0,113981.0,5,spa,mclaren,1.0,2.0,2.0,338.0,2.0,822.0,189.0,2.0,1.0,8.33,5.8,0.0,-6.33,2.53,21.33,42.27,49.58,0,0.0
2024,14,ocon,10.0,115417.0,114460.0,114810.0,9,spa,alpine,19.0,18.0,8.0,9.0,0.0,1651.0,3.0,18.0,0.0,15.33,13.2,1.0,0.33,2.13,21.33,42.27,49.58,0,0.0
2024,14,perez,3.0,115139.0,114470.0,113765.0,7,spa,red_bull,16.0,7.0,1.0,389.0,7.0,606.0,124.0,7.0,0.0,10.33,9.75,2.0,4.33,0.58,21.33,42.27,49.58,0,0.0
2024,14,piastri,6.0,114835.0,114136.0,114027.0,2,spa,mclaren,2.0,1.0,2.0,338.0,2.0,868.0,149.0,5.0,1.0,2.33,3.8,0.0,2.33,-1.47,21.33,42.27,49.58,0,0.0
2024,14,ricciardo,13.0,115451.0,114682.0,,10,spa,rb,9.0,12.0,6.0,33.0,0.0,,11.0,13.0,0.0,11.33,11.4,2.0,0.33,-0.07,21.33,42.27,49.58,0,0.0
2024,14,russell,7.0,115353.0,114095.0,114184.0,20,spa,mercedes,17.0,8.0,4.0,241.0,2.0,1025.0,116.0,8.0,1.0,4.5,4.0,1.0,5.5,0.5,21.33,42.27,49.58,0,0.0
2024,14,sainz,8.0,115169.0,114112.0,114477.0,6,spa,ferrari,4.0,6.0,3.0,322.0,2.0,1318.0,154.0,4.0,1.0,4.67,5.0,1.0,0.33,-0.33,21.33,42.27,49.58,0,0.0
2024,14,sargeant,19.0,117230.0,,,17,spa,williams,14.0,17.0,9.0,4.0,0.0,,0.0,20.0,0.0,15.67,16.75,2.0,-0.67,-1.08,21.33,42.27,49.58,0,0.0
2024,14,stroll,15.0,116072.0,115716.0,,11,spa,aston_martin,8.0,10.0,5.0,69.0,0.0,,24.0,10.0,0.0,10.0,10.2,1.0,1.0,-0.2,21.33,42.27,49.58,0,0.0
2024,14,tsunoda,18.0,116593.0,,,16,spa,rb,10.0,9.0,6.0,33.0,0.0,,22.0,12.0,0.0,11.0,13.2,1.0,1.33,-2.2,21.33,42.27,49.58,0,0.0
2024,14,zhou,20.0,117775.0,,,19,spa,sauber,18.0,19.0,10.0,0.0,0.0,,0.0,19.0,0.0,18.0,16.4,1.0,-0.67,1.6,21.33,42.27,49.58,0,0.0
2024,15,albon,10.0,,70768.0,70653.0,14,zandvoort,williams,10.0,12.0,9.0,4.0,0.0,980.0,4.0,18.0,0.0,11.67,13.6,3.0,-1.0,-1.93,19.01,30.81,60.96,0,0.0
2024,15,alonso,7.0,71493.0,70845.0,70633.0,10,zandvoort,aston_martin,8.0,8.0,5.0,73.0,0.0,960.0,49.0,9.0,0.0,9.0,11.4,0.0,-0.67,-2.4,19.01,30.81,60.96,0,0.0
2024,15,bottas,17.0,72168.0,,,19,zandvoort,sauber,14.0,15.0,10.0,0.0,0.0,,0.0,21.0,0.0,15.33,15.6,1.0,-1.33,-0.27,19.01,30.81,60.96,0,0.0
2024,15,gasly,9.0,71718.0,70815.0,70977.0,9,zandvoort,alpine,12.0,13.0,8.0,11.0,0.0,1304.0,6.0,15.0,0.0,13.0,10.67,2.0,-1.0,2.33,19.01,30.81,60.96,0,0.0
2024,15,hamilton,11.0,71375.0,70948.0,,8,zandvoort,mercedes,3.0,1.0,4.0,266.0,3.0,,150.0,6.0,2.0,1.67,2.4,1.0,1.67,-0.73,19.01,30.81,60.96,0,0.0
2024,15,hulkenberg,13.0,71832.0,71215.0,,11,zandvoort,haas,16.0,18.0,7.0,27.0,0.0,,22.0,11.0,0.0,12.33,10.8,1.0,-1.33,1.53,19.01,30.81,60.96,0,0.0
2024,15,kevin_magnussen,14.0,71630.0,71295.0,,18,zandvoort,haas,17.0,14.0,7.0,27.0,0.0,,5.0,16.0,0.0,13.67,13.2,1.0,2.67,0.47,19.01,30.81,60.96,0,0.0
2024,15,leclerc,6.0,71370.0,70689.0,70582.0,3,zandvoort,ferrari,1.0,3.0,3.0,345.0,2.0,909.0,177.0,3.0,1.0,7.0,7.4,1.0,-1.0,-0.4,19.01,30.81,60.96,0,0.0
2024,15,max_verstappen,2.0,71393.0,70811.0,70029.0,2,zandvoort,red_bull,11.0,4.0,1.0,408.0,7.0,356.0,277.0,1.0,7.0,3.67,3.4,1.0,2.33,0.27,19.01,30.81,60.96,0,0.0
2024,15,norris,1.0,71377.0,70496.0,69673.0,1,zandvoort,mclaren,4.0,5.0,2.0,366.0,2.0,0.0,199.0,2.0,1.0,3.33,6.4,0.0,-0.67,-3.07,19.01,30.81,60.96,0,0.0
2024,15,ocon,16.0,71995.0,,,15,zandvoort,alpine,9.0,9.0,8.0,11.0,0.0,,5.0,17.0,0.0,14.33,13.0,1.0,1.0,1.33,19.01,30.81,60.96,0,0.0
2024,15,perez,5.0,71006.0,70678.0,70416.0,6,zandvoort,red_bull,2.0,7.0,1.0,408.0,7.0,743.0,131.0,7.0,0.0,10.33,9.2,2.0,2.33,1.13,19.01,30.81,60.96,0,0.0
2024,15,piastri,3.0,71541.0,70505.0,70172.0,4,zandvoort,mclaren,5.0,2.0,2.0,366.0,2.0,499.0,167.0,4.0,1.0,2.33,3.2,0.0,1.67,-0.87,19.01,30.81,60.96,0,0.0
2024,15,ricciardo,15.0,71943.0,,,12,zandvoort,rb,13.0,10.0,6.0,34.0,0.0,,12.0,13.0,0.0,11.67,11.8,2.0,0.67,-0.13,19.01,30.81,60.96,0,0.0
2024,15,russell,4.0,71049.0,70552.0,70244.0,7,zandvoort,mercedes,6.0,20.0,4.0,266.0,3.0,571.0,116.0,8.0,1.0,14.0,8.25,1.0,-2.5,5.75,19.01,30.81,60.96,0,0.0
2024,15,sainz,10.0,71327.0,70914.0,,5,zandvoort,ferrari,7.0,6.0,3.0,345.0,2.0,,162.0,5.0,1.0,5.67,5.2,1.0,0.33,0.47,19.01,30.81,60.96,0,0.0
2024,15,sargeant,20.0,,,,16,zandvoort,williams,18.0,17.0,9.0,4.0,0.0,,0.0,20.0,0.0,15.0,16.8,2.0,-0.33,-1.8,19.01,30.81,60.96,0,0.0
2024,15,stroll,8.0,71518.0,70661.0,70857.0,13,zandvoort,aston_martin,15.0,11.0,5.0,73.0,0.0,1184.0,24.0,10.0,0.0,9.33,11.0,1.0,1.0,-1.67,19.01,30.81,60.96,0,0.0
2024,15,tsunoda,12.0,71603.0,70955.0,,17,zandvoort,rb,20.0,16.0,6.0,34.0,0.0,,22.0,12.0,0.0,11.67,13.6,1.0,2.67,-1.93,19.01,30.81,60.96,0,0.0
2024,15,zhou,18.0,73261.0,,,20,zandvoort,sauber,19.0,19.0,10.0,0.0,0.0,,0.0,19.0,0.0,18.5,16.75,1.0,-2.5,1.75,19.01,30.81,60.96,0,0.0
2024,16,albon,9.0,80542.0,80314.0,80299.0,9,monza,williams,19.0,14.0,9.0,4.0,0.0,972.0,4.0,18.0,0.0,13.33,12.8,3.0,0.67,0.53,33.1,49.31,32.29,0,0.0
2024,16,alonso,11.0,80617.0,80421.0,,11,monza,aston_martin,7.0,10.0,5.0,74.0,0.0,,50.0,9.0,0.0,9.67,11.0,0.0,-2.33,-1.33,33.1,49.31,32.29,0,0.0
2024,16,bottas,19.0,81101.0,,,16,monza,sauber,16.0,19.0,10.0,0.0,0.0,,0.0,21.0,0.0,16.67,16.2,1.0,-2.67,0.47,33.1,49.31,32.29,0,0.0
2024,16,colapinto,18.0,81061.0,,,12,monza,williams,,,9.0,4.0,0.0,,,,,,,,,,33.1,49.31,32.29,0,0.0
2024,16,gasly,14.0,80748.0,80738.0,,15,monza,alpine,9.0,9.0,8.0,13.0,0.0,,8.0,14.0,0.0,11.0,10.67,2.0,-0.5,0.33,33.1,49.31,32.29,0,0.0
2024,16,hamilton,6.0,80477.0,79641.0,79513.0,5,monza,mercedes,14.0,8.0,4.0,276.0,3.0,186.0,154.0,6.0,2.0,4.0,3.4,1.0,3.33,0.6,33.1,49.31,32.29,0,0.0
2024,16,hulkenberg,10.0,80781.0,80411.0,80339.0,17,monza,haas,12.0,11.0,7.0,27.0,0.0,1012.0,22.0,11.0,0.0,14.0,10.8,1.0,-1.0,3.2,33.1,49.31,32.29,0,0.0
2024,16,kevin_magnussen,13.0,80856.0,80698.0,,10,monza,haas,20.0,18.0,7.0,27.0,0.0,,5.0,16.0,0.0,15.67,13.4,1.0,1.67,2.27,33.1,49.31,32.29,0,0.0
2024,16,leclerc,4.0,80074.0,80007.0,79461.0,1,monza,ferrari,6.0,3.0,3.0,370.0,2.0,134.0,192.0,3.0,1.0,3.33,7.0,1.0,1.0,-3.67,33.1,49.31,32.29,0,0.0
2024,16,max_verstappen,7.0,80226.0,79662.0,80022.0,6,monza,red_bull,2.0,2.0,1.0,434.0,7.0,695.0,295.0,1.0,7.0,3.67,3.6,1.0,1.67,0.07,33.1,49.31,32.29,0,0.0
2024,16,norris,1.0,79911.0,79727.0,79327.0,3,monza,mclaren,1.0,1.0,2.0,404.0,3.0,0.0,225.0,2.0,2.0,2.67,6.2,0.0,-0.67,-3.53,33.1,49.31,32.29,0,0.0
2024,16,ocon,15.0,80764.0,80766.0,,14,monza,alpine,15.0,15.0,8.0,13.0,0.0,,5.0,17.0,0.0,14.0,14.0,1.0,0.33,0.0,33.1,49.31,32.29,0,0.0
2024,16,perez,8.0,80598.0,80216.0,80062.0,8,monza,red_bull,5.0,6.0,1.0,434.0,7.0,735.0,139.0,7.0,0.0,6.67,8.8,2.0,1.0,-2.13,33.1,49.31,32.29,0,0.0
2024,16,piastri,2.0,80076.0,79808.0,79436.0,2,monza,mclaren,3.0,4.0,2.0,404.0,3.0,109.0,179.0,4.0,1.0,2.33,2.6,0.0,1.0,-0.27,33.1,49.31,32.29,0,0.0
2024,16,ricciardo,12.0,80901.0,80479.0,,13,monza,rb,13.0,12.0,6.0,34.0,0.0,,12.0,13.0,0.0,11.33,11.2,2.0,0.33,0.13,33.1,49.31,32.29,0,0.0
2024,16,russell,3.0,80169.0,79877.0,79440.0,7,monza,mercedes,4.0,7.0,4.0,276.0,3.0,113.0,122.0,8.0,1.0,11.67,9.0,1.0,-2.67,2.67,33.1,49.31,32.29,0,0.0
2024,16,sainz,5.0,80149.0,79799.0,79467.0,4,monza,ferrari,10.0,5.0,3.0,370.0,2.0,140.0,172.0,5.0,1.0,5.67,5.0,1.0,1.33,0.67,33.1,49.31,32.29,0,0.0
2024,16,stroll,17.0,81013.0,,,19,monza,aston_martin,8.0,13.0,5.0,74.0,0.0,,24.0,10.0,0.0,11.33,10.8,1.0,-1.0,0.53,33.1,49.31,32.29,0,0.0
2024,16,tsunoda,16.0,80945.0,,,20,monza,rb,11.0,17.0,6.0,34.0,0.0,,22.0,12.0,0.0,14.0,13.2,1.0,-0.33,0.8,33.1,49.31,32.29,0,0.0
2024,16,zhou,20.0,81445.0,,,18,monza,sauber,17.0,20.0,10.0,0.0,0.0,,0.0,19.0,0.0,19.5,18.5,2.0,-2.0,1.0,33.1,49.31,32.29,0,0.0
2024,17,albon,10.0,102899.0,102840.0,102859.0,7,baku,williams,9.0,9.0,9.0,6.0,0.0,1494.0,6.0,17.0,0.0,11.67,11.6,3.0,1.0,0.07,26.71,44.35,38.02,0,0.0
2024,17,alonso,8.0,103472.0,102426.0,102369.0,6,baku,aston_martin,11.0,11.0,5.0,74.0,0.0,1004.0,50.0,9.0,0.0,9.67,9.6,0.0,-1.0,0.07,26.71,44.35,38.02,0,0.0
2024,17,bearman,11.0,103471.0,102968.0,,10,baku,haas,,,7.0,28.0,0.0,,6.0,15.0,0.0,7.0,7.0,0.0,4.0,0.0,26.71,44.35,38.02,0,0.0
2024,17,bottas,17.0,103618.0,,,16,baku,sauber,19.0,16.0,10.0,0.0,0.0,,0.0,22.0,0.0,16.67,16.2,1.0,-0.33,0.47,26.71,44.35,38.02,0,0.0
2024,17,colapinto,9.0,103138.0,102473.0,102530.0,8,baku,williams,18.0,12.0,9.0,6.0,0.0,1165.0,0.0,21.0,0.0,12.0,12.0,0.0,6.0,0.0,26.71,44.35,38.02,0,0.0
2024,17,gasly,15.0,,103179.0,,12,baku,alpine,14.0,15.0,8.0,13.0,0.0,,8.0,14.0,0.0,12.33,12.33,2.0,-0.67,0.0,26.71,44.35,38.02,0,0.0
2024,17,hamilton,7.0,103089.0,102765.0,102289.0,9,baku,mercedes,6.0,5.0,4.0,292.0,3.0,924.0,164.0,6.0,2.0,4.67,3.6,1.0,3.0,1.07,26.71,44.35,38.02,0,0.0
2024,17,hulkenberg,13.0,103101.0,103191.0,,11,baku,haas,10.0,17.0,7.0,28.0,0.0,,22.0,11.0,0.0,15.33,13.0,1.0,-2.67,2.33,26.71,44.35,38.02,0,0.0
2024,17,leclerc,1.0,102775.0,102056.0,101365.0,2,baku,ferrari,4.0,1.0,3.0,407.0,3.0,0.0,217.0,3.0,2.0,2.33,5.0,1.0,1.33,-2.67,26.71,44.35,38.02,0,0.0
2024,17,max_verstappen,6.0,103097.0,102042.0,102023.0,5,baku,red_bull,7.0,6.0,1.0,446.0,7.0,658.0,303.0,1.0,7.0,4.0,3.8,1.0,2.67,0.2,26.71,44.35,38.02,0,0.0
2024,17,norris,16.0,103609.0,,,4,baku,mclaren,1.0,3.0,2.0,438.0,3.0,,241.0,2.0,2.0,3.0,2.8,0.0,-1.0,0.2,26.71,44.35,38.02,0,0.0
2024,17,ocon,19.0,104504.0,,,15,baku,alpine,15.0,14.0,8.0,13.0,0.0,,5.0,18.0,0.0,12.67,14.4,1.0,0.33,-1.73,26.71,44.35,38.02,0,0.0
2024,17,perez,4.0,103213.0,102263.0,101813.0,17,baku,red_bull,8.0,8.0,1.0,446.0,7.0,448.0,143.0,7.0,0.0,7.0,9.0,2.0,-2.0,-2.0,26.71,44.35,38.02,0,0.0
2024,17,piastri,2.0,103033.0,102598.0,101686.0,1,baku,mclaren,2.0,2.0,2.0,438.0,3.0,321.0,197.0,4.0,1.0,2.67,2.6,0.0,0.67,0.07,26.71,44.35,38.02,0,0.0
2024,17,ricciardo,15.0,103547.0,,,13,baku,rb,12.0,13.0,6.0,34.0,0.0,,12.0,13.0,0.0,11.67,12.0,2.0,1.0,-0.33,26.71,44.35,38.02,0,0.0
2024,17,russell,5.0,103139.0,102329.0,101874.0,3,baku,mercedes,3.0,7.0,4.0,292.0,3.0,509.0,128.0,8.0,1.0,11.33,10.5,1.0,-7.0,0.83,26.71,44.35,38.02,0,0.0
2024,17,sainz,3.0,103357.0,102503.0,101805.0,18,baku,ferrari,5.0,4.0,3.0,407.0,3.0,440.0,184.0,5.0,1.0,5.0,5.2,1.0,2.33,-0.2,26.71,44.35,38.02,0,0.0
2024,17,stroll,14.0,103370.0,103404.0,,19,baku,aston_martin,17.0,19.0,5.0,74.0,0.0,,24.0,10.0,0.0,14.33,12.0,1.0,-1.0,2.33,26.71,44.35,38.02,0,0.0
2024,17,tsunoda,12.0,103337.0,103035.0,,20,baku,rb,16.0,20.0,6.0,34.0,0.0,,22.0,12.0,0.0,16.5,13.0,1.0,-1.0,3.5,26.71,44.35,38.02,0,0.0
2024,17,zhou,18.0,104246.0,,,14,baku,sauber,20.0,18.0,10.0,0.0,0.0,,0.0,19.0,0.0,19.0,18.75,2.0,-0.5,0.25,26.71,44.35,38.02,0,0.0
2024,18,albon,11.0,90679.0,90474.0,,20,marina_bay,williams,9.0,7.0,8.0,16.0,0.0,,12.0,13.0,0.0,10.0,11.2,3.0,2.33,-1.2,30.79,36.45,74.65,0,0.0
2024,18,alonso,7.0,90684.0,90450.0,90214.0,8,marina_bay,aston_martin,7.0,6.0,5.0,82.0,0.0,689.0,58.0,9.0,0.0,9.0,9.2,0.0,-0.67,-0.2,30.79,36.45,74.65,0,0.0
2024,18,bottas,19.0,91572.0,,,16,marina_bay,sauber,16.0,16.0,10.0,0.0,0.0,,0.0,22.0,0.0,17.0,16.4,1.0,0.0,0.6,30.79,36.45,74.65,0,0.0
2024,18,colapinto,12.0,90704.0,90481.0,,11,marina_bay,williams,8.0,8.0,8.0,16.0,0.0,,4.0,19.0,0.0,10.0,10.0,0.0,3.0,0.0,30.79,36.45,74.65,0,0.0
2024,18,gasly,18.0,91312.0,,,17,marina_bay,alpine,18.0,12.0,9.0,13.0,0.0,,8.0,15.0,0.0,12.0,12.25,2.0,1.67,-0.25,30.79,36.45,74.65,0,0.0
2024,18,hamilton,3.0,90393.0,89929.0,89841.0,6,marina_bay,mercedes,19.0,9.0,4.0,309.0,3.0,316.0,166.0,6.0,2.0,7.33,5.2,1.0,5.67,2.13,30.79,36.45,74.65,0,0.0
2024,18,hulkenberg,6.0,90724.0,90150.0,90115.0,9,marina_bay,haas,12.0,11.0,7.0,29.0,0.0,590.0,22.0,11.0,0.0,13.0,14.0,1.0,-1.67,-1.0,30.79,36.45,74.65,0,0.0
2024,18,kevin_magnussen,14.0,90829.0,90653.0,,19,marina_bay,haas,,,7.0,29.0,0.0,,6.0,17.0,0.0,14.0,13.8,1.0,2.67,0.2,30.79,36.45,74.65,0,0.0
2024,18,leclerc,9.0,90786.0,89747.0,,5,marina_bay,ferrari,1.0,2.0,3.0,425.0,3.0,,235.0,3.0,2.0,2.0,2.6,1.0,1.67,-0.6,30.79,36.45,74.65,0,0.0
2024,18,max_verstappen,2.0,90157.0,89680.0,89728.0,2,marina_bay,red_bull,6.0,5.0,2.0,456.0,7.0,203.0,313.0,1.0,7.0,4.33,4.4,1.0,0.67,-0.07,30.79,36.45,74.65,0,0.0
2024,18,norris,1.0,90002.0,90007.0,89525.0,1,marina_bay,mclaren,15.0,4.0,1.0,476.0,4.0,0.0,254.0,2.0,2.0,2.67,3.0,0.0,3.0,-0.33,30.79,36.45,74.65,0,0.0
2024,18,ocon,15.0,90958.0,90769.0,,13,marina_bay,alpine,20.0,15.0,9.0,13.0,0.0,,5.0,18.0,0.0,14.67,14.2,1.0,2.0,0.47,30.79,36.45,74.65,0,0.0
2024,18,perez,13.0,90624.0,90579.0,,10,marina_bay,red_bull,4.0,17.0,2.0,456.0,7.0,,143.0,8.0,0.0,10.33,9.0,2.0,-4.67,1.33,30.79,36.45,74.65,0,0.0
2024,18,piastri,5.0,90258.0,89640.0,89953.0,3,marina_bay,mclaren,2.0,1.0,1.0,476.0,4.0,428.0,222.0,4.0,2.0,2.33,2.0,0.0,0.0,0.33,30.79,36.45,74.65,0,0.0
2024,18,ricciardo,16.0,91085.0,,,18,marina_bay,rb,14.0,13.0,6.0,34.0,0.0,,12.0,14.0,0.0,12.67,12.0,2.0,0.33,0.67,30.79,36.45,74.65,0,0.0
2024,18,russell,4.0,90811.0,90153.0,89867.0,4,marina_bay,mercedes,5.0,3.0,4.0,309.0,3.0,342.0,143.0,7.0,1.0,5.67,9.0,1.0,-1.67,-3.33,30.79,36.45,74.65,0,0.0
2024,18,sainz,10.0,90670.0,90108.0,,7,marina_bay,ferrari,3.0,18.0,3.0,425.0,3.0,,184.0,5.0,1.0,9.0,7.8,1.0,-3.0,1.2,30.79,36.45,74.65,0,0.0
2024,18,stroll,17.0,91094.0,,,14,marina_bay,aston_martin,13.0,19.0,5.0,82.0,0.0,,24.0,10.0,0.0,17.0,14.4,1.0,-4.33,2.6,30.79,36.45,74.65,0,0.0
2024,18,tsunoda,8.0,90716.0,90289.0,90354.0,12,marina_bay,rb,11.0,20.0,6.0,34.0,0.0,829.0,22.0,12.0,0.0,17.0,14.0,2.0,-6.0,3.0,30.79,36.45,74.65,0,0.0
2024,18,zhou,20.0,92054.0,,,15,marina_bay,sauber,17.0,14.0,10.0,0.0,0.0,,0.0,20.0,0.0,17.33,17.75,2.0,0.67,-0.42,30.79,36.45,74.65,0,0.0
2024,19,albon,16.0,94051.0,,,16,americas,williams,11.0,20.0,8.0,16.0,0.0,,12.0,13.0,0.0,8.0,10.5,3.0,1.0,-2.5,28.12,46.6,35.54,0,0.0
2024,19,alonso,8.0,93973.0,93429.0,93309.0,13,americas,aston_martin,7.0,8.0,5.0,86.0,0.0,979.0,62.0,9.0,0.0,8.33,8.6,0.0,0.0,-0.27,28.12,46.6,35.54,0,0.0
2024,19,bottas,18.0,94152.0,,,17,americas,sauber,19.0,16.0,10.0,0.0,0.0,,0.0,22.0,0.0,16.0,16.4,1.0,2.0,-0.4,28.12,46.6,35.54,0,0.0
2024,19,colapinto,17.0,94062.0,,,10,americas,williams,12.0,11.0,8.0,16.0,0.0,,4.0,19.0,0.0,10.33,10.33,0.0,2.33,0.0,28.12,46.6,35.54,0,0.0
2024,19,gasly,7.0,93550.0,93162.0,93018.0,12,americas,alpine,18.0,17.0,9.0,13.0,0.0,688.0,8.0,15.0,0.0,14.67,13.2,2.0,2.0,1.47,28.12,46.6,35.54,0,0.0
2024,19,hamilton,19.0,94154.0,,,20,americas,mercedes,3.0,6.0,4.0,329.0,3.0,,174.0,6.0,2.0,6.67,5.8,1.0,2.67,0.87,28.12,46.6,35.54,0,0.0
2024,19,hulkenberg,12.0,93601.0,93544.0,,8,americas,haas,6.0,9.0,7.0,31.0,0.0,,24.0,10.0,0.0,12.33,13.2,1.0,-3.0,-0.87,28.12,46.6,35.54,0,0.0
2024,19,kevin_magnussen,9.0,93564.0,93474.0,93481.0,11,americas,haas,14.0,19.0,7.0,31.0,0.0,1151.0,6.0,17.0,0.0,15.67,15.2,1.0,0.0,0.47,28.12,46.6,35.54,0,0.0
2024,19,lawson,15.0,93339.0,,,9,americas,rb,,,6.0,34.0,0.0,,,,,,,,,,28.12,46.6,35.54,0,0.0
2024,19,leclerc,4.0,93241.0,92962.0,92740.0,1,americas,ferrari,9.0,5.0,3.0,441.0,3.0,410.0,245.0,3.0,2.0,2.67,2.8,1.0,2.0,-0.13,28.12,46.6,35.54,0,0.0
2024,19,max_verstappen,2.0,93046.0,92584.0,92361.0,3,americas,red_bull,2.0,2.0,2.0,475.0,7.0,31.0,331.0,1.0,7.0,4.33,3.8,1.0,0.67,0.53,28.12,46.6,35.54,0,0.0
2024,19,norris,1.0,93616.0,92851.0,92330.0,4,americas,mclaren,1.0,1.0,1.0,516.0,5.0,0.0,279.0,2.0,3.0,2.67,2.8,0.0,3.0,-0.13,28.12,46.6,35.54,0,0.0
2024,19,ocon,13.0,93986.0,93597.0,,18,americas,alpine,15.0,13.0,9.0,13.0,0.0,,5.0,18.0,0.0,14.0,13.2,1.0,2.67,0.8,28.12,46.6,35.54,0,0.0
2024,19,perez,10.0,93611.0,93020.0,,7,americas,red_bull,13.0,10.0,2.0,475.0,7.0,,144.0,8.0,0.0,11.67,9.6,2.0,-3.33,2.07,28.12,46.6,35.54,0,0.0
2024,19,piastri,5.0,93864.0,93057.0,92950.0,5,americas,mclaren,5.0,3.0,1.0,516.0,5.0,620.0,237.0,4.0,2.0,2.0,2.4,0.0,1.0,-0.4,28.12,46.6,35.54,0,0.0
2024,19,russell,6.0,93536.0,93142.0,92974.0,6,americas,mercedes,4.0,4.0,4.0,329.0,3.0,644.0,155.0,7.0,1.0,4.67,8.2,1.0,-0.67,-3.53,28.12,46.6,35.54,0,0.0
2024,19,sainz,3.0,93556.0,92836.0,92652.0,2,americas,ferrari,10.0,7.0,3.0,441.0,3.0,322.0,190.0,5.0,1.0,9.67,8.0,1.0,-3.67,1.67,28.12,46.6,35.54,0,0.0
2024,19,stroll,14.0,94033.0,93759.0,,15,americas,aston_martin,17.0,14.0,5.0,86.0,0.0,,24.0,11.0,0.0,17.33,15.2,1.0,-1.67,2.13,28.12,46.6,35.54,0,0.0
2024,19,tsunoda,11.0,93795.0,93506.0,,14,americas,rb,8.0,12.0,6.0,34.0,0.0,,22.0,12.0,0.0,12.0,15.0,3.0,-4.0,-3.0,28.12,46.6,35.54,0,0.0
2024,19,zhou,20.0,94228.0,,,19,americas,sauber,20.0,15.0,10.0,0.0,0.0,,0.0,20.0,0.0,15.67,16.75,2.0,3.33,-1.08,28.12,46.6,35.54,0,0.0
2024,20,albon,9.0,77189.0,76988.0,77065.0,19,rodriguez,williams,14.0,16.0,8.0,17.0,0.0,1119.0,12.0,13.0,0.0,11.5,11.5,4.0,0.0,0.0,19.89,35.6,51.05,0,0.0
2024,20,alonso,13.0,77307.0,77168.0,,18,rodriguez,aston_martin,7.0,13.0,5.0,86.0,0.0,,62.0,9.0,0.0,9.0,9.6,0.0,-2.0,-0.6,19.89,35.6,51.05,0,0.0
2024,20,bottas,15.0,77393.0,77817.0,,14,rodriguez,sauber,16.0,17.0,10.0,0.0,0.0,,0.0,23.0,0.0,16.33,16.8,1.0,0.67,-0.47,19.89,35.6,51.05,0,0.0
2024,20,colapinto,16.0,77558.0,,,12,rodriguez,williams,15.0,10.0,8.0,17.0,0.0,,5.0,18.0,0.0,9.67,10.25,0.0,2.0,-0.58,19.89,35.6,51.05,0,0.0
2024,20,gasly,8.0,77149.0,77048.0,76892.0,10,rodriguez,alpine,6.0,12.0,9.0,13.0,0.0,946.0,8.0,16.0,0.0,13.67,13.0,2.0,0.33,0.67,19.89,35.6,51.05,0,0.0
2024,20,hamilton,6.0,77306.0,76973.0,76651.0,4,rodriguez,mercedes,17.0,20.0,4.0,344.0,3.0,705.0,177.0,6.0,2.0,7.5,7.0,1.0,3.5,0.5,19.89,35.6,51.05,0,0.0
2024,20,hulkenberg,10.0,77186.0,76995.0,77365.0,9,rodriguez,haas,11.0,8.0,6.0,38.0,0.0,1419.0,29.0,10.0,0.0,9.33,11.2,1.0,0.33,-1.87,19.89,35.6,51.05,0,0.0
2024,20,kevin_magnussen,7.0,77125.0,77003.0,76886.0,7,rodriguez,haas,8.0,11.0,6.0,38.0,0.0,940.0,8.0,15.0,0.0,13.33,14.4,1.0,-1.67,-1.07,19.89,35.6,51.05,0,0.0
2024,20,lawson,12.0,77380.0,77162.0,,16,rodriguez,rb,19.0,9.0,7.0,36.0,0.0,,2.0,20.0,0.0,9.0,9.0,0.0,10.0,0.0,19.89,35.6,51.05,0,0.0
2024,20,leclerc,4.0,76972.0,76641.0,76265.0,3,rodriguez,ferrari,4.0,1.0,3.0,496.0,4.0,319.0,275.0,3.0,3.0,2.67,2.4,1.0,2.0,0.27,19.89,35.6,51.05,0,0.0
2024,20,max_verstappen,2.0,76803.0,76514.0,76171.0,6,rodriguez,red_bull,2.0,3.0,2.0,504.0,7.0,225.0,354.0,1.0,7.0,3.33,3.6,1.0,0.0,-0.27,19.89,35.6,51.05,0,0.0
2024,20,norris,3.0,76505.0,76301.0,76260.0,2,rodriguez,mclaren,1.0,4.0,1.0,544.0,5.0,314.0,297.0,2.0,3.0,3.0,2.6,0.0,2.67,0.4,19.89,35.6,51.05,0,0.0
2024,20,ocon,19.0,77617.0,,,13,rodriguez,alpine,12.0,18.0,9.0,13.0,0.0,,5.0,19.0,0.0,15.33,15.0,1.0,0.33,0.33,19.89,35.6,51.05,0,0.0
2024,20,perez,18.0,77611.0,,,17,rodriguez,red_bull,9.0,7.0,2.0,504.0,7.0,,150.0,8.0,0.0,11.33,9.6,2.0,-2.67,1.73,19.89,35.6,51.05,0,0.0
2024,20,piastri,17.0,77597.0,,,8,rodriguez,mclaren,5.0,5.0,1.0,544.0,5.0,,247.0,4.0,2.0,3.0,3.0,0.0,1.0,0.0,19.89,35.6,51.05,0,0.0
2024,20,russell,5.0,77194.0,76937.0,76356.0,5,rodriguez,mercedes,20.0,6.0,4.0,344.0,3.0,410.0,167.0,7.0,1.0,4.33,5.4,1.0,5.33,-1.07,19.89,35.6,51.05,0,0.0
2024,20,sainz,1.0,76778.0,76515.0,75946.0,1,rodriguez,ferrari,3.0,2.0,3.0,496.0,4.0,0.0,215.0,5.0,1.0,9.0,7.2,1.0,-3.67,1.8,19.89,35.6,51.05,0,0.0
2024,20,stroll,14.0,77407.0,77294.0,,11,rodriguez,aston_martin,13.0,15.0,5.0,86.0,0.0,,24.0,11.0,0.0,16.0,16.0,1.0,-1.67,0.0,19.89,35.6,51.05,0,0.0
2024,20,tsunoda,11.0,77182.0,77129.0,,20,rodriguez,rb,10.0,14.0,7.0,36.0,0.0,,22.0,12.0,0.0,13.0,14.33,3.0,-4.0,-1.33,19.89,35.6,51.05,0,0.0
2024,20,zhou,20.0,78072.0,,,15,rodriguez,sauber,18.0,19.0,10.0,0.0,0.0,,0.0,21.0,0.0,16.0,17.2,2.0,2.33,-1.2,19.89,35.6,51.05,0,0.0
2024,21,albon,7.0,89072.0,84657.0,84657.0,18,interlagos,williams,9.0,19.0,8.0,17.0,0.0,1252.0,12.0,14.0,0.0,16.0,10.67,4.0,-2.0,5.33,21.66,25.77,85.26,1,58.2
2024,21,alonso,9.0,90207.0,88998.0,88998.0,14,interlagos,aston_martin,13.0,18.0,5.0,86.0,0.0,5593.0,62.0,9.0,0.0,10.5,9.5,0.0,-3.5,1.0,21.66,25.77,85.26,1,58.2
2024,21,bearman,17.0,91229.0,,,12,interlagos,haas,,,6.0,46.0,0.0,,7.0,17.0,0.0,8.5,8.5,0.0,2.0,0.0,21.66,25.77,85.26,1,58.2
2024,21,bottas,11.0,90633.0,86472.0,,13,interlagos,sauber,15.0,14.0,10.0,0.0,0.0,,0.0,23.0,0.0,15.67,15.8,1.0,1.0,-0.13,21.66,25.77,85.26,1,58.2
2024,21,colapinto,18.0,91270.0,,,17,interlagos,williams,16.0,12.0,8.0,17.0,0.0,,5.0,18.0,0.0,11.0,10.6,0.0,3.33,0.4,21.66,25.77,85.26,1,58.2
2024,21,gasly,15.0,89420.0,89614.0,,3,interlagos,alpine,8.0,10.0,9.0,14.0,0.0,,9.0,16.0,0.0,13.0,13.2,2.0,-2.33,-0.2,21.66,25.77,85.26,1,58.2
2024,21,hamilton,16.0,91150.0,,,10,interlagos,mercedes,6.0,4.0,4.0,366.0,3.0,,189.0,6.0,2.0,5.0,6.0,2.0,-0.5,-1.0,21.66,25.77,85.26,1,58.2
2024,21,hulkenberg,19.0,91623.0,,,20,interlagos,haas,10.0,9.0,6.0,46.0,0.0,,31.0,10.0,0.0,8.67,10.8,1.0,0.33,-2.13,21.66,25.77,85.26,1,58.2
2024,21,lawson,5.0,90758.0,85654.0,84484.0,9,interlagos,rb,12.0,16.0,7.0,36.0,0.0,1079.0,2.0,20.0,0.0,12.5,12.5,0.0,3.0,0.0,21.66,25.77,85.26,1,58.2
2024,21,leclerc,6.0,89839.0,86097.0,84525.0,5,interlagos,ferrari,4.0,3.0,2.0,537.0,5.0,1120.0,291.0,3.0,3.0,3.0,2.4,1.0,2.67,0.6,21.66,25.77,85.26,1,58.2
2024,21,max_verstappen,12.0,88522.0,87771.0,,1,interlagos,red_bull,2.0,6.0,3.0,512.0,7.0,,362.0,1.0,7.0,3.67,4.4,1.0,-1.67,-0.73,21.66,25.77,85.26,1,58.2
2024,21,norris,1.0,90944.0,84844.0,83405.0,6,interlagos,mclaren,3.0,2.0,1.0,566.0,5.0,0.0,315.0,2.0,3.0,2.33,2.8,0.0,-0.67,-0.47,21.66,25.77,85.26,1,58.2
2024,21,ocon,4.0,89171.0,86206.0,84475.0,2,interlagos,alpine,0.0,13.0,9.0,14.0,0.0,1070.0,5.0,19.0,0.0,14.67,14.6,1.0,-5.67,0.07,21.66,25.77,85.26,1,58.2
2024,21,perez,13.0,90035.0,88158.0,,11,interlagos,red_bull,18.0,17.0,3.0,512.0,7.0,,150.0,8.0,0.0,11.33,11.8,2.0,2.0,-0.47,21.66,25.77,85.26,1,58.2
2024,21,piastri,8.0,90114.0,84686.0,84686.0,8,interlagos,mclaren,17.0,8.0,1.0,566.0,5.0,1281.0,251.0,4.0,2.0,5.33,3.8,0.0,3.67,1.53,21.66,25.77,85.26,1,58.2
2024,21,russell,2.0,89121.0,86307.0,83578.0,4,interlagos,mercedes,5.0,5.0,4.0,366.0,3.0,173.0,177.0,7.0,1.0,5.0,5.0,1.0,4.67,0.0,21.66,25.77,85.26,1,58.2
2024,21,sainz,14.0,90303.0,89406.0,,16,interlagos,ferrari,1.0,1.0,2.0,537.0,5.0,,240.0,5.0,2.0,3.33,6.4,1.0,1.33,-3.07,21.66,25.77,85.26,1,58.2
2024,21,stroll,10.0,90580.0,86334.0,,19,interlagos,aston_martin,14.0,11.0,5.0,86.0,0.0,,24.0,11.0,0.0,13.33,15.6,1.0,1.33,-2.27,21.66,25.77,85.26,1,58.2
2024,21,tsunoda,3.0,89172.0,86464.0,84111.0,7,interlagos,rb,11.0,20.0,7.0,36.0,0.0,706.0,22.0,12.0,0.0,13.0,13.0,3.0,-4.0,0.0,21.66,25.77,85.26,1,58.2
2024,21,zhou,20.0,92263.0,,,15,interlagos,sauber,19.0,15.0,10.0,0.0,0.0,,0.0,21.0,0.0,16.33,16.2,2.0,2.67,0.13,21.66,25.77,85.26,1,58.2
2024,22,albon,18.0,94425.0,,,19,vegas,williams,7.0,18.0,9.0,17.0,0.0,,12.0,16.0,0.0,16.0,11.5,5.0,-2.0,4.5,17.83,17.72,47.86,0,0.0
2024,22,alonso,17.0,94258.0,,,11,vegas,aston_martin,9.0,14.0,5.0,86.0,0.0,,62.0,9.0,0.0,13.5,10.25,1.0,-5.5,3.25,17.83,17.72,47.86,0,0.0
2024,22,bottas,19.0,94430.0,,,18,vegas,sauber,11.0,13.0,10.0,0.0,0.0,,0.0,23.0,0.0,14.67,15.2,1.0,-0.67,-0.53,17.83,17.72,47.86,0,0.0
2024,22,colapinto,14.0,93746.0,93749.0,,14,vegas,williams,16.0,17.0,9.0,17.0,0.0,,5.0,19.0,0.0,11.0,10.25,0.0,4.5,0.75,17.83,17.72,47.86,0,0.0
2024,22,gasly,3.0,93691.0,92879.0,92664.0,20,vegas,alpine,13.0,3.0,6.0,49.0,0.0,352.0,26.0,12.0,0.0,8.33,10.8,2.0,0.67,-2.47,17.83,17.72,47.86,0,0.0
2024,22,hamilton,10.0,93225.0,92567.0,108106.0,2,vegas,mercedes,14.0,10.0,4.0,382.0,3.0,15794.0,190.0,7.0,2.0,7.0,7.25,2.0,3.0,-0.25,17.83,17.72,47.86,0,0.0
2024,22,hulkenberg,9.0,93920.0,93114.0,93062.0,8,vegas,haas,18.0,20.0,7.0,46.0,0.0,750.0,31.0,10.0,0.0,8.5,9.25,1.0,2.0,-0.75,17.83,17.72,47.86,0,0.0
2024,22,kevin_magnussen,12.0,93991.0,93297.0,,12,vegas,haas,,,7.0,46.0,0.0,,14.0,15.0,0.0,12.33,13.0,1.0,-2.67,-0.67,17.83,17.72,47.86,0,0.0
2024,22,lawson,15.0,94087.0,94257.0,,16,vegas,rb,5.0,9.0,8.0,44.0,0.0,,4.0,20.0,0.0,11.33,11.33,0.0,0.67,0.0,17.83,17.72,47.86,0,0.0
2024,22,leclerc,4.0,93446.0,93016.0,92783.0,4,vegas,ferrari,6.0,5.0,2.0,557.0,5.0,471.0,307.0,3.0,3.0,3.0,3.2,1.0,1.67,-0.2,17.83,17.72,47.86,0,0.0
2024,22,max_verstappen,5.0,93299.0,93085.0,92797.0,5,vegas,red_bull,17.0,1.0,3.0,544.0,8.0,485.0,393.0,1.0,8.0,3.33,3.4,1.0,3.67,-0.07,17.83,17.72,47.86,0,0.0
2024,22,norris,6.0,93592.0,93099.0,93008.0,6,vegas,mclaren,1.0,6.0,1.0,593.0,5.0,696.0,331.0,2.0,3.0,4.0,3.4,0.0,-2.33,0.6,17.83,17.72,47.86,0,0.0
2024,22,ocon,11.0,93968.0,93221.0,,17,vegas,alpine,4.0,2.0,6.0,49.0,0.0,,23.0,14.0,0.0,11.0,12.2,1.0,-5.67,-1.2,17.83,17.72,47.86,0,0.0
2024,22,perez,16.0,94155.0,,,10,vegas,red_bull,12.0,11.0,3.0,544.0,8.0,,151.0,8.0,0.0,11.67,12.4,2.0,1.33,-0.73,17.83,17.72,47.86,0,0.0
2024,22,piastri,8.0,93450.0,93024.0,93033.0,7,vegas,mclaren,8.0,8.0,1.0,593.0,5.0,721.0,262.0,4.0,2.0,7.0,5.0,0.0,3.0,2.0,17.83,17.72,47.86,0,0.0
2024,22,russell,1.0,93186.0,92779.0,92312.0,1,vegas,mercedes,2.0,4.0,4.0,382.0,3.0,0.0,192.0,6.0,1.0,5.0,4.4,1.0,4.0,0.6,17.83,17.72,47.86,0,0.0
2024,22,sainz,2.0,93484.0,92711.0,92410.0,3,vegas,ferrari,20.0,16.0,2.0,557.0,5.0,98.0,244.0,5.0,2.0,1.5,7.0,1.0,0.5,-5.5,17.83,17.72,47.86,0,0.0
2024,22,stroll,20.0,94484.0,,,15,vegas,aston_martin,10.0,19.0,5.0,86.0,0.0,,24.0,13.0,0.0,13.0,14.75,1.0,0.5,-1.75,17.83,17.72,47.86,0,0.0
2024,22,tsunoda,7.0,93789.0,93089.0,93029.0,9,vegas,rb,3.0,7.0,8.0,44.0,0.0,717.0,28.0,11.0,0.0,10.5,11.0,4.0,-4.0,-0.5,17.83,17.72,47.86,0,0.0
2024,22,zhou,13.0,94079.0,93566.0,,13,vegas,sauber,19.0,15.0,10.0,0.0,0.0,,0.0,21.0,0.0,16.33,15.6,2.0,2.33,0.73,17.83,17.72,47.86,0,0.0
2024,23,albon,16.0,82390.0,,,15,losail,williams,17.0,19.0,9.0,17.0,0.0,,12.0,16.0,0.0,,16.0,5.0,,,18.93,22.77,57.25,0,0.0
2024,23,alonso,8.0,81608.0,81208.0,81251.0,7,losail,aston_martin,16.0,11.0,5.0,86.0,0.0,731.0,62.0,9.0,0.0,12.5,11.5,1.0,0.0,1.0,18.93,22.77,57.25,0,0.0
2024,23,bottas,13.0,81927.0,81731.0,,11,losail,sauber,19.0,18.0,10.0,0.0,0.0,,0.0,23.0,0.0,15.0,15.6,1.0,0.0,-0.6,18.93,22.77,57.25,0,0.0
2024,23,colapinto,19.0,82594.0,,,19,losail,williams,20.0,14.0,9.0,17.0,0.0,,5.0,19.0,0.0,13.0,11.75,1.0,5.0,1.25,18.93,22.77,57.25,0,0.0
2024,23,gasly,11.0,81843.0,81437.0,,5,losail,alpine,3.0,20.0,7.0,49.0,0.0,,26.0,12.0,0.0,6.5,10.5,2.0,4.0,-4.0,18.93,22.77,57.25,0,0.0
2024,23,hamilton,6.0,81637.0,81095.0,81011.0,12,losail,mercedes,10.0,2.0,4.0,425.0,4.0,491.0,208.0,7.0,2.0,5.33,5.5,2.0,4.67,-0.17,18.93,22.77,57.25,0,0.0
2024,23,hulkenberg,18.0,82442.0,,,16,losail,haas,9.0,8.0,6.0,50.0,0.0,,35.0,10.0,0.0,8.5,8.5,1.0,1.0,0.0,18.93,22.77,57.25,0,0.0
2024,23,kevin_magnussen,10.0,81891.0,81387.0,81500.0,9,losail,haas,12.0,12.0,6.0,50.0,0.0,980.0,14.0,15.0,0.0,10.0,11.8,1.0,-1.0,-1.8,18.93,22.77,57.25,0,0.0
2024,23,lawson,17.0,82411.0,,,14,losail,rb,14.0,16.0,8.0,46.0,0.0,,4.0,20.0,0.0,13.67,12.5,0.0,-3.33,1.17,18.93,22.77,57.25,0,0.0
2024,23,leclerc,5.0,81278.0,81000.0,80852.0,2,losail,ferrari,4.0,4.0,2.0,584.0,5.0,332.0,319.0,3.0,3.0,4.0,3.6,1.0,0.67,0.4,18.93,22.77,57.25,0,0.0
2024,23,max_verstappen,1.0,81579.0,80687.0,80520.0,1,losail,red_bull,5.0,5.0,3.0,555.0,8.0,0.0,403.0,1.0,8.0,4.0,3.4,1.0,4.0,0.6,18.93,22.77,57.25,0,0.0
2024,23,norris,3.0,81578.0,80983.0,80772.0,10,losail,mclaren,6.0,6.0,1.0,608.0,5.0,252.0,340.0,2.0,3.0,4.67,3.8,0.0,-1.33,0.87,18.93,22.77,57.25,0,0.0
2024,23,ocon,20.0,82714.0,,,20,losail,alpine,11.0,17.0,7.0,49.0,0.0,,23.0,14.0,0.0,10.67,12.6,1.0,-5.67,-1.93,18.93,22.77,57.25,0,0.0
2024,23,perez,9.0,81675.0,81425.0,81425.0,17,losail,red_bull,15.0,10.0,3.0,555.0,8.0,905.0,152.0,8.0,0.0,12.67,11.0,2.0,2.33,1.67,18.93,22.77,57.25,0,0.0
2024,23,piastri,4.0,81821.0,81121.0,80829.0,3,losail,mclaren,8.0,7.0,1.0,608.0,5.0,309.0,268.0,4.0,2.0,7.67,6.2,0.0,3.33,1.47,18.93,22.77,57.25,0,0.0
2024,23,russell,2.0,81241.0,81069.0,80575.0,4,losail,mercedes,1.0,1.0,4.0,425.0,4.0,55.0,217.0,6.0,2.0,3.33,4.0,1.0,-0.67,-0.67,18.93,22.77,57.25,0,0.0
2024,23,sainz,7.0,81447.0,81199.0,81041.0,6,losail,ferrari,2.0,3.0,2.0,584.0,5.0,521.0,259.0,5.0,2.0,2.0,3.25,2.0,-0.5,-1.25,18.93,22.77,57.25,0,0.0
2024,23,stroll,15.0,82011.0,81911.0,,18,losail,aston_martin,18.0,15.0,5.0,86.0,0.0,,24.0,13.0,0.0,13.0,13.75,1.0,3.0,-0.75,18.93,22.77,57.25,0,0.0
2024,23,tsunoda,14.0,82364.0,81771.0,,13,losail,rb,7.0,9.0,8.0,46.0,0.0,,30.0,11.0,0.0,8.0,10.5,4.0,-3.0,-2.5,18.93,22.77,57.25,0,0.0
2024,23,zhou,12.0,82103.0,81501.0,,8,losail,sauber,13.0,13.0,10.0,0.0,0.0,,0.0,21.0,0.0,14.33,15.4,2.0,2.67,-1.07,18.93,22.77,57.25,0,0.0
2024,24,albon,16.0,83821.0,,,11,yas_marina,williams,16.0,15.0,9.0,17.0,0.0,,12.0,16.0,0.0,15.0,15.5,6.0,1.0,-0.5,26.77,31.81,51.45,0,0.0
2024,24,alonso,8.0,83794.0,83268.0,83196.0,9,yas_marina,aston_martin,8.0,7.0,5.0,92.0,0.0,601.0,68.0,9.0,0.0,10.67,11.25,1.0,0.33,-0.58,26.77,31.81,51.45,0,0.0
2024,24,bottas,9.0,83481.0,83341.0,83204.0,18,yas_marina,sauber,13.0,11.0,10.0,4.0,0.0,609.0,0.0,22.0,0.0,14.0,14.6,1.0,0.33,-0.6,26.77,31.81,51.45,0,0.0
2024,24,colapinto,19.0,83912.0,,,19,yas_marina,williams,19.0,19.0,9.0,17.0,0.0,,5.0,19.0,0.0,14.0,12.0,1.0,6.0,2.0,26.77,31.81,51.45,0,0.0
2024,24,doohan,20.0,84105.0,,,15,yas_marina,alpine,,,6.0,59.0,0.0,,,,,,,,,,26.77,31.81,51.45,0,0.0
2024,24,gasly,6.0,83548.0,83086.0,82984.0,7,yas_marina,alpine,11.0,5.0,6.0,59.0,0.0,389.0,36.0,11.0,0.0,4.0,7.5,3.0,8.0,-3.5,26.77,31.81,51.45,0,0.0
2024,24,hamilton,18.0,83887.0,,,4,yas_marina,mercedes,6.0,12.0,4.0,446.0,4.0,,211.0,7.0,2.0,8.0,7.0,2.0,2.0,1.0,26.77,31.81,51.45,0,0.0
2024,24,hulkenberg,4.0,83722.0,83040.0,82886.0,8,yas_marina,haas,18.0,16.0,7.0,54.0,0.0,291.0,37.0,10.0,0.0,8.0,8.33,1.0,1.0,-0.33,26.77,31.81,51.45,0,0.0
2024,24,kevin_magnussen,15.0,83632.0,83877.0,,16,yas_marina,haas,10.0,9.0,7.0,54.0,0.0,,16.0,15.0,0.0,9.33,11.6,1.0,0.33,-2.27,26.77,31.81,51.45,0,0.0
2024,24,lawson,12.0,83733.0,83472.0,,17,yas_marina,rb,17.0,14.0,8.0,46.0,0.0,,4.0,21.0,0.0,13.0,12.8,0.0,-1.0,0.2,26.77,31.81,51.45,0,0.0
2024,24,leclerc,14.0,83302.0,83833.0,,3,yas_marina,ferrari,5.0,2.0,2.0,619.0,5.0,,341.0,3.0,3.0,3.67,3.0,1.0,1.33,0.67,26.77,31.81,51.45,0,0.0
2024,24,max_verstappen,5.0,83516.0,82998.0,82945.0,6,yas_marina,red_bull,2.0,1.0,3.0,581.0,9.0,350.0,429.0,1.0,9.0,2.33,3.2,1.0,5.67,-0.87,26.77,31.81,51.45,0,0.0
2024,24,norris,1.0,83682.0,83098.0,82595.0,1,yas_marina,mclaren,3.0,10.0,1.0,640.0,5.0,0.0,349.0,2.0,3.0,7.33,5.6,0.0,-4.0,1.73,26.77,31.81,51.45,0,0.0
2024,24,perez,10.0,83559.0,83379.0,83264.0,20,yas_marina,red_bull,9.0,17.0,3.0,581.0,9.0,669.0,152.0,8.0,0.0,10.5,11.25,2.0,3.0,-0.75,26.77,31.81,51.45,0,0.0
2024,24,piastri,2.0,83640.0,83199.0,82804.0,10,yas_marina,mclaren,4.0,3.0,1.0,640.0,5.0,209.0,291.0,4.0,2.0,6.0,6.2,0.0,0.67,-0.2,26.77,31.81,51.45,0,0.0
2024,24,russell,7.0,83678.0,83283.0,83132.0,5,yas_marina,mercedes,1.0,4.0,4.0,446.0,4.0,537.0,235.0,6.0,2.0,3.0,4.0,1.0,-1.67,-1.0,26.77,31.81,51.45,0,0.0
2024,24,sainz,3.0,83487.0,82985.0,82824.0,2,yas_marina,ferrari,7.0,6.0,2.0,619.0,5.0,229.0,272.0,5.0,2.0,4.5,3.0,2.0,0.0,1.5,26.77,31.81,51.45,0,0.0
2024,24,stroll,13.0,83729.0,83784.0,,14,yas_marina,aston_martin,15.0,18.0,5.0,92.0,0.0,,24.0,13.0,0.0,15.0,13.67,1.0,3.0,1.33,26.77,31.81,51.45,0,0.0
2024,24,tsunoda,11.0,83735.0,83419.0,,12,yas_marina,rb,14.0,13.0,8.0,46.0,0.0,,30.0,12.0,0.0,9.67,10.75,4.0,-1.67,-1.08,26.77,31.81,51.45,0,0.0
2024,24,zhou,17.0,83880.0,,,13,yas_marina,sauber,12.0,8.0,10.0,4.0,0.0,,4.0,20.0,0.0,12.0,14.0,2.0,2.67,-2.0,26.77,31.81,51.45,0,0.0
2025,1,albon,6.0,76245.0,76017.0,75737.0,5,albert_park,williams,,,,,,641.0,,,,,,,,,15.71,18.94,78.42,0,32.6
2025,1,alonso,12.0,76288.0,76453.0,,17,albert_park,aston_martin,,,,,,,,,,,,,,,15.71,18.94,78.42,0,32.6
2025,1,antonelli,16.0,76525.0,,,4,albert_park,mercedes,,,,,,,,,,,,,,,15.71,18.94,78.42,0,32.6
2025,1,bearman,20.0,,,,14,albert_park,haas,,,,,,,,,,,,,,,15.71,18.94,78.42,0,32.6
2025,1,bortoleto,15.0,76516.0,77520.0,,16,albert_park,sauber,,,,,,,,,,,,,,,15.71,18.94,78.42,0,32.6
2025,1,doohan,14.0,76315.0,76863.0,,19,albert_park,alpine,,,,,,,,,,,,,,,15.71,18.94,78.42,0,32.6
2025,1,gasly,9.0,76328.0,76112.0,75980.0,11,albert_park,alpine,,,,,,884.0,,,,,,,,,15.71,18.94,78.42,0,32.6
2025,1,hadjar,11.0,76354.0,76175.0,,20,albert_park,rb,,,,,,,,,,,,,,,15.71,18.94,78.42,0,32.6
2025,1,hamilton,8.0,76213.0,75919.0,75973.0,10,albert_park,ferrari,,,,,,877.0,,,,,,,,,15.71,18.94,78.42,0,32.6
2025,1,hulkenberg,17.0,76579.0,,,7,albert_park,sauber,,,,,,,,,,,,,,,15.71,18.94,78.42,0,32.6
2025,1,lawson,18.0,77094.0,,,15,albert_park,red_bull,,,,,,,,,,,,,,,15.71,18.94,78.42,0,32.6
2025,1,leclerc,7.0,76029.0,75827.0,75755.0,8,albert_park,ferrari,,,,,,659.0,,,,,,,,,15.71,18.94,78.42,0,32.6
2025,1,max_verstappen,3.0,76018.0,75565.0,75481.0,2,albert_park,red_bull,,,,,,385.0,,,,,,,,,15.71,18.94,78.42,0,32.6
2025,1,norris,1.0,75912.0,75415.0,75096.0,1,albert_park,mclaren,,,,,,0.0,,,,,,,,,15.71,18.94,78.42,0,32.6
2025,1,ocon,19.0,77147.0,,,13,albert_park,haas,,,,,,,,,,,,,,,15.71,18.94,78.42,0,32.6
2025,1,piastri,2.0,76062.0,75468.0,75180.0,9,albert_park,mclaren,,,,,,84.0,,,,,,,,,15.71,18.94,78.42,0,32.6
2025,1,russell,4.0,75971.0,75798.0,75546.0,3,albert_park,mercedes,,,,,,450.0,,,,,,,,,15.71,18.94,78.42,0,32.6
2025,1,sainz,10.0,76360.0,75931.0,76062.0,18,albert_park,williams,,,,,,966.0,,,,,,,,,15.71,18.94,78.42,0,32.6
2025,1,stroll,13.0,76369.0,76483.0,,6,albert_park,aston_martin,,,,,,,,,,,,,,,15.71,18.94,78.42,0,32.6
2025,1,tsunoda,5.0,76225.0,76009.0,75670.0,12,albert_park,rb,,,,,,574.0,,,,,,,,,15.71,18.94,78.42,0,32.6
2025,2,albon,10.0,91503.0,91595.0,91706.0,7,shanghai,williams,6.0,5.0,4.0,10.0,0.0,1065.0,10.0,5.0,0.0,5.0,5.0,0.0,1.0,0.0,27.22,35.82,18.23,0,0.0
2025,2,alonso,13.0,91719.0,91688.0,,17,shanghai,aston_martin,12.0,17.0,5.0,8.0,0.0,,0.0,,0.0,,,0.0,,,27.22,35.82,18.23,0,0.0
2025,2,antonelli,8.0,91676.0,91590.0,91103.0,6,shanghai,mercedes,16.0,4.0,2.0,27.0,0.0,462.0,12.0,4.0,0.0,4.0,4.0,0.0,12.0,0.0,27.22,35.82,18.23,0,0.0
2025,2,bearman,17.0,92018.0,,,8,shanghai,haas,20.0,14.0,10.0,0.0,0.0,,0.0,14.0,0.0,14.0,14.0,0.0,6.0,0.0,27.22,35.82,18.23,0,0.0
2025,2,bortoleto,19.0,92141.0,,,14,shanghai,sauber,15.0,16.0,6.0,6.0,0.0,,0.0,,0.0,,,0.0,,,27.22,35.82,18.23,0,0.0
2025,2,doohan,18.0,92092.0,,,13,shanghai,alpine,14.0,19.0,8.0,0.0,0.0,,0.0,,0.0,,,0.0,,,27.22,35.82,18.23,0,0.0
2025,2,gasly,16.0,91992.0,,,20,shanghai,alpine,9.0,11.0,8.0,0.0,0.0,,0.0,11.0,0.0,11.0,11.0,0.0,-2.0,0.0,27.22,35.82,18.23,0,0.0
2025,2,hadjar,7.0,91162.0,91253.0,91079.0,11,shanghai,rb,11.0,20.0,9.0,0.0,0.0,438.0,0.0,,0.0,,,0.0,,,27.22,35.82,18.23,0,0.0
2025,2,hamilton,5.0,91690.0,91501.0,90927.0,19,shanghai,ferrari,8.0,10.0,7.0,5.0,0.0,286.0,1.0,10.0,0.0,10.0,10.0,0.0,-2.0,0.0,27.22,35.82,18.23,0,0.0
2025,2,hulkenberg,12.0,91921.0,91632.0,,15,shanghai,sauber,17.0,7.0,6.0,6.0,0.0,,6.0,7.0,0.0,7.0,7.0,0.0,10.0,0.0,27.22,35.82,18.23,0,0.0
2025,2,lawson,20.0,92174.0,,,12,shanghai,red_bull,18.0,15.0,3.0,18.0,0.0,,0.0,,0.0,,,0.0,,,27.22,35.82,18.23,0,0.0
2025,2,leclerc,6.0,91579.0,91450.0,91021.0,18,shanghai,ferrari,7.0,8.0,7.0,5.0,0.0,380.0,4.0,8.0,0.0,8.0,8.0,0.0,-1.0,0.0,27.22,35.82,18.23,0,0.0
2025,2,max_verstappen,4.0,91424.0,91142.0,90817.0,4,shanghai,red_bull,3.0,2.0,3.0,18.0,0.0,176.0,18.0,2.0,0.0,2.0,2.0,0.0,1.0,0.0,27.22,35.82,18.23,0,0.0
2025,2,norris,3.0,90983.0,90787.0,90793.0,2,shanghai,mclaren,1.0,1.0,1.0,27.0,1.0,152.0,25.0,1.0,1.0,1.0,1.0,0.0,0.0,0.0,27.22,35.82,18.23,0,0.0
2025,2,ocon,11.0,91876.0,91625.0,,5,shanghai,haas,19.0,13.0,10.0,0.0,0.0,,0.0,13.0,0.0,13.0,13.0,0.0,6.0,0.0,27.22,35.82,18.23,0,0.0
2025,2,piastri,1.0,91591.0,91200.0,90641.0,1,shanghai,mclaren,2.0,9.0,1.0,27.0,1.0,0.0,2.0,9.0,0.0,9.0,9.0,0.0,-7.0,0.0,27.22,35.82,18.23,0,0.0
2025,2,russell,2.0,91295.0,91307.0,90723.0,3,shanghai,mercedes,4.0,3.0,2.0,27.0,0.0,82.0,15.0,3.0,0.0,3.0,3.0,0.0,1.0,0.0,27.22,35.82,18.23,0,0.0
2025,2,sainz,15.0,91628.0,91840.0,,10,shanghai,williams,10.0,18.0,4.0,10.0,0.0,,0.0,,0.0,,,0.0,,,27.22,35.82,18.23,0,0.0
2025,2,stroll,14.0,91923.0,91773.0,,9,shanghai,aston_martin,13.0,6.0,5.0,8.0,0.0,,8.0,6.0,0.0,6.0,6.0,0.0,7.0,0.0,27.22,35.82,18.23,0,0.0
2025,2,tsunoda,9.0,91238.0,91260.0,91638.0,16,shanghai,rb,5.0,12.0,9.0,0.0,0.0,997.0,0.0,12.0,0.0,12.0,12.0,0.0,-7.0,0.0,27.22,35.82,18.23,0,0.0
2025,3,albon,9.0,88218.0,87783.0,87615.0,9,suzuka,williams,10.0,7.0,4.0,17.0,0.0,632.0,16.0,6.0,0.0,6.0,6.0,0.0,2.0,0.0,14.43,20.51,76.37,0,0.0
2025,3,alonso,13.0,88337.0,87897.0,,11,suzuka,aston_martin,13.0,17.0,7.0,10.0,0.0,,0.0,,0.0,,,1.0,,,14.43,20.51,76.37,0,0.0
2025,3,antonelli,6.0,87968.0,87639.0,87555.0,6,suzuka,mercedes,8.0,6.0,2.0,57.0,0.0,572.0,22.0,5.0,0.0,5.0,5.0,0.0,7.0,0.0,14.43,20.51,76.37,0,0.0
2025,3,bearman,10.0,88228.0,87711.0,87867.0,10,suzuka,haas,17.0,8.0,6.0,14.0,0.0,884.0,4.0,12.0,0.0,11.0,11.0,0.0,7.5,0.0,14.43,20.51,76.37,0,0.0
2025,3,bortoleto,17.0,88622.0,,,19,suzuka,sauber,19.0,14.0,8.0,6.0,0.0,,0.0,19.0,0.0,14.0,14.0,1.0,5.0,0.0,14.43,20.51,76.37,0,0.0
2025,3,doohan,19.0,88877.0,,,15,suzuka,alpine,18.0,13.0,10.0,0.0,0.0,,0.0,18.0,0.0,13.0,13.0,1.0,5.0,0.0,14.43,20.51,76.37,0,0.0
2025,3,gasly,11.0,88186.0,87822.0,,13,suzuka,alpine,16.0,20.0,10.0,0.0,0.0,,0.0,15.0,0.0,11.0,11.0,0.0,-2.0,0.0,14.43,20.51,76.37,0,0.0
2025,3,hadjar,7.0,88278.0,87775.0,87569.0,8,suzuka,rb,7.0,11.0,9.0,3.0,0.0,586.0,0.0,16.0,0.0,11.0,11.0,1.0,-4.0,0.0,14.43,20.51,76.37,0,0.0
2025,3,hamilton,8.0,87942.0,87610.0,87610.0,7,suzuka,ferrari,5.0,19.0,5.0,17.0,0.0,627.0,9.0,9.0,0.0,10.0,10.0,0.0,-2.0,0.0,14.43,20.51,76.37,0,0.0
2025,3,hulkenberg,16.0,88570.0,,,16,suzuka,sauber,12.0,15.0,8.0,6.0,0.0,,6.0,11.0,0.0,11.0,11.0,0.0,3.5,0.0,14.43,20.51,76.37,0,0.0
2025,3,lawson,14.0,88554.0,87906.0,,17,suzuka,rb,20.0,12.0,9.0,3.0,0.0,,0.0,17.0,0.0,12.0,12.0,1.0,8.0,0.0,14.43,20.51,76.37,0,0.0
2025,3,leclerc,4.0,87920.0,87555.0,87299.0,4,suzuka,ferrari,6.0,18.0,5.0,17.0,0.0,316.0,8.0,10.0,0.0,8.0,8.0,0.0,-1.0,0.0,14.43,20.51,76.37,0,0.0
2025,3,max_verstappen,1.0,87943.0,87502.0,86983.0,1,suzuka,red_bull,4.0,4.0,3.0,36.0,0.0,0.0,36.0,2.0,0.0,3.0,3.0,0.0,0.5,0.0,14.43,20.51,76.37,0,0.0
2025,3,norris,2.0,87845.0,87146.0,86995.0,2,suzuka,mclaren,3.0,2.0,1.0,78.0,2.0,12.0,44.0,1.0,1.0,1.5,1.5,0.0,0.5,0.0,14.43,20.51,76.37,0,0.0
2025,3,ocon,18.0,88696.0,,,18,suzuka,haas,11.0,5.0,6.0,14.0,0.0,,10.0,7.0,0.0,9.0,9.0,0.0,6.0,0.0,14.43,20.51,76.37,0,0.0
2025,3,piastri,3.0,87687.0,87507.0,87027.0,3,suzuka,mclaren,1.0,1.0,1.0,78.0,2.0,44.0,34.0,4.0,1.0,5.0,5.0,0.0,-3.5,0.0,14.43,20.51,76.37,0,0.0
2025,3,russell,5.0,87843.0,87400.0,87318.0,5,suzuka,mercedes,2.0,3.0,2.0,57.0,0.0,335.0,35.0,3.0,0.0,3.0,3.0,0.0,0.0,0.0,14.43,20.51,76.37,0,0.0
2025,3,sainz,12.0,88209.0,87836.0,,14,suzuka,williams,15.0,10.0,4.0,17.0,0.0,,1.0,14.0,0.0,10.0,10.0,1.0,5.0,0.0,14.43,20.51,76.37,0,0.0
2025,3,stroll,20.0,89271.0,,,20,suzuka,aston_martin,14.0,9.0,7.0,10.0,0.0,,10.0,8.0,0.0,7.5,7.5,0.0,6.0,0.0,14.43,20.51,76.37,0,0.0
2025,3,tsunoda,15.0,87967.0,88000.0,,12,suzuka,red_bull,9.0,16.0,3.0,36.0,0.0,,3.0,13.0,0.0,14.0,14.0,0.0,-7.0,0.0,14.43,20.51,76.37,0,0.0
2025,4,albon,15.0,92040.0,,,12,bahrain,williams,9.0,9.0,5.0,19.0,0.0,,18.0,7.0,0.0,7.0,7.0,0.0,1.33,0.0,27.05,31.87,45.33,0,0.0
2025,4,alonso,13.0,91634.0,91886.0,,15,bahrain,aston_martin,12.0,11.0,7.0,10.0,0.0,,0.0,17.0,0.0,11.0,11.0,2.0,1.0,0.0,27.05,31.87,45.33,0,0.0
2025,4,antonelli,4.0,91415.0,90716.0,90213.0,11,bahrain,mercedes,6.0,6.0,2.0,75.0,0.0,372.0,30.0,5.0,0.0,5.33,5.33,0.0,4.67,0.0,27.05,31.87,45.33,0,0.0
2025,4,bearman,20.0,92373.0,,,10,bahrain,haas,10.0,10.0,6.0,15.0,0.0,,5.0,12.0,0.0,10.67,10.67,0.0,5.0,0.0,27.05,31.87,45.33,0,0.0
2025,4,bortoleto,18.0,92186.0,,,18,bahrain,sauber,17.0,19.0,9.0,6.0,0.0,,0.0,20.0,0.0,16.5,16.5,1.0,1.5,0.0,27.05,31.87,45.33,0,0.0
2025,4,doohan,11.0,91414.0,91245.0,,14,bahrain,alpine,19.0,15.0,10.0,0.0,0.0,,0.0,19.0,0.0,14.0,14.0,1.0,4.5,0.0,27.05,31.87,45.33,0,0.0
2025,4,gasly,5.0,91462.0,90643.0,90216.0,7,bahrain,alpine,11.0,13.0,10.0,0.0,0.0,375.0,0.0,16.0,0.0,12.0,12.0,0.0,-2.0,0.0,27.05,31.87,45.33,0,0.0
2025,4,hadjar,12.0,91591.0,91271.0,,13,bahrain,rb,7.0,8.0,8.0,7.0,0.0,,4.0,13.0,0.0,9.5,9.5,1.0,-2.5,0.0,27.05,31.87,45.33,0,0.0
2025,4,hamilton,9.0,91219.0,91009.0,90772.0,5,bahrain,ferrari,8.0,7.0,4.0,35.0,0.0,931.0,15.0,8.0,0.0,8.5,8.5,0.0,-0.5,0.0,27.05,31.87,45.33,0,0.0
2025,4,hulkenberg,16.0,92067.0,,,20,bahrain,sauber,16.0,16.0,9.0,6.0,0.0,,6.0,11.0,0.0,12.67,12.67,0.0,2.33,0.0,27.05,31.87,45.33,0,0.0
2025,4,lawson,17.0,92165.0,,,16,bahrain,rb,13.0,17.0,8.0,7.0,0.0,,0.0,18.0,0.0,14.5,14.5,1.0,2.0,0.0,27.05,31.87,45.33,0,0.0
2025,4,leclerc,3.0,91454.0,90724.0,90175.0,4,bahrain,ferrari,4.0,4.0,4.0,35.0,0.0,334.0,20.0,6.0,0.0,6.0,6.0,0.0,-0.5,0.0,27.05,31.87,45.33,0,0.0
2025,4,max_verstappen,7.0,91303.0,91019.0,90423.0,6,bahrain,red_bull,1.0,1.0,3.0,61.0,1.0,582.0,61.0,2.0,1.0,2.33,2.33,0.0,0.33,0.0,27.05,31.87,45.33,0,0.0
2025,4,norris,6.0,91107.0,90560.0,90267.0,3,bahrain,mclaren,2.0,2.0,1.0,111.0,2.0,426.0,62.0,1.0,1.0,1.67,1.67,0.0,0.33,0.0,27.05,31.87,45.33,0,0.0
2025,4,ocon,14.0,91594.0,,,8,bahrain,haas,18.0,18.0,6.0,15.0,0.0,,10.0,9.0,0.0,12.0,12.0,0.0,4.0,0.0,27.05,31.87,45.33,0,0.0
2025,4,piastri,1.0,91392.0,90454.0,89841.0,1,bahrain,mclaren,3.0,3.0,1.0,111.0,2.0,0.0,49.0,3.0,1.0,4.33,4.33,0.0,-2.33,0.0,27.05,31.87,45.33,0,0.0
2025,4,russell,2.0,91494.0,90664.0,90009.0,2,bahrain,mercedes,5.0,5.0,2.0,75.0,0.0,168.0,45.0,4.0,0.0,3.67,3.67,0.0,0.0,0.0,27.05,31.87,45.33,0,0.0
2025,4,sainz,8.0,91591.0,90844.0,90680.0,19,bahrain,williams,15.0,14.0,5.0,19.0,0.0,839.0,1.0,15.0,0.0,12.0,12.0,1.0,3.0,0.0,27.05,31.87,45.33,0,0.0
2025,4,stroll,19.0,92283.0,,,17,bahrain,aston_martin,20.0,20.0,7.0,10.0,0.0,,10.0,10.0,0.0,11.67,11.67,0.0,4.0,0.0,27.05,31.87,45.33,0,0.0
2025,4,tsunoda,10.0,91751.0,91228.0,91303.0,9,bahrain,red_bull,14.0,12.0,3.0,61.0,1.0,1462.0,3.0,14.0,0.0,13.33,13.33,0.0,-4.0,0.0,27.05,31.87,45.33,0,0.0
2025,5,albon,11.0,88279.0,88109.0,,9,jeddah,williams,15.0,12.0,6.0,19.0,0.0,,18.0,8.0,0.0,9.33,8.25,0.0,2.0,1.08,29.48,37.82,62.73,0,0.0
2025,5,alonso,13.0,88548.0,88303.0,,11,jeddah,aston_martin,13.0,15.0,7.0,10.0,0.0,,0.0,17.0,0.0,13.0,13.0,2.0,-0.5,0.0,29.48,37.82,62.73,0,0.0
2025,5,antonelli,5.0,88128.0,87798.0,87866.0,6,jeddah,mercedes,5.0,11.0,2.0,93.0,0.0,572.0,30.0,6.0,0.0,7.67,6.75,0.0,-1.33,0.92,29.48,37.82,62.73,0,0.0
2025,5,bearman,15.0,88536.0,88648.0,,13,jeddah,haas,20.0,10.0,5.0,20.0,0.0,,6.0,13.0,0.0,9.33,10.5,0.0,6.33,-1.17,29.48,37.82,62.73,0,0.0
2025,5,bortoleto,20.0,89462.0,,,18,jeddah,sauber,18.0,18.0,10.0,6.0,0.0,,0.0,20.0,0.0,17.0,17.0,1.0,1.0,0.0,29.48,37.82,62.73,0,0.0
2025,5,doohan,17.0,88739.0,,,17,jeddah,alpine,11.0,14.0,9.0,6.0,0.0,,0.0,19.0,0.0,14.0,14.0,1.0,2.0,0.0,29.48,37.82,62.73,0,0.0
2025,5,gasly,9.0,88421.0,88025.0,88367.0,20,jeddah,alpine,4.0,7.0,9.0,6.0,0.0,1073.0,6.0,11.0,0.0,10.0,10.33,0.0,-2.5,-0.33,29.48,37.82,62.73,0,0.0
2025,5,hadjar,14.0,88571.0,88418.0,,10,jeddah,rb,12.0,13.0,8.0,7.0,0.0,,4.0,15.0,0.0,10.67,10.67,1.0,-2.0,0.0,29.48,37.82,62.73,0,0.0
2025,5,hamilton,7.0,88372.0,88102.0,88201.0,7,jeddah,ferrari,9.0,5.0,4.0,57.0,0.0,907.0,25.0,7.0,0.0,6.0,7.33,0.0,2.5,-1.33,29.48,37.82,62.73,0,0.0
2025,5,hulkenberg,18.0,88782.0,,,15,jeddah,sauber,16.0,20.0,10.0,6.0,0.0,,6.0,12.0,0.0,15.5,12.67,0.0,-1.5,2.83,29.48,37.82,62.73,0,0.0
2025,5,lawson,12.0,88561.0,88191.0,,12,jeddah,rb,17.0,16.0,8.0,7.0,0.0,,0.0,18.0,0.0,15.0,15.0,1.0,1.67,0.0,29.48,37.82,62.73,0,0.0
2025,5,leclerc,4.0,88552.0,87866.0,87670.0,3,jeddah,ferrari,2.0,4.0,4.0,57.0,0.0,376.0,32.0,5.0,0.0,4.0,5.33,0.0,-1.0,-1.33,29.48,37.82,62.73,0,0.0
2025,5,max_verstappen,1.0,87778.0,87529.0,87294.0,2,jeddah,red_bull,7.0,6.0,3.0,71.0,1.0,0.0,69.0,3.0,1.0,3.67,3.25,0.0,0.33,0.42,29.48,37.82,62.73,0,0.0
2025,5,norris,10.0,87805.0,87481.0,,4,jeddah,mclaren,6.0,3.0,1.0,151.0,3.0,,77.0,1.0,1.0,2.33,2.0,0.0,1.33,0.33,29.48,37.82,62.73,0,0.0
2025,5,ocon,19.0,89092.0,,,14,jeddah,haas,14.0,8.0,5.0,20.0,0.0,,14.0,9.0,0.0,10.33,11.0,0.0,4.0,-0.67,29.48,37.82,62.73,0,0.0
2025,5,piastri,2.0,87901.0,87545.0,87304.0,1,jeddah,mclaren,1.0,1.0,1.0,151.0,3.0,10.0,74.0,2.0,2.0,1.67,3.5,0.0,0.0,-1.83,29.48,37.82,62.73,0,0.0
2025,5,russell,3.0,88282.0,87599.0,87407.0,5,jeddah,mercedes,3.0,2.0,2.0,93.0,0.0,113.0,63.0,4.0,0.0,3.33,3.25,0.0,0.0,0.08,29.48,37.82,62.73,0,0.0
2025,5,sainz,6.0,88354.0,88024.0,88164.0,8,jeddah,williams,8.0,19.0,6.0,19.0,0.0,870.0,1.0,16.0,0.0,12.0,12.0,1.0,3.0,0.0,29.48,37.82,62.73,0,0.0
2025,5,stroll,16.0,88645.0,,,16,jeddah,aston_martin,19.0,17.0,7.0,10.0,0.0,,10.0,10.0,0.0,15.33,13.0,0.0,2.33,2.33,29.48,37.82,62.73,0,0.0
2025,5,tsunoda,8.0,88226.0,87990.0,88204.0,19,jeddah,red_bull,10.0,9.0,3.0,71.0,1.0,910.0,5.0,14.0,0.0,12.33,12.25,0.0,-1.33,0.08,29.48,37.82,62.73,0,0.0
2025,6,albon,7.0,87042.0,86855.0,86682.0,5,miami,williams,11.0,9.0,5.0,25.0,0.0,478.0,20.0,8.0,0.0,10.0,8.4,0.0,1.67,1.6,26.57,38.69,63.02,0,3.4
2025,6,alonso,17.0,87604.0,,,15,miami,aston_martin,13.0,11.0,7.0,10.0,0.0,,0.0,17.0,0.0,12.33,12.33,2.0,0.33,0.0,26.57,38.69,63.02,0,3.4
2025,6,antonelli,3.0,87077.0,86606.0,86271.0,6,miami,mercedes,5.0,6.0,2.0,111.0,0.0,67.0,38.0,6.0,0.0,7.67,6.6,0.0,-2.33,1.07,26.57,38.69,63.02,0,3.4
2025,6,bearman,20.0,87999.0,,,19,miami,haas,15.0,13.0,6.0,20.0,0.0,,6.0,13.0,0.0,11.0,11.0,0.0,4.0,0.0,26.57,38.69,63.02,0,3.4
2025,6,bortoleto,13.0,87343.0,87151.0,,18,miami,sauber,20.0,18.0,10.0,6.0,0.0,,0.0,20.0,0.0,18.33,17.25,1.0,0.0,1.08,26.57,38.69,63.02,0,3.4
2025,6,doohan,14.0,87422.0,87186.0,,20,miami,alpine,17.0,17.0,9.0,6.0,0.0,,0.0,19.0,0.0,15.33,14.75,1.0,0.33,0.58,26.57,38.69,63.02,0,3.4
2025,6,gasly,18.0,87710.0,,,13,miami,alpine,9.0,20.0,9.0,6.0,0.0,,6.0,11.0,0.0,10.0,10.33,0.0,-2.5,-0.33,26.57,38.69,63.02,0,3.4
2025,6,hadjar,11.0,87301.0,86987.0,,11,miami,rb,14.0,10.0,8.0,8.0,0.0,,5.0,14.0,0.0,10.33,10.5,1.0,0.67,-0.17,26.57,38.69,63.02,0,3.4
2025,6,hamilton,12.0,87279.0,87006.0,,8,miami,ferrari,7.0,7.0,4.0,78.0,0.0,,31.0,7.0,0.0,6.33,7.25,0.0,1.67,-0.92,26.57,38.69,63.02,0,3.4
2025,6,hulkenberg,16.0,87473.0,,,14,miami,sauber,18.0,15.0,10.0,6.0,0.0,,6.0,12.0,0.0,15.5,13.25,0.0,1.5,2.25,26.57,38.69,63.02,0,3.4
2025,6,lawson,15.0,87444.0,87363.0,,17,miami,rb,12.0,12.0,8.0,8.0,0.0,,0.0,18.0,0.0,15.0,14.25,1.0,-1.0,0.75,26.57,38.69,63.02,0,3.4
2025,6,leclerc,8.0,87417.0,86948.0,86754.0,7,miami,ferrari,4.0,3.0,4.0,78.0,0.0,550.0,47.0,5.0,0.0,3.67,4.75,0.0,-0.33,-1.08,26.57,38.69,63.02,0,3.4
2025,6,max_verstappen,1.0,86870.0,86643.0,86204.0,4,miami,red_bull,1.0,2.0,3.0,89.0,1.0,0.0,87.0,3.0,1.0,3.0,3.0,0.0,0.0,0.0,26.57,38.69,63.02,0,3.4
2025,6,norris,2.0,86955.0,86499.0,86269.0,2,miami,mclaren,10.0,4.0,1.0,188.0,4.0,65.0,89.0,2.0,1.0,3.0,2.4,0.0,3.0,0.6,26.57,38.69,63.02,0,3.4
2025,6,ocon,9.0,87450.0,86967.0,86824.0,12,miami,haas,19.0,14.0,6.0,20.0,0.0,620.0,14.0,9.0,0.0,13.33,11.6,0.0,3.67,1.73,26.57,38.69,63.02,0,3.4
2025,6,piastri,4.0,87006.0,86269.0,86375.0,1,miami,mclaren,2.0,1.0,1.0,188.0,4.0,171.0,99.0,1.0,3.0,1.67,3.0,0.0,0.33,-1.33,26.57,38.69,63.02,0,3.4
2025,6,russell,5.0,87014.0,86575.0,86385.0,3,miami,mercedes,3.0,5.0,2.0,111.0,0.0,181.0,73.0,4.0,0.0,4.0,3.6,0.0,-0.33,0.4,26.57,38.69,63.02,0,3.4
2025,6,sainz,6.0,87098.0,86847.0,86569.0,9,miami,williams,6.0,8.0,5.0,25.0,0.0,365.0,5.0,15.0,0.0,11.0,10.67,2.0,-0.5,0.33,26.57,38.69,63.02,0,3.4
2025,6,stroll,19.0,87830.0,,,16,miami,aston_martin,16.0,16.0,7.0,10.0,0.0,,10.0,10.0,0.0,17.67,13.6,0.0,0.67,4.07,26.57,38.69,63.02,0,3.4
2025,6,tsunoda,10.0,87298.0,86959.0,86943.0,10,miami,red_bull,8.0,19.0,3.0,89.0,1.0,739.0,5.0,16.0,0.0,10.5,12.25,0.0,1.5,-1.75,26.57,38.69,63.02,0,3.4
2025,7,albon,7.0,76123.0,75521.0,75473.0,5,imola,williams,7.0,5.0,5.0,37.0,0.0,803.0,30.0,8.0,0.0,8.67,8.4,0.0,2.33,0.27,23.96,42.66,38.31,0,0.0
2025,7,alonso,5.0,75695.0,75442.0,75431.0,11,imola,aston_martin,17.0,15.0,7.0,14.0,0.0,761.0,0.0,17.0,0.0,13.67,13.0,2.0,0.67,0.67,23.96,42.66,38.31,0,0.0
2025,7,antonelli,13.0,75943.0,75772.0,,19,imola,mercedes,3.0,6.0,2.0,141.0,0.0,,48.0,6.0,0.0,7.67,7.0,0.0,-3.33,0.67,23.96,42.66,38.31,0,0.0
2025,7,bearman,19.0,76918.0,,,17,imola,haas,19.0,19.0,6.0,20.0,0.0,,6.0,15.0,0.0,11.5,10.25,0.0,6.0,1.25,23.96,42.66,38.31,0,0.0
2025,7,bortoleto,14.0,76340.0,76260.0,,18,imola,sauber,13.0,18.0,10.0,6.0,0.0,,0.0,20.0,0.0,18.0,17.25,1.0,1.0,0.75,23.96,42.66,38.31,0,0.0
2025,7,colapinto,15.0,76256.0,,,16,imola,alpine,,,9.0,7.0,0.0,,,,,,,,,,23.96,42.66,38.31,0,0.0
2025,7,gasly,10.0,75937.0,75505.0,75787.0,13,imola,alpine,20.0,13.0,9.0,7.0,0.0,1117.0,7.0,12.0,0.0,10.0,11.0,1.0,2.0,-1.0,23.96,42.66,38.31,0,0.0
2025,7,hadjar,9.0,76253.0,75510.0,75746.0,9,imola,rb,11.0,11.0,8.0,8.0,0.0,1076.0,5.0,16.0,0.0,11.33,10.6,1.0,1.0,0.73,23.96,42.66,38.31,0,0.0
2025,7,hamilton,12.0,76163.0,75765.0,,4,imola,ferrari,12.0,8.0,4.0,94.0,0.0,,41.0,7.0,0.0,6.67,6.75,0.0,2.67,-0.08,23.96,42.66,38.31,0,0.0
2025,7,hulkenberg,17.0,76518.0,,,12,imola,sauber,16.0,14.0,10.0,6.0,0.0,,6.0,14.0,0.0,14.5,15.0,0.0,2.5,-0.5,23.96,42.66,38.31,0,0.0
2025,7,lawson,16.0,76379.0,,,14,imola,rb,15.0,17.0,8.0,8.0,0.0,,0.0,18.0,0.0,14.0,14.25,1.0,0.5,-0.25,23.96,42.66,38.31,0,0.0
2025,7,leclerc,11.0,76108.0,75604.0,,6,imola,ferrari,8.0,7.0,4.0,94.0,0.0,,53.0,5.0,0.0,4.67,4.5,0.0,0.0,0.17,23.96,42.66,38.31,0,0.0
2025,7,max_verstappen,2.0,75175.0,75394.0,74704.0,1,imola,red_bull,1.0,4.0,3.0,105.0,1.0,34.0,99.0,3.0,1.0,4.0,3.4,0.0,-1.0,0.6,23.96,42.66,38.31,0,0.0
2025,7,norris,4.0,75894.0,75261.0,74962.0,2,imola,mclaren,2.0,2.0,1.0,246.0,5.0,292.0,115.0,2.0,1.0,3.0,2.6,0.0,3.0,0.4,23.96,42.66,38.31,0,0.0
2025,7,ocon,18.0,76613.0,,,20,imola,haas,9.0,12.0,6.0,20.0,0.0,,14.0,9.0,0.0,11.33,11.4,0.0,2.67,-0.07,23.96,42.66,38.31,0,0.0
2025,7,piastri,1.0,75500.0,75214.0,74670.0,3,imola,mclaren,4.0,1.0,1.0,246.0,5.0,0.0,131.0,1.0,4.0,1.0,1.4,0.0,1.33,-0.4,23.96,42.66,38.31,0,0.0
2025,7,russell,3.0,75852.0,75334.0,74807.0,7,imola,mercedes,5.0,3.0,2.0,141.0,0.0,137.0,93.0,4.0,0.0,3.33,3.6,0.0,0.33,-0.27,23.96,42.66,38.31,0,0.0
2025,7,sainz,6.0,75987.0,75198.0,75432.0,8,imola,williams,6.0,9.0,5.0,37.0,0.0,762.0,7.0,13.0,0.0,8.5,10.25,2.0,-2.5,-1.75,23.96,42.66,38.31,0,0.0
2025,7,stroll,8.0,75817.0,75497.0,75581.0,15,imola,aston_martin,18.0,16.0,7.0,14.0,0.0,911.0,14.0,10.0,0.0,16.33,15.6,0.0,1.33,0.73,23.96,42.66,38.31,0,0.0
2025,7,tsunoda,20.0,,,,10,imola,red_bull,10.0,10.0,3.0,105.0,1.0,,9.0,11.0,0.0,9.5,11.75,1.0,0.5,-2.25,23.96,42.66,38.31,0,0.0
2025,8,albon,10.0,71629.0,70732.0,71213.0,9,monaco,williams,7.0,5.0,5.0,51.0,0.0,1259.0,40.0,8.0,0.0,6.33,8.0,0.0,2.0,-1.67,22.21,43.32,52.52,0,0.0
2025,8,alonso,7.0,71674.0,71182.0,70924.0,19,monaco,aston_martin,5.0,11.0,7.0,14.0,0.0,970.0,0.0,17.0,0.0,12.33,12.6,2.0,-0.67,-0.27,22.21,43.32,52.52,0,0.0
2025,8,antonelli,15.0,71880.0,,,18,monaco,mercedes,13.0,19.0,2.0,147.0,0.0,,48.0,7.0,0.0,6.0,7.25,0.0,-2.0,-1.25,22.21,43.32,52.52,0,0.0
2025,8,bearman,17.0,71979.0,,,12,monaco,haas,19.0,17.0,6.0,20.0,0.0,,6.0,16.0,0.0,15.0,12.5,1.0,2.0,2.5,22.21,43.32,52.52,0,0.0
2025,8,bortoleto,16.0,71902.0,,,14,monaco,sauber,14.0,18.0,10.0,6.0,0.0,,0.0,20.0,0.0,18.0,18.25,2.0,-1.0,-0.25,22.21,43.32,52.52,0,0.0
2025,8,colapinto,20.0,72597.0,,,13,monaco,alpine,16.0,16.0,9.0,7.0,0.0,,0.0,21.0,0.0,16.0,16.0,0.0,0.0,0.0,22.21,43.32,52.52,0,0.0
2025,8,gasly,18.0,71994.0,,,20,monaco,alpine,10.0,13.0,9.0,7.0,0.0,,7.0,13.0,0.0,13.0,11.5,1.0,2.0,1.5,22.21,43.32,52.52,0,0.0
2025,8,hadjar,6.0,71811.0,71040.0,70923.0,6,monaco,rb,9.0,9.0,8.0,10.0,0.0,969.0,7.0,14.0,0.0,10.0,10.2,1.0,1.33,-0.2,22.21,43.32,52.52,0,0.0
2025,8,hamilton,4.0,71575.0,70883.0,70382.0,5,monaco,ferrari,12.0,4.0,4.0,114.0,0.0,428.0,53.0,6.0,0.0,6.33,6.2,0.0,4.0,0.13,22.21,43.32,52.52,0,0.0
2025,8,hulkenberg,13.0,71871.0,71596.0,,16,monaco,sauber,17.0,12.0,10.0,6.0,0.0,,6.0,15.0,0.0,13.67,14.25,0.0,3.33,-0.58,22.21,43.32,52.52,0,0.0
2025,8,lawson,9.0,71818.0,71250.0,71129.0,8,monaco,rb,15.0,14.0,8.0,10.0,0.0,1175.0,0.0,18.0,0.0,13.0,14.75,2.0,0.5,-1.75,22.21,43.32,52.52,0,0.0
2025,8,leclerc,2.0,71229.0,70581.0,70063.0,2,monaco,ferrari,11.0,6.0,4.0,114.0,0.0,109.0,61.0,5.0,0.0,5.33,4.8,0.0,2.33,0.53,22.21,43.32,52.52,0,0.0
2025,8,max_verstappen,5.0,71431.0,70875.0,70669.0,4,monaco,red_bull,2.0,1.0,3.0,131.0,2.0,715.0,124.0,3.0,2.0,2.33,2.8,0.0,-1.0,-0.47,22.21,43.32,52.52,0,0.0
2025,8,norris,1.0,71285.0,70570.0,69954.0,1,monaco,mclaren,4.0,2.0,1.0,279.0,5.0,0.0,133.0,2.0,1.0,2.67,2.6,0.0,2.67,0.07,22.21,43.32,52.52,0,0.0
2025,8,ocon,8.0,71839.0,71262.0,70942.0,7,monaco,haas,18.0,20.0,6.0,20.0,0.0,988.0,14.0,9.0,0.0,13.0,13.0,0.0,1.0,0.0,22.21,43.32,52.52,0,0.0
2025,8,piastri,3.0,71308.0,70858.0,70129.0,3,monaco,mclaren,1.0,3.0,1.0,279.0,5.0,175.0,146.0,1.0,4.0,1.67,1.8,0.0,0.67,-0.13,22.21,43.32,52.52,0,0.0
2025,8,russell,14.0,71507.0,,,11,monaco,mercedes,3.0,7.0,2.0,147.0,0.0,,99.0,4.0,0.0,5.0,4.4,0.0,-1.33,0.6,22.21,43.32,52.52,0,0.0
2025,8,sainz,11.0,71707.0,71362.0,,10,monaco,williams,6.0,8.0,5.0,51.0,0.0,,11.0,11.0,0.0,8.33,9.75,2.0,-2.33,-1.42,22.21,43.32,52.52,0,0.0
2025,8,stroll,19.0,72563.0,,,15,monaco,aston_martin,8.0,15.0,7.0,14.0,0.0,,14.0,10.0,0.0,15.67,16.8,0.0,-1.67,-1.13,22.21,43.32,52.52,0,0.0
2025,8,tsunoda,12.0,71800.0,71415.0,,17,monaco,red_bull,20.0,10.0,3.0,131.0,2.0,,10.0,12.0,0.0,10.0,10.25,1.0,5.0,-0.25,22.21,43.32,52.52,0,0.0
2025,9,albon,11.0,73044.0,72641.0,,19,catalunya,williams,10.0,9.0,5.0,54.0,0.0,,42.0,8.0,0.0,6.33,8.0,0.0,1.67,-1.67,29.12,48.54,54.63,0,0.0
2025,9,alonso,10.0,73102.0,72523.0,72284.0,9,catalunya,aston_martin,6.0,19.0,8.0,14.0,0.0,738.0,0.0,18.0,0.0,13.0,13.0,2.0,-2.0,0.0,29.12,48.54,54.63,0,0.0
2025,9,antonelli,6.0,72815.0,72585.0,72111.0,18,catalunya,mercedes,15.0,18.0,2.0,147.0,0.0,565.0,48.0,7.0,0.0,12.0,10.25,1.0,-3.0,1.75,29.12,48.54,54.63,0,0.0
2025,9,bearman,15.0,73074.0,73315.0,,17,catalunya,haas,20.0,12.0,6.0,26.0,0.0,,6.0,16.0,0.0,14.5,13.0,1.0,5.0,1.5,29.12,48.54,54.63,0,0.0
2025,9,bortoleto,12.0,73045.0,72756.0,,12,catalunya,sauber,16.0,14.0,10.0,6.0,0.0,,0.0,21.0,0.0,16.0,17.0,2.0,-1.0,-1.0,29.12,48.54,54.63,0,0.0
2025,9,colapinto,19.0,73334.0,,,15,catalunya,alpine,18.0,13.0,9.0,7.0,0.0,,0.0,20.0,0.0,14.5,14.5,0.0,2.5,0.0,29.12,48.54,54.63,0,0.0
2025,9,gasly,8.0,73081.0,72611.0,72199.0,8,catalunya,alpine,17.0,20.0,9.0,7.0,0.0,653.0,7.0,14.0,0.0,13.0,11.0,1.0,2.0,2.0,29.12,48.54,54.63,0,0.0
2025,9,hadjar,9.0,73139.0,72461.0,72252.0,7,catalunya,rb,5.0,6.0,7.0,22.0,0.0,706.0,15.0,10.0,0.0,8.67,9.8,1.0,-0.33,-1.13,29.12,48.54,54.63,0,0.0
2025,9,hamilton,5.0,73058.0,72447.0,72045.0,6,catalunya,ferrari,7.0,5.0,4.0,142.0,0.0,499.0,63.0,6.0,0.0,5.67,5.8,0.0,4.67,-0.13,29.12,48.54,54.63,0,0.0
2025,9,hulkenberg,16.0,73190.0,,,5,catalunya,sauber,13.0,16.0,10.0,6.0,0.0,,6.0,15.0,0.0,14.0,14.25,0.0,1.33,-0.25,29.12,48.54,54.63,0,0.0
2025,9,lawson,13.0,73039.0,72763.0,,11,catalunya,rb,9.0,8.0,7.0,22.0,0.0,,4.0,17.0,0.0,11.0,12.5,2.0,1.0,-1.5,29.12,48.54,54.63,0,0.0
2025,9,leclerc,7.0,73014.0,72495.0,72131.0,3,catalunya,ferrari,2.0,2.0,4.0,142.0,0.0,585.0,79.0,5.0,0.0,5.0,4.4,0.0,2.0,0.6,29.12,48.54,54.63,0,0.0
2025,9,max_verstappen,3.0,72798.0,72358.0,71848.0,10,catalunya,red_bull,4.0,4.0,3.0,143.0,2.0,302.0,136.0,3.0,2.0,3.0,3.4,0.0,-0.67,-0.4,29.12,48.54,54.63,0,0.0
2025,9,norris,2.0,72799.0,72056.0,71755.0,2,catalunya,mclaren,1.0,1.0,1.0,319.0,6.0,209.0,158.0,2.0,2.0,1.67,2.4,0.0,0.67,-0.73,29.12,48.54,54.63,0,0.0
2025,9,ocon,17.0,73201.0,,,16,catalunya,haas,8.0,7.0,6.0,26.0,0.0,,20.0,9.0,0.0,9.5,10.25,1.0,-1.0,-0.75,29.12,48.54,54.63,0,0.0
2025,9,piastri,1.0,72551.0,71998.0,71546.0,1,catalunya,mclaren,3.0,3.0,1.0,319.0,6.0,0.0,161.0,1.0,4.0,2.33,1.8,0.0,0.33,0.53,29.12,48.54,54.63,0,0.0
2025,9,russell,4.0,72806.0,72407.0,71848.0,4,catalunya,mercedes,14.0,11.0,2.0,147.0,0.0,302.0,99.0,4.0,0.0,7.0,5.6,0.0,0.33,1.4,29.12,48.54,54.63,0,0.0
2025,9,sainz,18.0,73203.0,,,14,catalunya,williams,11.0,10.0,5.0,54.0,0.0,,12.0,12.0,0.0,9.0,8.75,2.0,-1.33,0.25,29.12,48.54,54.63,0,0.0
2025,9,tsunoda,20.0,73385.0,,,13,catalunya,red_bull,12.0,17.0,3.0,143.0,2.0,,10.0,13.0,0.0,12.33,11.5,1.0,1.67,0.83,29.12,48.54,54.63,0,0.0
2025,10,albon,10.0,72090.0,71892.0,71907.0,20,villeneuve,williams,11.0,19.0,5.0,54.0,0.0,1008.0,42.0,8.0,0.0,7.0,7.0,0.0,1.5,0.0,24.04,49.25,27.98,0,0.6
2025,10,alonso,6.0,72073.0,71805.0,71586.0,7,villeneuve,aston_martin,10.0,9.0,9.0,16.0,0.0,687.0,2.0,18.0,0.0,10.0,11.5,3.0,-2.5,-1.5,24.04,49.25,27.98,0,0.6
2025,10,antonelli,4.0,72279.0,71974.0,71391.0,3,villeneuve,mercedes,6.0,18.0,3.0,159.0,0.0,492.0,48.0,7.0,0.0,18.0,10.0,1.0,-3.0,8.0,24.04,49.25,27.98,0,0.6
2025,10,bearman,14.0,72306.0,72340.0,,11,villeneuve,haas,14.0,17.0,7.0,26.0,0.0,,6.0,16.0,0.0,15.33,14.75,1.0,2.33,0.58,24.04,49.25,27.98,0,0.6
2025,10,bortoleto,16.0,72385.0,,,14,villeneuve,sauber,12.0,12.0,8.0,16.0,0.0,,0.0,19.0,0.0,14.67,15.5,2.0,-0.67,-0.83,24.04,49.25,27.98,0,0.6
2025,10,colapinto,12.0,72234.0,72142.0,,13,villeneuve,alpine,18.0,15.0,10.0,11.0,0.0,,0.0,21.0,0.0,14.67,14.67,0.0,2.67,0.0,24.04,49.25,27.98,0,0.6
2025,10,gasly,20.0,72667.0,,,15,villeneuve,alpine,8.0,8.0,10.0,11.0,0.0,,11.0,14.0,0.0,10.5,11.33,2.0,-1.5,-0.83,24.04,49.25,27.98,0,0.6
2025,10,hadjar,9.0,72211.0,72003.0,71867.0,16,villeneuve,rb,9.0,7.0,6.0,28.0,0.0,968.0,21.0,9.0,0.0,7.33,8.6,1.0,0.33,-1.27,24.04,49.25,27.98,0,0.6
2025,10,hamilton,5.0,71952.0,71885.0,71526.0,6,villeneuve,ferrari,5.0,6.0,2.0,165.0,0.0,627.0,71.0,6.0,0.0,5.0,6.0,0.0,3.0,-1.0,24.04,49.25,27.98,0,0.6
2025,10,hulkenberg,13.0,72323.0,72183.0,,8,villeneuve,sauber,15.0,5.0,8.0,16.0,0.0,,16.0,11.0,0.0,11.0,12.4,0.0,4.0,-1.4,24.04,49.25,27.98,0,0.6
2025,10,lawson,19.0,72525.0,,,19,villeneuve,rb,13.0,11.0,6.0,28.0,0.0,,4.0,17.0,0.0,11.0,11.25,2.0,1.33,-0.25,24.04,49.25,27.98,0,0.6
2025,10,leclerc,8.0,72038.0,71626.0,71682.0,5,villeneuve,ferrari,7.0,3.0,2.0,165.0,0.0,783.0,94.0,5.0,0.0,3.67,4.2,0.0,3.0,-0.53,24.04,49.25,27.98,0,0.6
2025,10,max_verstappen,2.0,72054.0,71638.0,71059.0,2,villeneuve,red_bull,3.0,10.0,4.0,144.0,2.0,160.0,137.0,3.0,2.0,5.0,4.2,0.0,-2.0,0.8,24.04,49.25,27.98,0,0.6
2025,10,norris,7.0,71826.0,71599.0,71625.0,18,villeneuve,mclaren,2.0,2.0,1.0,362.0,7.0,726.0,176.0,2.0,2.0,1.67,2.2,0.0,0.67,-0.53,24.04,49.25,27.98,0,0.6
2025,10,ocon,15.0,72378.0,72634.0,,9,villeneuve,haas,16.0,16.0,7.0,26.0,0.0,,20.0,10.0,0.0,11.5,12.25,1.0,0.5,-0.75,24.04,49.25,27.98,0,0.6
2025,10,piastri,3.0,71939.0,71715.0,71120.0,4,villeneuve,mclaren,1.0,1.0,1.0,362.0,7.0,221.0,186.0,1.0,5.0,2.33,1.8,0.0,-0.67,0.53,24.04,49.25,27.98,0,0.6
2025,10,russell,1.0,72075.0,71570.0,70899.0,1,villeneuve,mercedes,4.0,4.0,3.0,159.0,0.0,0.0,111.0,4.0,0.0,7.33,6.0,0.0,-0.33,1.33,24.04,49.25,27.98,0,0.6
2025,10,sainz,17.0,72398.0,,,10,villeneuve,williams,17.0,14.0,5.0,54.0,0.0,,12.0,13.0,0.0,10.67,9.8,2.0,0.67,0.87,24.04,49.25,27.98,0,0.6
2025,10,stroll,18.0,72517.0,,,17,villeneuve,aston_martin,,,9.0,16.0,0.0,,14.0,12.0,0.0,15.33,15.8,0.0,-0.33,-0.47,24.04,49.25,27.98,0,0.6
2025,10,tsunoda,11.0,72334.0,72102.0,,12,villeneuve,red_bull,19.0,13.0,4.0,144.0,2.0,,10.0,15.0,0.0,13.33,12.5,1.0,3.67,0.83,24.04,49.25,27.98,0,0.6
2025,11,albon,12.0,65143.0,65205.0,,17,red_bull_ring,williams,9.0,20.0,5.0,55.0,0.0,,42.0,8.0,0.0,9.0,6.33,1.0,1.0,2.67,30.35,49.17,31.98,0,0.0
2025,11,alonso,11.0,65197.0,65128.0,,7,red_bull_ring,aston_martin,6.0,7.0,8.0,22.0,0.0,,8.0,16.0,0.0,8.0,10.5,3.0,0.0,-2.5,30.35,49.17,31.98,0,0.0
2025,11,antonelli,9.0,65178.0,65052.0,65276.0,19,red_bull_ring,mercedes,4.0,3.0,2.0,199.0,1.0,1305.0,63.0,7.0,0.0,10.5,9.0,2.0,-1.0,1.5,30.35,49.17,31.98,0,0.0
2025,11,bearman,15.0,65218.0,65312.0,,11,red_bull_ring,haas,13.0,11.0,6.0,28.0,0.0,,6.0,17.0,0.0,13.33,14.25,1.0,2.33,-0.92,30.35,49.17,31.98,0,0.0
2025,11,bortoleto,8.0,65123.0,64846.0,65132.0,8,red_bull_ring,sauber,15.0,14.0,9.0,20.0,0.0,1161.0,0.0,19.0,0.0,13.33,14.5,2.0,1.0,-1.17,30.35,49.17,31.98,0,0.0
2025,11,colapinto,14.0,65278.0,65288.0,,15,red_bull_ring,alpine,10.0,13.0,10.0,11.0,0.0,,0.0,20.0,0.0,13.67,14.25,0.0,1.67,-0.58,30.35,49.17,31.98,0,0.0
2025,11,gasly,10.0,65054.0,64846.0,65649.0,13,red_bull_ring,alpine,20.0,15.0,10.0,11.0,0.0,1678.0,11.0,14.0,0.0,11.5,12.25,2.0,2.5,-0.75,30.35,49.17,31.98,0,0.0
2025,11,hadjar,13.0,65063.0,65226.0,,12,red_bull_ring,rb,12.0,16.0,7.0,28.0,0.0,,21.0,10.0,0.0,9.67,9.8,1.0,-1.0,-0.13,30.35,49.17,31.98,0,0.0
2025,11,hamilton,4.0,65115.0,64896.0,64582.0,4,red_bull_ring,ferrari,5.0,6.0,3.0,183.0,0.0,611.0,79.0,6.0,0.0,5.67,5.8,0.0,0.0,-0.13,30.35,49.17,31.98,0,0.0
2025,11,hulkenberg,20.0,65606.0,,,9,red_bull_ring,sauber,11.0,8.0,9.0,20.0,0.0,,20.0,11.0,0.0,9.67,11.0,0.0,3.33,-1.33,30.35,49.17,31.98,0,0.0
2025,11,lawson,6.0,65017.0,65041.0,64926.0,6,red_bull_ring,rb,19.0,19.0,7.0,28.0,0.0,955.0,4.0,18.0,0.0,9.5,11.0,2.0,1.5,-1.5,30.35,49.17,31.98,0,0.0
2025,11,leclerc,2.0,65197.0,64734.0,64492.0,3,red_bull_ring,ferrari,8.0,5.0,3.0,183.0,0.0,521.0,104.0,5.0,0.0,3.33,4.6,0.0,2.33,-1.27,30.35,49.17,31.98,0,0.0
2025,11,max_verstappen,7.0,65106.0,64836.0,64929.0,18,red_bull_ring,red_bull,2.0,2.0,4.0,162.0,2.0,958.0,155.0,3.0,2.0,5.33,4.2,0.0,-2.33,1.13,30.35,49.17,31.98,0,0.0
2025,11,norris,1.0,64672.0,64410.0,63971.0,1,red_bull_ring,mclaren,7.0,18.0,1.0,374.0,7.0,0.0,176.0,2.0,2.0,7.0,5.0,0.0,-3.67,2.0,30.35,49.17,31.98,0,0.0
2025,11,ocon,17.0,65364.0,,,10,red_bull_ring,haas,14.0,9.0,6.0,28.0,0.0,,22.0,9.0,0.0,10.67,11.0,1.0,2.0,-0.33,30.35,49.17,31.98,0,0.0
2025,11,piastri,3.0,64966.0,64556.0,64554.0,2,red_bull_ring,mclaren,3.0,4.0,1.0,374.0,7.0,583.0,198.0,1.0,5.0,2.67,2.4,0.0,-0.33,0.27,30.35,49.17,31.98,0,0.0
2025,11,russell,5.0,65189.0,64860.0,64763.0,5,red_bull_ring,mercedes,1.0,1.0,2.0,199.0,1.0,792.0,136.0,4.0,1.0,5.33,5.2,0.0,1.0,0.13,30.35,49.17,31.98,0,0.0
2025,11,sainz,19.0,65582.0,,,20,red_bull_ring,williams,16.0,10.0,5.0,55.0,0.0,,13.0,13.0,0.0,11.33,10.2,2.0,3.33,1.13,30.35,49.17,31.98,0,0.0
2025,11,stroll,16.0,65329.0,,,14,red_bull_ring,aston_martin,17.0,17.0,8.0,22.0,0.0,,14.0,12.0,0.0,15.67,15.8,0.0,-1.0,-0.13,30.35,49.17,31.98,0,0.0
2025,11,tsunoda,18.0,65369.0,,,16,red_bull_ring,red_bull,18.0,12.0,4.0,162.0,2.0,,10.0,15.0,0.0,14.0,12.4,1.0,2.33,1.6,30.35,49.17,31.98,0,0.0
2025,12,albon,14.0,86093.0,85889.0,,8,silverstone,williams,12.0,17.0,5.0,55.0,0.0,,42.0,8.0,0.0,,7.0,2.0,,,17.92,23.58,78.37,0,18.1
2025,12,alonso,9.0,86108.0,85593.0,85621.0,9,silverstone,aston_martin,11.0,7.0,8.0,28.0,0.0,729.0,14.0,13.0,0.0,7.67,8.5,3.0,1.33,-0.83,17.92,23.58,78.37,0,18.1
2025,12,antonelli,7.0,86265.0,85620.0,85374.0,16,silverstone,mercedes,9.0,19.0,3.0,209.0,1.0,482.0,63.0,7.0,0.0,3.0,10.5,2.0,1.0,-7.5,17.92,23.58,78.37,0,18.1
2025,12,bearman,8.0,86005.0,85534.0,85471.0,11,silverstone,haas,15.0,11.0,7.0,29.0,0.0,579.0,6.0,18.0,0.0,13.0,13.6,1.0,1.0,-0.6,17.92,23.58,78.37,0,18.1
2025,12,bortoleto,17.0,86446.0,,,18,silverstone,sauber,8.0,8.0,9.0,26.0,0.0,,4.0,19.0,0.0,11.33,13.2,2.0,0.33,-1.87,17.92,23.58,78.37,0,18.1
2025,12,colapinto,20.0,87060.0,,,20,silverstone,alpine,14.0,15.0,10.0,11.0,0.0,,0.0,20.0,0.0,14.33,14.4,0.0,-0.33,-0.07,17.92,23.58,78.37,0,18.1
2025,12,gasly,10.0,86328.0,85711.0,85785.0,6,silverstone,alpine,10.0,13.0,10.0,11.0,0.0,893.0,11.0,16.0,0.0,12.0,12.25,2.0,0.67,-0.25,17.92,23.58,78.37,0,18.1
2025,12,hadjar,13.0,86177.0,85864.0,,17,silverstone,rb,13.0,12.0,6.0,36.0,0.0,,21.0,11.0,0.0,11.67,10.0,1.0,-0.33,1.67,17.92,23.58,78.37,0,18.1
2025,12,hamilton,5.0,86296.0,85084.0,85095.0,4,silverstone,ferrari,4.0,4.0,2.0,210.0,0.0,203.0,91.0,6.0,0.0,5.33,5.0,0.0,-0.67,0.33,17.92,23.58,78.37,0,18.1
2025,12,hulkenberg,19.0,86574.0,,,3,silverstone,sauber,20.0,9.0,9.0,26.0,0.0,,22.0,10.0,0.0,7.33,10.0,0.0,8.0,-2.67,17.92,23.58,78.37,0,18.1
2025,12,lawson,16.0,86440.0,,,19,silverstone,rb,6.0,6.0,6.0,36.0,0.0,,12.0,15.0,0.0,8.5,9.75,3.0,1.0,-1.25,17.92,23.58,78.37,0,18.1
2025,12,leclerc,6.0,86186.0,85133.0,85121.0,14,silverstone,ferrari,2.0,3.0,2.0,210.0,0.0,229.0,119.0,5.0,0.0,3.67,3.8,0.0,2.0,-0.13,17.92,23.58,78.37,0,18.1
2025,12,max_verstappen,1.0,85886.0,85316.0,84892.0,5,silverstone,red_bull,7.0,18.0,4.0,162.0,2.0,0.0,155.0,3.0,2.0,6.0,4.25,0.0,-3.5,1.75,17.92,23.58,78.37,0,18.1
2025,12,norris,3.0,86123.0,85231.0,85010.0,1,silverstone,mclaren,1.0,1.0,1.0,417.0,8.0,118.0,201.0,2.0,3.0,7.0,4.8,0.0,-3.67,2.2,17.92,23.58,78.37,0,18.1
2025,12,ocon,15.0,86136.0,85950.0,,13,silverstone,haas,17.0,10.0,7.0,29.0,0.0,,23.0,9.0,0.0,11.67,10.5,1.0,4.0,1.17,17.92,23.58,78.37,0,18.1
2025,12,piastri,2.0,85963.0,85316.0,84995.0,2,silverstone,mclaren,3.0,2.0,1.0,417.0,8.0,103.0,216.0,1.0,5.0,2.33,2.6,0.0,0.0,-0.27,17.92,23.58,78.37,0,18.1
2025,12,russell,4.0,86236.0,85637.0,85029.0,10,silverstone,mercedes,5.0,5.0,3.0,209.0,1.0,137.0,146.0,4.0,1.0,3.33,5.6,0.0,0.0,-2.27,17.92,23.58,78.37,0,18.1
2025,12,sainz,11.0,86175.0,85746.0,,12,silverstone,williams,19.0,20.0,5.0,55.0,0.0,,13.0,14.0,0.0,12.0,10.5,2.0,4.5,1.5,17.92,23.58,78.37,0,18.1
2025,12,stroll,18.0,86504.0,,,7,silverstone,aston_martin,16.0,14.0,8.0,28.0,0.0,,14.0,12.0,0.0,15.33,15.4,0.0,2.0,-0.07,17.92,23.58,78.37,0,18.1
2025,12,tsunoda,12.0,86275.0,85826.0,,15,silverstone,red_bull,18.0,16.0,4.0,162.0,2.0,,10.0,17.0,0.0,13.67,13.6,1.0,4.67,0.07,17.92,23.58,78.37,0,18.1
2025,13,albon,5.0,101772.0,101505.0,101201.0,6,spa,williams,13.0,8.0,5.0,59.0,0.0,639.0,46.0,8.0,0.0,8.0,8.5,3.0,5.0,-0.5,17.03,24.09,84.44,0,45.7
2025,13,alonso,19.0,102385.0,,,17,spa,aston_martin,7.0,9.0,8.0,36.0,0.0,,16.0,14.0,0.0,7.67,8.0,3.0,0.33,-0.33,17.03,24.09,84.44,0,45.7
2025,13,antonelli,18.0,102139.0,,,16,spa,mercedes,10.0,16.0,3.0,210.0,1.0,,63.0,7.0,0.0,3.0,10.5,3.0,1.0,-7.5,17.03,24.09,84.44,0,45.7
2025,13,bearman,12.0,101617.0,101617.0,,11,spa,haas,18.0,11.0,9.0,29.0,0.0,,6.0,18.0,0.0,11.0,12.4,1.0,4.33,-1.4,17.03,24.09,84.44,0,45.7
2025,13,bortoleto,10.0,101908.0,101336.0,102387.0,9,spa,sauber,16.0,18.0,6.0,41.0,0.0,1825.0,4.0,19.0,0.0,11.0,12.0,2.0,0.5,-1.0,17.03,24.09,84.44,0,45.7
2025,13,colapinto,17.0,102022.0,,,19,spa,alpine,20.0,20.0,10.0,19.0,0.0,,0.0,20.0,0.0,14.0,14.0,0.0,-2.0,0.0,17.03,24.09,84.44,0,45.7
2025,13,gasly,13.0,101800.0,101633.0,,10,spa,alpine,8.0,6.0,10.0,19.0,0.0,,19.0,13.0,0.0,11.33,10.5,2.0,1.33,0.83,17.03,24.09,84.44,0,45.7
2025,13,hadjar,8.0,101572.0,101281.0,101310.0,20,spa,rb,12.0,17.0,7.0,36.0,0.0,748.0,21.0,11.0,0.0,14.0,10.25,1.0,-1.5,3.75,17.03,24.09,84.44,0,45.7
2025,13,hamilton,16.0,101939.0,,,7,spa,ferrari,5.0,4.0,2.0,222.0,0.0,,103.0,6.0,0.0,4.67,5.0,0.0,0.0,-0.33,17.03,24.09,84.44,0,45.7
2025,13,hulkenberg,14.0,101844.0,101707.0,,12,spa,sauber,19.0,3.0,6.0,41.0,0.0,,37.0,9.0,0.0,6.67,8.2,0.0,10.0,-1.53,17.03,24.09,84.44,0,45.7
2025,13,lawson,9.0,101748.0,101297.0,101328.0,8,spa,rb,15.0,19.0,7.0,36.0,0.0,766.0,12.0,16.0,0.0,6.0,8.33,3.0,0.0,-2.33,17.03,24.09,84.44,0,45.7
2025,13,leclerc,3.0,101635.0,101084.0,100900.0,3,spa,ferrari,6.0,14.0,2.0,222.0,0.0,338.0,119.0,5.0,0.0,7.33,5.4,0.0,-2.0,1.93,17.03,24.09,84.44,0,45.7
2025,13,max_verstappen,4.0,101334.0,100951.0,100903.0,4,spa,red_bull,1.0,5.0,4.0,172.0,2.0,341.0,165.0,3.0,2.0,3.5,5.25,1.0,-2.0,-1.75,17.03,24.09,84.44,0,45.7
2025,13,norris,1.0,101010.0,100715.0,100562.0,2,spa,mclaren,3.0,1.0,1.0,460.0,9.0,0.0,226.0,2.0,4.0,6.67,4.6,0.0,-3.0,2.07,17.03,24.09,84.44,0,45.7
2025,13,ocon,11.0,101884.0,101525.0,,15,spa,haas,14.0,13.0,9.0,29.0,0.0,,23.0,10.0,0.0,10.67,11.0,1.0,4.33,-0.33,17.03,24.09,84.44,0,45.7
2025,13,piastri,2.0,101201.0,100626.0,100647.0,1,spa,mclaren,2.0,2.0,1.0,460.0,9.0,85.0,234.0,1.0,5.0,2.67,2.4,0.0,0.0,0.27,17.03,24.09,84.44,0,45.7
2025,13,russell,6.0,101784.0,101254.0,101260.0,5,spa,mercedes,4.0,10.0,3.0,210.0,1.0,698.0,147.0,4.0,1.0,5.33,6.2,0.0,-2.0,-0.87,17.03,24.09,84.44,0,45.7
2025,13,sainz,15.0,101691.0,101758.0,,18,spa,williams,9.0,12.0,5.0,59.0,0.0,,13.0,15.0,0.0,11.0,11.5,2.0,1.5,-0.5,17.03,24.09,84.44,0,45.7
2025,13,stroll,20.0,102502.0,,,14,spa,aston_martin,17.0,7.0,8.0,36.0,0.0,,20.0,12.0,0.0,12.67,13.6,0.0,4.0,-0.93,17.03,24.09,84.44,0,45.7
2025,13,tsunoda,7.0,101840.0,101245.0,101284.0,13,spa,red_bull,11.0,15.0,4.0,172.0,2.0,722.0,10.0,17.0,0.0,14.33,14.6,1.0,1.33,-0.27,17.03,24.09,84.44,0,45.7
2025,14,albon,20.0,76223.0,,,15,hungaroring,williams,5.0,6.0,5.0,70.0,0.0,,54.0,8.0,0.0,7.0,7.0,3.0,2.0,0.0,22.08,32.73,57.24,0,0.0
2025,14,alonso,5.0,75281.0,75395.0,75481.0,5,hungaroring,aston_martin,20.0,17.0,8.0,36.0,0.0,109.0,16.0,15.0,0.0,11.0,9.8,3.0,1.67,1.2,22.08,32.73,57.24,0,0.0
2025,14,antonelli,15.0,75782.0,76386.0,,10,hungaroring,mercedes,19.0,16.0,3.0,220.0,1.0,,63.0,7.0,0.0,16.0,9.5,4.0,3.0,6.5,22.08,32.73,57.24,0,0.0
2025,14,bearman,11.0,75750.0,75694.0,,20,hungaroring,haas,12.0,11.0,9.0,35.0,0.0,,8.0,18.0,0.0,11.0,12.2,1.0,4.0,-1.2,22.08,32.73,57.24,0,0.0
2025,14,bortoleto,7.0,75586.0,75687.0,75725.0,6,hungaroring,sauber,10.0,9.0,6.0,43.0,0.0,353.0,6.0,19.0,0.0,8.5,10.75,3.0,0.5,-2.25,22.08,32.73,57.24,0,0.0
2025,14,colapinto,14.0,75875.0,76159.0,,18,hungaroring,alpine,15.0,19.0,10.0,20.0,0.0,,0.0,20.0,0.0,17.0,15.5,0.0,-2.5,1.5,22.08,32.73,57.24,0,0.0
2025,14,gasly,17.0,75966.0,,,19,hungaroring,alpine,13.0,10.0,10.0,20.0,0.0,,20.0,12.0,0.0,9.67,10.4,2.0,0.67,-0.73,22.08,32.73,57.24,0,0.0
2025,14,hadjar,10.0,75516.0,75469.0,75915.0,11,hungaroring,rb,8.0,20.0,7.0,41.0,0.0,543.0,22.0,11.0,0.0,16.0,13.75,2.0,-5.5,2.25,22.08,32.73,57.24,0,0.0
2025,14,hamilton,12.0,75733.0,75702.0,,12,hungaroring,ferrari,18.0,7.0,2.0,248.0,0.0,,109.0,6.0,0.0,5.0,5.4,0.0,4.0,-0.4,22.08,32.73,57.24,0,0.0
2025,14,hulkenberg,19.0,76081.0,,,13,hungaroring,sauber,14.0,12.0,6.0,43.0,0.0,,37.0,9.0,0.0,8.0,7.4,0.0,9.67,0.6,22.08,32.73,57.24,0,0.0
2025,14,lawson,9.0,75849.0,75630.0,75821.0,8,hungaroring,rb,9.0,8.0,7.0,41.0,0.0,449.0,16.0,14.0,0.0,7.0,8.33,4.0,0.5,-1.33,22.08,32.73,57.24,0,0.0
2025,14,leclerc,1.0,75582.0,75455.0,75372.0,4,hungaroring,ferrari,3.0,3.0,2.0,248.0,0.0,0.0,139.0,5.0,0.0,6.67,5.6,0.0,-3.0,1.07,22.08,32.73,57.24,0,0.0
2025,14,max_verstappen,8.0,75736.0,75547.0,75728.0,9,hungaroring,red_bull,4.0,4.0,4.0,192.0,2.0,356.0,185.0,3.0,2.0,4.5,5.25,1.0,-2.0,-0.75,22.08,32.73,57.24,0,0.0
2025,14,norris,3.0,75523.0,74890.0,75413.0,1,hungaroring,mclaren,1.0,2.0,1.0,516.0,10.0,41.0,250.0,2.0,4.0,1.33,4.8,0.0,0.33,-3.47,22.08,32.73,57.24,0,0.0
2025,14,ocon,18.0,76023.0,,,16,hungaroring,haas,11.0,15.0,9.0,35.0,0.0,,27.0,10.0,0.0,12.67,12.6,1.0,1.33,0.07,22.08,32.73,57.24,0,0.0
2025,14,piastri,2.0,75211.0,74941.0,75398.0,2,hungaroring,mclaren,2.0,1.0,1.0,516.0,10.0,26.0,266.0,1.0,6.0,1.67,2.0,0.0,0.67,-0.33,22.08,32.73,57.24,0,0.0
2025,14,russell,4.0,75627.0,75201.0,75425.0,3,hungaroring,mercedes,6.0,5.0,3.0,220.0,1.0,53.0,157.0,4.0,1.0,6.67,5.0,0.0,-1.67,1.67,22.08,32.73,57.24,0,0.0
2025,14,sainz,13.0,75652.0,75781.0,,14,hungaroring,williams,17.0,18.0,5.0,70.0,0.0,,16.0,16.0,0.0,15.0,13.5,2.0,-2.0,1.5,22.08,32.73,57.24,0,0.0
2025,14,stroll,6.0,75673.0,75129.0,75498.0,7,hungaroring,aston_martin,16.0,14.0,8.0,36.0,0.0,126.0,20.0,13.0,0.0,11.67,13.4,0.0,4.67,-1.73,22.08,32.73,57.24,0,0.0
2025,14,tsunoda,16.0,75899.0,,,17,hungaroring,red_bull,7.0,13.0,4.0,192.0,2.0,,10.0,17.0,0.0,14.67,13.8,1.0,-2.67,0.87,22.08,32.73,57.24,0,0.0
2025,15,albon,15.0,69792.0,69652.0,,5,zandvoort,williams,19.0,15.0,5.0,70.0,0.0,,54.0,8.0,0.0,9.67,9.67,3.0,2.67,0.0,20.08,27.96,71.18,0,0.0
2025,15,alonso,10.0,69950.0,69366.0,69630.0,8,zandvoort,aston_martin,5.0,5.0,6.0,52.0,0.0,968.0,26.0,11.0,0.0,10.33,9.0,3.0,0.33,1.33,20.08,27.96,71.18,0,0.0
2025,15,antonelli,11.0,69845.0,69493.0,,16,zandvoort,mercedes,15.0,10.0,3.0,236.0,1.0,,64.0,7.0,0.0,13.0,9.67,4.0,4.0,3.33,20.08,27.96,71.18,0,0.0
2025,15,bearman,19.0,70262.0,,,6,zandvoort,haas,11.0,20.0,9.0,35.0,0.0,,8.0,19.0,0.0,11.0,11.0,1.0,4.0,0.0,20.08,27.96,71.18,0,0.0
2025,15,bortoleto,13.0,70037.0,69622.0,,15,zandvoort,sauber,7.0,6.0,7.0,51.0,0.0,,14.0,17.0,0.0,7.5,9.25,3.0,1.0,-1.75,20.08,27.96,71.18,0,0.0
2025,15,colapinto,16.0,70104.0,,,11,zandvoort,alpine,14.0,18.0,10.0,20.0,0.0,,0.0,20.0,0.0,18.5,16.25,0.0,-4.0,2.25,20.08,27.96,71.18,0,0.0
2025,15,gasly,14.0,69894.0,69637.0,,17,zandvoort,alpine,16.0,19.0,10.0,20.0,0.0,,20.0,14.0,0.0,11.67,12.6,2.0,0.67,-0.93,20.08,27.96,71.18,0,0.0
2025,15,hadjar,4.0,69966.0,69439.0,69208.0,3,zandvoort,rb,10.0,11.0,8.0,45.0,0.0,546.0,22.0,13.0,0.0,15.5,14.75,2.0,-6.5,0.75,20.08,27.96,71.18,0,0.0
2025,15,hamilton,7.0,69900.0,69261.0,69390.0,20,zandvoort,ferrari,12.0,12.0,2.0,260.0,0.0,728.0,109.0,6.0,0.0,7.67,6.6,0.0,4.0,1.07,20.08,27.96,71.18,0,0.0
2025,15,hulkenberg,17.0,70195.0,,,14,zandvoort,sauber,18.0,13.0,7.0,51.0,0.0,,37.0,9.0,0.0,9.33,9.0,0.0,7.67,0.33,20.08,27.96,71.18,0,0.0
2025,15,lawson,8.0,69779.0,69383.0,69500.0,12,zandvoort,rb,9.0,8.0,8.0,45.0,0.0,838.0,20.0,15.0,0.0,8.0,7.33,4.0,1.0,0.67,20.08,27.96,71.18,0,0.0
2025,15,leclerc,6.0,69906.0,69304.0,69340.0,19,zandvoort,ferrari,1.0,4.0,2.0,260.0,0.0,678.0,151.0,5.0,0.0,7.0,5.8,0.0,-3.67,1.2,20.08,27.96,71.18,0,0.0
2025,15,max_verstappen,3.0,69696.0,69122.0,68925.0,2,zandvoort,red_bull,8.0,9.0,4.0,194.0,2.0,263.0,187.0,3.0,2.0,6.0,5.0,1.0,-1.67,1.0,20.08,27.96,71.18,0,0.0
2025,15,norris,2.0,69469.0,68874.0,68674.0,18,zandvoort,mclaren,3.0,1.0,1.0,559.0,11.0,12.0,275.0,2.0,5.0,1.33,4.6,0.0,1.0,-3.27,20.08,27.96,71.18,0,0.0
2025,15,ocon,18.0,70197.0,,,10,zandvoort,haas,17.0,16.0,9.0,35.0,0.0,,27.0,10.0,0.0,14.67,12.6,1.0,-0.67,2.07,20.08,27.96,71.18,0,0.0
2025,15,piastri,1.0,69338.0,68964.0,68662.0,1,zandvoort,mclaren,2.0,2.0,1.0,559.0,11.0,0.0,284.0,1.0,6.0,1.67,2.2,0.0,0.33,-0.53,20.08,27.96,71.18,0,0.0
2025,15,russell,5.0,69676.0,69313.0,69255.0,4,zandvoort,mercedes,4.0,3.0,3.0,236.0,1.0,593.0,172.0,4.0,1.0,6.0,4.8,0.0,-1.33,1.2,20.08,27.96,71.18,0,0.0
2025,15,sainz,9.0,69980.0,69472.0,69505.0,13,zandvoort,williams,13.0,14.0,5.0,70.0,0.0,843.0,16.0,16.0,0.0,14.67,13.5,2.0,-1.67,1.17,20.08,27.96,71.18,0,0.0
2025,15,stroll,20.0,,,,7,zandvoort,aston_martin,6.0,7.0,6.0,52.0,0.0,,26.0,12.0,0.0,9.33,11.8,0.0,3.67,-2.47,20.08,27.96,71.18,0,0.0
2025,15,tsunoda,12.0,69954.0,69622.0,,9,zandvoort,red_bull,20.0,17.0,4.0,194.0,2.0,,10.0,18.0,0.0,15.0,14.6,1.0,-2.33,0.4,20.08,27.96,71.18,0,0.0
2025,16,albon,14.0,79837.0,79583.0,,7,monza,williams,15.0,5.0,5.0,80.0,0.0,,64.0,8.0,0.0,8.67,8.5,3.0,4.33,0.17,26.76,43.29,42.6,0,0.0
2025,16,alonso,9.0,79658.0,79362.0,79424.0,19,monza,aston_martin,10.0,8.0,6.0,62.0,0.0,632.0,30.0,12.0,0.0,10.0,9.2,3.0,1.67,0.8,26.76,43.29,42.6,0,0.0
2025,16,antonelli,7.0,79747.0,79245.0,79200.0,9,monza,mercedes,11.0,16.0,3.0,248.0,1.0,408.0,64.0,7.0,0.0,14.0,14.0,4.0,1.0,0.0,26.76,43.29,42.6,0,0.0
2025,16,bearman,11.0,79688.0,79446.0,,12,monza,haas,20.0,6.0,9.0,44.0,0.0,,16.0,16.0,0.0,8.5,9.75,2.0,7.5,-1.25,26.76,43.29,42.6,0,0.0
2025,16,bortoleto,8.0,79688.0,79323.0,79390.0,8,monza,sauber,13.0,15.0,8.0,51.0,0.0,598.0,14.0,18.0,0.0,10.0,9.5,3.0,0.0,0.5,26.76,43.29,42.6,0,0.0
2025,16,colapinto,18.0,79992.0,,,17,monza,alpine,16.0,11.0,10.0,20.0,0.0,,0.0,20.0,0.0,16.0,15.75,0.0,-1.0,0.25,26.76,43.29,42.6,0,0.0
2025,16,gasly,19.0,80103.0,,,16,monza,alpine,14.0,17.0,10.0,20.0,0.0,,20.0,14.0,0.0,15.33,13.0,2.0,-1.0,2.33,26.76,43.29,42.6,0,0.0
2025,16,hadjar,16.0,79917.0,,,10,monza,rb,4.0,3.0,7.0,60.0,0.0,,37.0,10.0,0.0,11.33,11.5,2.0,-4.0,-0.17,26.76,43.29,42.6,0,0.0
2025,16,hamilton,5.0,79765.0,79371.0,79124.0,6,monza,ferrari,7.0,20.0,2.0,260.0,0.0,332.0,109.0,6.0,0.0,9.5,6.75,0.0,5.5,2.75,26.76,43.29,42.6,0,0.0
2025,16,hulkenberg,12.0,79777.0,79498.0,,20,monza,sauber,17.0,14.0,8.0,51.0,0.0,,37.0,9.0,0.0,13.0,10.2,0.0,3.33,2.8,26.76,43.29,42.6,0,0.0
2025,16,lawson,20.0,80279.0,,,14,monza,rb,8.0,12.0,7.0,60.0,0.0,,20.0,15.0,0.0,9.33,8.5,4.0,-0.67,0.83,26.76,43.29,42.6,0,0.0
2025,16,leclerc,4.0,79689.0,79310.0,79007.0,4,monza,ferrari,6.0,19.0,2.0,260.0,0.0,215.0,151.0,5.0,0.0,3.5,6.0,0.0,-1.5,-2.5,26.76,43.29,42.6,0,0.0
2025,16,max_verstappen,1.0,79455.0,79140.0,78792.0,1,monza,red_bull,3.0,2.0,4.0,214.0,2.0,0.0,205.0,3.0,2.0,5.0,5.0,1.0,0.0,0.0,26.76,43.29,42.6,0,0.0
2025,16,norris,2.0,79517.0,79293.0,78869.0,2,monza,mclaren,2.0,18.0,1.0,584.0,12.0,77.0,275.0,2.0,5.0,7.0,4.6,0.0,-5.0,2.4,26.76,43.29,42.6,0,0.0
2025,16,ocon,15.0,79816.0,79707.0,,15,monza,haas,18.0,10.0,9.0,44.0,0.0,,28.0,13.0,0.0,13.67,12.8,1.0,1.67,0.87,26.76,43.29,42.6,0,0.0
2025,16,piastri,3.0,79711.0,79286.0,78982.0,3,monza,mclaren,1.0,1.0,1.0,584.0,12.0,190.0,309.0,1.0,7.0,1.33,1.6,0.0,0.33,-0.27,26.76,43.29,42.6,0,0.0
2025,16,russell,6.0,79414.0,79287.0,79157.0,5,monza,mercedes,5.0,4.0,3.0,248.0,1.0,365.0,184.0,4.0,1.0,4.0,5.4,0.0,1.0,-1.4,26.76,43.29,42.6,0,0.0
2025,16,sainz,13.0,79644.0,79528.0,,11,monza,williams,9.0,13.0,5.0,80.0,0.0,,16.0,17.0,0.0,15.0,14.25,2.0,-2.0,0.75,26.76,43.29,42.6,0,0.0
2025,16,stroll,17.0,79948.0,,,18,monza,aston_martin,19.0,7.0,6.0,62.0,0.0,,32.0,11.0,0.0,9.33,9.8,0.0,4.33,-0.47,26.76,43.29,42.6,0,0.0
2025,16,tsunoda,10.0,79619.0,79433.0,79519.0,13,monza,red_bull,12.0,9.0,4.0,214.0,2.0,727.0,12.0,19.0,0.0,13.0,14.0,1.0,0.0,-1.0,26.76,43.29,42.6,0,0.0
2025,17,albon,19.0,103778.0,,,13,baku,williams,14.0,7.0,5.0,86.0,0.0,,70.0,7.0,0.0,9.0,8.2,3.0,7.0,0.8,20.55,26.11,59.83,0,0.0
2025,17,alonso,11.0,102211.0,101857.0,,15,baku,aston_martin,8.0,19.0,6.0,62.0,0.0,,30.0,12.0,0.0,6.5,9.75,3.0,1.0,-3.25,20.55,26.11,59.83,0,0.0
2025,17,antonelli,4.0,102247.0,101464.0,101717.0,4,baku,mercedes,6.0,9.0,3.0,260.0,1.0,600.0,66.0,8.0,0.0,11.67,12.75,4.0,-1.0,-1.08,20.55,26.11,59.83,0,0.0
2025,17,bearman,15.0,102666.0,,,12,baku,haas,11.0,12.0,9.0,44.0,0.0,,16.0,17.0,0.0,9.0,10.0,2.0,6.5,-1.0,20.55,26.11,59.83,0,0.0
2025,17,bortoleto,13.0,102511.0,102277.0,,11,baku,sauber,7.0,8.0,8.0,55.0,0.0,,18.0,16.0,0.0,9.67,9.5,3.0,-0.67,0.17,20.55,26.11,59.83,0,0.0
2025,17,colapinto,16.0,102779.0,,,19,baku,alpine,17.0,17.0,10.0,20.0,0.0,,0.0,20.0,0.0,15.33,16.25,0.0,0.33,-0.92,20.55,26.11,59.83,0,0.0
2025,17,gasly,18.0,103139.0,,,18,baku,alpine,20.0,16.0,10.0,20.0,0.0,,20.0,14.0,0.0,17.33,13.6,2.0,-0.67,3.73,20.55,26.11,59.83,0,0.0
2025,17,hadjar,8.0,101656.0,101647.0,102372.0,10,baku,rb,19.0,10.0,7.0,61.0,0.0,1255.0,38.0,9.0,0.0,8.0,11.0,2.0,3.0,-3.0,20.55,26.11,59.83,0,0.0
2025,17,hamilton,12.0,101821.0,102183.0,,8,baku,ferrari,10.0,6.0,2.0,280.0,0.0,,117.0,6.0,0.0,9.0,7.25,1.0,2.0,1.75,20.55,26.11,59.83,0,0.0
2025,17,hulkenberg,17.0,102916.0,,,16,baku,sauber,12.0,20.0,8.0,55.0,0.0,,37.0,10.0,0.0,13.5,10.5,0.0,4.0,3.0,20.55,26.11,59.83,0,0.0
2025,17,lawson,3.0,102257.0,101537.0,101707.0,5,baku,rb,18.0,14.0,7.0,61.0,0.0,590.0,20.0,15.0,0.0,11.33,10.5,4.0,0.33,0.83,20.55,26.11,59.83,0,0.0
2025,17,leclerc,10.0,101458.0,101519.0,,9,baku,ferrari,4.0,4.0,2.0,280.0,0.0,,163.0,5.0,0.0,4.0,6.25,1.0,-1.5,-2.25,20.55,26.11,59.83,0,0.0
2025,17,max_verstappen,1.0,101331.0,101255.0,101117.0,1,baku,red_bull,1.0,1.0,4.0,239.0,3.0,0.0,230.0,3.0,3.0,4.0,4.2,1.0,0.0,-0.2,20.55,26.11,59.83,0,0.0
2025,17,norris,7.0,101322.0,101396.0,102239.0,7,baku,mclaren,2.0,2.0,1.0,617.0,12.0,1122.0,293.0,2.0,5.0,7.0,4.8,0.0,-4.67,2.2,20.55,26.11,59.83,0,0.0
2025,17,ocon,20.0,,,,14,baku,haas,15.0,15.0,9.0,44.0,0.0,,28.0,13.0,0.0,13.67,13.8,1.0,3.0,-0.13,20.55,26.11,59.83,0,0.0
2025,17,piastri,9.0,101839.0,101414.0,,20,baku,mclaren,3.0,3.0,1.0,617.0,12.0,,324.0,1.0,7.0,2.0,1.8,0.0,0.0,0.2,20.55,26.11,59.83,0,0.0
2025,17,russell,5.0,101646.0,101455.0,102070.0,2,baku,mercedes,5.0,5.0,3.0,260.0,1.0,953.0,194.0,4.0,1.0,4.0,5.4,0.0,0.67,-1.4,20.55,26.11,59.83,0,0.0
2025,17,sainz,2.0,102635.0,101675.0,101595.0,3,baku,williams,13.0,11.0,5.0,86.0,0.0,478.0,16.0,18.0,0.0,12.67,13.6,2.0,-1.0,-0.93,20.55,26.11,59.83,0,0.0
2025,17,stroll,14.0,102101.0,103061.0,,17,baku,aston_martin,16.0,18.0,6.0,62.0,0.0,,32.0,11.0,0.0,10.67,10.6,0.0,3.0,0.07,20.55,26.11,59.83,0,0.0
2025,17,tsunoda,6.0,102347.0,101788.0,102143.0,6,baku,red_bull,9.0,13.0,4.0,239.0,3.0,1026.0,12.0,19.0,0.0,13.0,13.4,1.0,0.67,-0.4,20.55,26.11,59.83,0,0.0
2025,18,albon,19.0,,,,14,marina_bay,williams,19.0,13.0,5.0,101.0,0.0,,70.0,8.0,0.0,8.33,9.2,3.0,7.67,-0.87,29.07,33.85,74.36,0,3.7
2025,18,alonso,10.0,90745.0,90054.0,89955.0,7,marina_bay,aston_martin,11.0,15.0,7.0,62.0,0.0,797.0,30.0,14.0,0.0,11.5,11.25,4.0,-1.0,0.25,29.07,33.85,74.36,0,3.7
2025,18,antonelli,4.0,90036.0,89649.0,89537.0,5,marina_bay,mercedes,4.0,4.0,2.0,290.0,1.0,379.0,78.0,7.0,0.0,9.67,11.0,4.0,-2.67,-1.33,29.07,33.85,74.36,0,3.7
2025,18,bearman,9.0,90420.0,90076.0,89868.0,9,marina_bay,haas,15.0,12.0,9.0,44.0,0.0,710.0,16.0,19.0,0.0,10.0,10.25,2.0,5.33,-0.25,29.07,33.85,74.36,0,3.7
2025,18,bortoleto,14.0,90820.0,,,17,marina_bay,sauber,13.0,11.0,8.0,55.0,0.0,,18.0,18.0,0.0,11.33,9.8,3.0,-0.33,1.53,29.07,33.85,74.36,0,3.7
2025,18,colapinto,16.0,90982.0,,,16,marina_bay,alpine,16.0,19.0,10.0,20.0,0.0,,0.0,20.0,0.0,15.67,16.8,0.0,0.67,-1.13,29.07,33.85,74.36,0,3.7
2025,18,gasly,18.0,91261.0,,,19,marina_bay,alpine,18.0,18.0,10.0,20.0,0.0,,20.0,16.0,0.0,17.0,16.0,2.0,0.33,1.0,29.07,33.85,74.36,0,3.7
2025,18,hadjar,8.0,90214.0,90016.0,89846.0,11,marina_bay,rb,8.0,10.0,6.0,72.0,0.0,688.0,39.0,9.0,0.0,7.67,10.8,2.0,2.67,-3.13,29.07,33.85,74.36,0,3.7
2025,18,hamilton,6.0,89765.0,89936.0,89688.0,8,marina_bay,ferrari,12.0,8.0,3.0,286.0,0.0,530.0,121.0,6.0,0.0,7.0,8.25,1.0,4.0,-1.25,29.07,33.85,74.36,0,3.7
2025,18,hulkenberg,11.0,90715.0,90141.0,,20,marina_bay,sauber,17.0,16.0,8.0,55.0,0.0,,37.0,10.0,0.0,15.0,13.75,0.0,2.0,1.25,29.07,33.85,74.36,0,3.7
2025,18,lawson,12.0,90681.0,90320.0,,15,marina_bay,rb,3.0,5.0,6.0,72.0,0.0,,30.0,13.0,0.0,10.33,9.4,4.0,-0.67,0.93,29.07,33.85,74.36,0,3.7
2025,18,leclerc,7.0,90370.0,89914.0,89784.0,6,marina_bay,ferrari,10.0,9.0,3.0,286.0,0.0,626.0,165.0,5.0,0.0,6.5,5.0,1.0,0.5,1.5,29.07,33.85,74.36,0,3.7
2025,18,max_verstappen,2.0,90028.0,89572.0,89340.0,2,marina_bay,red_bull,1.0,1.0,4.0,272.0,4.0,182.0,255.0,3.0,4.0,1.33,3.4,1.0,0.33,-2.07,29.07,33.85,74.36,0,3.7
2025,18,norris,5.0,89932.0,89809.0,89586.0,3,marina_bay,mclaren,7.0,7.0,1.0,623.0,12.0,428.0,299.0,2.0,5.0,9.0,6.0,0.0,-5.33,3.0,29.07,33.85,74.36,0,3.7
2025,18,ocon,17.0,90989.0,,,18,marina_bay,haas,20.0,14.0,9.0,44.0,0.0,,28.0,15.0,0.0,13.0,14.0,1.0,4.67,-1.0,29.07,33.85,74.36,0,3.7
2025,18,piastri,3.0,90313.0,89813.0,89524.0,4,marina_bay,mclaren,9.0,20.0,1.0,623.0,12.0,366.0,324.0,1.0,7.0,2.0,1.75,0.0,0.0,0.25,29.07,33.85,74.36,0,3.7
2025,18,russell,1.0,89928.0,89562.0,89158.0,1,marina_bay,mercedes,5.0,2.0,2.0,290.0,1.0,0.0,212.0,4.0,1.0,3.67,3.8,0.0,1.33,-0.13,29.07,33.85,74.36,0,3.7
2025,18,sainz,20.0,,,,10,marina_bay,williams,2.0,3.0,5.0,101.0,0.0,,31.0,12.0,0.0,9.0,11.8,2.0,-1.0,-2.8,29.07,33.85,74.36,0,3.7
2025,18,stroll,15.0,90949.0,,,13,marina_bay,aston_martin,14.0,17.0,7.0,62.0,0.0,,32.0,11.0,0.0,14.0,12.6,0.0,2.33,1.4,29.07,33.85,74.36,0,3.7
2025,18,tsunoda,13.0,90574.0,90353.0,,12,marina_bay,red_bull,6.0,6.0,4.0,272.0,4.0,,20.0,17.0,0.0,9.33,11.6,1.0,-0.33,-2.27,29.07,33.85,74.36,0,3.7
2025,19,albon,19.0,94690.0,,,14,americas,williams,20.0,14.0,5.0,102.0,0.0,,70.0,8.0,0.0,11.33,10.8,3.0,6.33,0.53,28.27,45.04,22.53,0,0.0
2025,19,alonso,10.0,93741.0,93237.0,93160.0,10,americas,aston_martin,10.0,7.0,7.0,68.0,0.0,650.0,36.0,11.0,0.0,11.0,8.75,4.0,-0.5,2.25,28.27,45.04,22.53,0,0.0
2025,19,antonelli,7.0,93501.0,93044.0,93114.0,13,americas,mercedes,4.0,5.0,2.0,325.0,2.0,604.0,88.0,7.0,0.0,6.0,8.8,4.0,-1.33,-2.8,28.27,45.04,22.53,0,0.0
2025,19,bearman,8.0,93921.0,93238.0,93139.0,9,americas,haas,9.0,9.0,9.0,46.0,0.0,629.0,18.0,19.0,0.0,11.0,9.75,2.0,0.67,1.25,28.27,45.04,22.53,0,0.0
2025,19,bortoleto,16.0,94125.0,,,18,americas,sauber,14.0,17.0,8.0,55.0,0.0,,18.0,18.0,0.0,12.0,11.4,3.0,-0.67,0.6,28.27,45.04,22.53,0,0.0
2025,19,colapinto,15.0,94039.0,94044.0,,17,americas,alpine,16.0,16.0,10.0,20.0,0.0,,0.0,20.0,0.0,17.33,16.2,0.0,-1.0,1.13,28.27,45.04,22.53,0,0.0
2025,19,gasly,14.0,93599.0,93651.0,,19,americas,alpine,19.0,19.0,10.0,20.0,0.0,,20.0,16.0,0.0,17.67,17.8,2.0,1.33,-0.13,28.27,45.04,22.53,0,0.0
2025,19,hadjar,20.0,,,,16,americas,rb,8.0,11.0,6.0,72.0,0.0,,39.0,9.0,0.0,10.33,9.0,2.0,1.33,1.33,28.27,45.04,22.53,0,0.0
2025,19,hamilton,5.0,93685.0,92914.0,92912.0,4,americas,ferrari,6.0,8.0,3.0,298.0,0.0,402.0,125.0,6.0,0.0,7.33,8.5,1.0,2.0,-1.17,28.27,45.04,22.53,0,0.0
2025,19,hulkenberg,11.0,93551.0,93334.0,,8,americas,sauber,11.0,20.0,8.0,55.0,0.0,,37.0,10.0,0.0,18.0,15.75,0.0,-4.0,2.25,28.27,45.04,22.53,0,0.0
2025,19,lawson,12.0,93549.0,93360.0,,11,americas,rb,12.0,15.0,6.0,72.0,0.0,,30.0,14.0,0.0,11.33,10.8,4.0,-0.33,0.53,28.27,45.04,22.53,0,0.0
2025,19,leclerc,3.0,93525.0,92869.0,92807.0,3,americas,ferrari,7.0,6.0,3.0,298.0,0.0,297.0,173.0,5.0,0.0,6.33,5.75,1.0,0.67,0.58,28.27,45.04,22.53,0,0.0
2025,19,max_verstappen,1.0,93207.0,92701.0,92510.0,1,americas,red_bull,2.0,2.0,4.0,290.0,4.0,0.0,273.0,3.0,4.0,1.33,3.0,1.0,0.0,-1.67,28.27,45.04,22.53,0,0.0
2025,19,norris,2.0,93843.0,92876.0,92801.0,2,americas,mclaren,5.0,3.0,1.0,650.0,12.0,291.0,314.0,2.0,5.0,4.0,6.2,0.0,0.67,-2.2,28.27,45.04,22.53,0,0.0
2025,19,ocon,17.0,94136.0,,,15,americas,haas,17.0,18.0,9.0,46.0,0.0,,28.0,15.0,0.0,15.67,14.6,1.0,1.67,1.07,28.27,45.04,22.53,0,0.0
2025,19,piastri,6.0,93746.0,93228.0,93084.0,5,americas,mclaren,3.0,4.0,1.0,650.0,12.0,574.0,336.0,1.0,7.0,3.5,2.5,1.0,-0.5,1.0,28.27,45.04,22.53,0,0.0
2025,19,russell,4.0,93311.0,93058.0,92826.0,6,americas,mercedes,1.0,1.0,2.0,325.0,2.0,316.0,237.0,4.0,2.0,2.67,3.0,0.0,1.0,-0.33,28.27,45.04,22.53,0,0.0
2025,19,sainz,9.0,93739.0,93124.0,93150.0,20,americas,williams,18.0,10.0,5.0,102.0,0.0,640.0,32.0,12.0,0.0,8.0,10.2,2.0,3.0,-2.2,28.27,45.04,22.53,0,0.0
2025,19,stroll,18.0,94540.0,,,12,americas,aston_martin,15.0,13.0,7.0,68.0,0.0,,32.0,13.0,0.0,16.0,12.4,0.0,-1.0,3.6,28.27,45.04,22.53,0,0.0
2025,19,tsunoda,13.0,93935.0,93466.0,,7,americas,red_bull,13.0,12.0,4.0,290.0,4.0,,20.0,17.0,0.0,10.33,11.4,1.0,-1.0,-1.07,28.27,45.04,22.53,0,0.0
2025,20,albon,17.0,77490.0,,,12,rodriguez,williams,18.0,14.0,5.0,111.0,0.0,,73.0,8.0,0.0,13.67,10.6,3.0,5.33,3.07,26.41,50.59,23.23,0,0.0
2025,20,alonso,14.0,77232.0,77103.0,,18,rodriguez,aston_martin,10.0,10.0,7.0,69.0,0.0,,37.0,12.0,0.0,10.67,10.0,4.0,-0.33,0.67,26.41,50.59,23.23,0,0.0
2025,20,antonelli,6.0,77291.0,76773.0,76118.0,6,rodriguez,mercedes,7.0,13.0,2.0,341.0,2.0,532.0,89.0,7.0,0.0,7.33,9.4,4.0,-2.33,-2.07,26.41,50.59,23.23,0,0.0
2025,20,bearman,10.0,77040.0,76787.0,76460.0,4,rodriguez,haas,8.0,9.0,9.0,48.0,0.0,874.0,20.0,18.0,0.0,10.0,9.6,2.0,0.67,0.4,26.41,50.59,23.23,0,0.0
2025,20,bortoleto,16.0,77412.0,,,10,rodriguez,sauber,16.0,18.0,8.0,59.0,0.0,,18.0,19.0,0.0,15.33,13.8,3.0,-1.0,1.53,26.41,50.59,23.23,0,0.0
2025,20,colapinto,20.0,77670.0,,,16,rodriguez,alpine,15.0,17.0,10.0,20.0,0.0,,0.0,20.0,0.0,17.33,16.0,0.0,-1.67,1.33,26.41,50.59,23.23,0,0.0
2025,20,gasly,18.0,77546.0,,,15,rodriguez,alpine,14.0,19.0,10.0,20.0,0.0,,20.0,17.0,0.0,18.67,17.8,2.0,-1.67,0.87,26.41,50.59,23.23,0,0.0
2025,20,hadjar,9.0,76733.0,76804.0,76252.0,13,rodriguez,rb,20.0,16.0,6.0,72.0,0.0,666.0,39.0,10.0,0.0,12.33,10.0,2.0,-0.33,2.33,26.41,50.59,23.23,0,0.0
2025,20,hamilton,3.0,76736.0,76458.0,75938.0,8,rodriguez,ferrari,5.0,4.0,3.0,334.0,0.0,352.0,142.0,6.0,0.0,6.67,6.5,1.0,1.0,0.17,26.41,50.59,23.23,0,0.0
2025,20,hulkenberg,13.0,77251.0,77016.0,,19,rodriguez,sauber,11.0,8.0,8.0,59.0,0.0,,41.0,9.0,0.0,14.67,14.5,0.0,-1.67,0.17,26.41,50.59,23.23,0,0.0
2025,20,lawson,15.0,76961.0,78072.0,,20,rodriguez,rb,12.0,11.0,6.0,72.0,0.0,,30.0,14.0,0.0,10.33,11.4,4.0,-1.33,-1.07,26.41,50.59,23.23,0,0.0
2025,20,leclerc,2.0,77024.0,76658.0,75848.0,2,rodriguez,ferrari,3.0,3.0,3.0,334.0,0.0,262.0,192.0,5.0,0.0,6.0,5.5,1.0,0.67,0.5,26.41,50.59,23.23,0,0.0
2025,20,max_verstappen,5.0,77076.0,76605.0,76070.0,3,rodriguez,red_bull,1.0,1.0,4.0,331.0,5.0,484.0,306.0,3.0,5.0,1.33,1.4,1.0,0.0,-0.07,26.41,50.59,23.23,0,0.0
2025,20,norris,1.0,76899.0,76252.0,75586.0,1,rodriguez,mclaren,2.0,2.0,1.0,678.0,12.0,0.0,332.0,2.0,5.0,4.0,6.4,0.0,0.67,-2.4,26.41,50.59,23.23,0,0.0
2025,20,ocon,12.0,76948.0,76837.0,,9,rodriguez,haas,17.0,15.0,9.0,48.0,0.0,,28.0,15.0,0.0,15.67,14.4,1.0,2.33,1.27,26.41,50.59,23.23,0,0.0
2025,20,piastri,8.0,77158.0,76737.0,76174.0,5,rodriguez,mclaren,6.0,5.0,1.0,678.0,12.0,588.0,346.0,1.0,7.0,4.5,3.25,1.0,0.0,1.25,26.41,50.59,23.23,0,0.0
2025,20,russell,4.0,76895.0,76537.0,76034.0,7,rodriguez,mercedes,4.0,6.0,2.0,341.0,2.0,448.0,252.0,4.0,2.0,3.0,3.6,0.0,0.33,-0.6,26.41,50.59,23.23,0,0.0
2025,20,sainz,7.0,77171.0,76607.0,76172.0,17,rodriguez,williams,9.0,20.0,5.0,111.0,0.0,586.0,38.0,11.0,0.0,6.5,9.25,2.0,3.5,-2.75,26.41,50.59,23.23,0,0.0
2025,20,stroll,19.0,77606.0,,,14,rodriguez,aston_martin,19.0,12.0,7.0,69.0,0.0,,32.0,13.0,0.0,14.0,13.4,0.0,2.0,0.6,26.41,50.59,23.23,0,0.0
2025,20,tsunoda,11.0,77234.0,76816.0,,11,rodriguez,red_bull,13.0,7.0,4.0,331.0,5.0,,28.0,16.0,0.0,8.33,9.4,1.0,2.33,-1.07,26.41,50.59,23.23,0,0.0
2025,21,albon,12.0,70115.0,70053.0,,11,interlagos,williams,17.0,12.0,5.0,111.0,0.0,,73.0,8.0,0.0,13.33,12.0,3.0,5.0,1.33,17.35,30.69,70.57,0,0.0
2025,21,alonso,11.0,70181.0,70001.0,,14,interlagos,aston_martin,14.0,18.0,7.0,69.0,0.0,,37.0,12.0,0.0,8.5,10.67,4.0,1.5,-2.17,17.35,30.69,70.57,0,0.0
2025,21,antonelli,2.0,70192.0,69774.0,69685.0,2,interlagos,mercedes,6.0,6.0,3.0,355.0,2.0,174.0,97.0,7.0,0.0,8.0,7.4,4.0,-2.33,0.6,17.35,30.69,70.57,0,0.0
2025,21,bearman,8.0,69891.0,69755.0,69977.0,6,interlagos,haas,9.0,4.0,8.0,62.0,0.0,466.0,32.0,13.0,0.0,7.33,9.2,2.0,1.33,-1.87,17.35,30.69,70.57,0,0.0
2025,21,bortoleto,,,,,20,interlagos,sauber,16.0,10.0,9.0,60.0,0.0,,19.0,19.0,0.0,15.0,12.8,3.0,0.33,2.2,17.35,30.69,70.57,0,0.0
2025,21,colapinto,18.0,70632.0,,,15,interlagos,alpine,20.0,16.0,10.0,20.0,0.0,,0.0,20.0,0.0,16.33,17.0,0.0,0.67,-0.67,17.35,30.69,70.57,0,0.0
2025,21,gasly,9.0,69885.0,69857.0,70002.0,10,interlagos,alpine,18.0,15.0,10.0,20.0,0.0,491.0,20.0,18.0,0.0,17.67,17.4,2.0,-0.67,0.27,17.35,30.69,70.57,0,0.0
2025,21,hadjar,5.0,70083.0,69970.0,69931.0,8,interlagos,rb,8.0,13.0,6.0,72.0,0.0,420.0,39.0,10.0,0.0,13.33,12.0,2.0,-1.33,1.33,17.35,30.69,70.57,0,0.0
2025,21,hamilton,13.0,70016.0,70100.0,,18,interlagos,ferrari,3.0,8.0,2.0,356.0,0.0,,146.0,6.0,0.0,6.67,6.8,1.0,-2.0,-0.13,17.35,30.69,70.57,0,0.0
2025,21,hulkenberg,10.0,70337.0,69985.0,70039.0,9,interlagos,sauber,13.0,19.0,9.0,60.0,0.0,528.0,41.0,9.0,0.0,14.0,14.67,0.0,-3.0,-0.67,17.35,30.69,70.57,0,0.0
2025,21,lawson,7.0,70108.0,69950.0,69962.0,7,interlagos,rb,15.0,20.0,6.0,72.0,0.0,451.0,30.0,15.0,0.0,13.0,11.25,4.0,-1.0,1.75,17.35,30.69,70.57,0,0.0
2025,21,leclerc,3.0,69934.0,69801.0,69805.0,19,interlagos,ferrari,2.0,2.0,2.0,356.0,0.0,294.0,210.0,5.0,0.0,3.67,4.8,1.0,0.33,-1.13,17.35,30.69,70.57,0,0.0
2025,21,max_verstappen,16.0,70403.0,,,3,interlagos,red_bull,5.0,3.0,4.0,346.0,5.0,,321.0,3.0,5.0,2.0,1.6,1.0,0.67,0.4,17.35,30.69,70.57,0,0.0
2025,21,norris,1.0,69656.0,69616.0,69511.0,1,interlagos,mclaren,1.0,1.0,1.0,713.0,13.0,0.0,357.0,1.0,6.0,2.0,3.0,0.0,0.67,-1.0,17.35,30.69,70.57,0,0.0
2025,21,ocon,17.0,70438.0,,,12,interlagos,haas,11.0,9.0,8.0,62.0,0.0,,30.0,16.0,0.0,14.0,14.2,1.0,1.0,-0.2,17.35,30.69,70.57,0,0.0
2025,21,piastri,4.0,69928.0,69835.0,69886.0,5,interlagos,mclaren,7.0,5.0,1.0,713.0,13.0,375.0,356.0,2.0,7.0,4.67,4.25,1.0,0.67,0.42,17.35,30.69,70.57,0,0.0
2025,21,russell,6.0,69935.0,69880.0,69942.0,4,interlagos,mercedes,4.0,7.0,3.0,355.0,2.0,431.0,258.0,4.0,2.0,4.67,4.2,0.0,-1.67,0.47,17.35,30.69,70.57,0,0.0
2025,21,sainz,15.0,70184.0,70472.0,,13,interlagos,williams,12.0,17.0,5.0,111.0,0.0,,38.0,11.0,0.0,13.5,10.25,3.0,1.5,3.25,17.35,30.69,70.57,0,0.0
2025,21,stroll,14.0,70041.0,70161.0,,16,interlagos,aston_martin,19.0,14.0,7.0,69.0,0.0,,32.0,14.0,0.0,13.0,14.8,0.0,4.67,-1.8,17.35,30.69,70.57,0,0.0
2025,21,tsunoda,19.0,70711.0,,,17,interlagos,red_bull,10.0,11.0,4.0,346.0,5.0,,28.0,17.0,0.0,10.0,9.8,1.0,2.0,0.2,17.35,30.69,70.57,0,0.0
2025,22,albon,16.0,116220.0,,,16,vegas,williams,12.0,11.0,5.0,111.0,0.0,,73.0,8.0,0.0,12.33,12.8,3.0,3.33,-0.47,16.73,19.53,37.77,0,0.0
2025,22,alonso,7.0,113739.0,111865.0,109466.0,11,vegas,aston_martin,11.0,14.0,7.0,72.0,0.0,1532.0,40.0,12.0,0.0,12.0,11.5,5.0,-1.5,0.5,16.73,19.53,37.77,0,0.0
2025,22,antonelli,17.0,116314.0,,,3,vegas,mercedes,2.0,2.0,2.0,398.0,2.0,,122.0,7.0,0.0,7.0,6.0,4.0,-2.0,1.0,16.73,19.53,37.77,0,0.0
2025,22,bearman,14.0,116016.0,113094.0,,10,vegas,haas,8.0,6.0,8.0,70.0,0.0,,40.0,11.0,0.0,6.33,8.0,2.0,2.0,-1.67,16.73,19.53,37.77,0,0.0
2025,22,bortoleto,18.0,116674.0,,,17,vegas,sauber,18.0,20.0,9.0,62.0,0.0,,19.0,19.0,0.0,14.0,14.0,3.0,2.0,0.0,16.73,19.53,37.77,0,0.0
2025,22,colapinto,15.0,114847.0,113683.0,,15,vegas,alpine,16.0,15.0,10.0,22.0,0.0,,0.0,20.0,0.0,16.0,16.6,0.0,1.0,-0.6,16.73,19.53,37.77,0,0.0
2025,22,gasly,10.0,114432.0,111760.0,111540.0,13,vegas,alpine,9.0,10.0,10.0,22.0,0.0,3606.0,22.0,18.0,0.0,14.67,16.2,2.0,-1.0,-1.53,16.73,19.53,37.77,0,0.0
2025,22,hadjar,8.0,115613.0,111120.0,109554.0,6,vegas,rb,5.0,8.0,6.0,82.0,0.0,1620.0,43.0,10.0,0.0,12.33,11.6,2.0,-1.33,0.73,16.73,19.53,37.77,0,0.0
2025,22,hamilton,20.0,117115.0,,,8,vegas,ferrari,13.0,18.0,4.0,362.0,0.0,,148.0,6.0,0.0,6.0,7.0,1.0,-2.0,-1.0,16.73,19.53,37.77,0,0.0
2025,22,hulkenberg,11.0,114555.0,112781.0,,7,vegas,sauber,10.0,9.0,9.0,62.0,0.0,,43.0,9.0,0.0,8.5,13.25,1.0,2.0,-4.75,16.73,19.53,37.77,0,0.0
2025,22,lawson,6.0,114828.0,111621.0,109062.0,14,vegas,rb,7.0,7.0,6.0,82.0,0.0,1128.0,36.0,14.0,0.0,9.0,9.5,5.0,0.5,-0.5,16.73,19.53,37.77,0,0.0
2025,22,leclerc,9.0,114814.0,111952.0,109872.0,4,vegas,ferrari,3.0,19.0,4.0,362.0,0.0,1938.0,214.0,5.0,0.0,2.5,5.0,1.0,0.0,-2.5,16.73,19.53,37.77,0,0.0
2025,22,max_verstappen,2.0,113458.0,111593.0,108257.0,1,vegas,red_bull,19.0,3.0,3.0,366.0,5.0,323.0,341.0,3.0,5.0,2.33,2.0,1.0,6.0,0.33,16.73,19.53,37.77,0,0.0
2025,22,norris,1.0,115473.0,111379.0,107934.0,19,vegas,mclaren,1.0,1.0,1.0,756.0,14.0,0.0,390.0,1.0,7.0,1.33,2.8,0.0,0.0,-1.47,16.73,19.53,37.77,0,0.0
2025,22,ocon,13.0,114635.0,112987.0,,9,vegas,haas,20.0,12.0,8.0,70.0,0.0,,30.0,16.0,0.0,12.0,13.6,1.0,4.0,-1.6,16.73,19.53,37.77,0,0.0
2025,22,piastri,5.0,114544.0,112126.0,108961.0,20,vegas,mclaren,4.0,5.0,1.0,756.0,14.0,1027.0,366.0,2.0,7.0,5.0,4.75,1.0,0.67,0.25,16.73,19.53,37.77,0,0.0
2025,22,russell,4.0,113144.0,110935.0,108803.0,2,vegas,mercedes,6.0,4.0,2.0,398.0,2.0,869.0,276.0,4.0,2.0,5.67,4.0,0.0,-1.0,1.67,16.73,19.53,37.77,0,0.0
2025,22,sainz,3.0,114873.0,111144.0,108296.0,5,vegas,williams,15.0,13.0,5.0,111.0,0.0,362.0,38.0,13.0,0.0,15.0,10.75,3.0,-1.5,4.25,16.73,19.53,37.77,0,0.0
2025,22,stroll,12.0,114416.0,112850.0,,18,vegas,aston_martin,14.0,16.0,7.0,72.0,0.0,,32.0,15.0,0.0,14.0,14.4,0.0,3.33,-0.4,16.73,19.53,37.77,0,0.0
2025,22,tsunoda,19.0,116798.0,,,12,vegas,red_bull,17.0,17.0,3.0,366.0,5.0,,28.0,17.0,0.0,11.67,10.6,1.0,1.67,1.07,16.73,19.53,37.77,0,0.0
2025,23,albon,15.0,80629.0,80629.0,,11,losail,williams,16.0,16.0,5.0,121.0,0.0,,73.0,8.0,0.0,11.5,12.75,3.0,3.0,-1.25,22.6,28.16,69.05,0,0.0
2025,23,alonso,8.0,80598.0,80219.0,80418.0,7,losail,aston_martin,7.0,11.0,8.0,72.0,0.0,1031.0,40.0,13.0,0.0,12.5,10.5,5.0,-3.5,2.0,22.6,28.16,69.05,0,0.0
2025,23,antonelli,5.0,80576.0,80084.0,79846.0,5,losail,mercedes,17.0,3.0,2.0,431.0,2.0,459.0,137.0,7.0,0.0,3.67,5.8,4.0,4.67,-2.13,22.6,28.16,69.05,0,0.0
2025,23,bearman,13.0,80548.0,80438.0,,19,losail,haas,14.0,10.0,7.0,73.0,0.0,,41.0,12.0,0.0,6.67,7.6,2.0,3.67,-0.93,22.6,28.16,69.05,0,0.0
2025,23,bortoleto,14.0,80653.0,80534.0,,13,losail,sauber,18.0,17.0,9.0,68.0,0.0,,19.0,19.0,0.0,10.0,15.0,4.0,6.0,-5.0,22.6,28.16,69.05,0,0.0
2025,23,colapinto,20.0,81137.0,,,14,losail,alpine,15.0,15.0,10.0,22.0,0.0,,0.0,20.0,0.0,15.33,15.8,0.0,1.67,-0.47,22.6,28.16,69.05,0,0.0
2025,23,gasly,9.0,80681.0,80324.0,80477.0,16,losail,alpine,10.0,13.0,10.0,22.0,0.0,1090.0,22.0,18.0,0.0,12.67,15.2,2.0,-0.33,-2.53,22.6,28.16,69.05,0,0.0
2025,23,hadjar,6.0,80603.0,80350.0,80114.0,18,losail,rb,8.0,6.0,6.0,90.0,0.0,727.0,51.0,9.0,0.0,9.0,10.8,2.0,-2.0,-1.8,22.6,28.16,69.05,0,0.0
2025,23,hamilton,18.0,80907.0,,,12,losail,ferrari,19.0,8.0,4.0,378.0,0.0,,152.0,6.0,0.0,8.0,7.0,2.0,3.0,1.0,22.6,28.16,69.05,0,0.0
2025,23,hulkenberg,11.0,80630.0,80353.0,,20,losail,sauber,11.0,7.0,9.0,68.0,0.0,,49.0,10.0,0.0,8.0,11.0,1.0,2.5,-3.0,22.6,28.16,69.05,0,0.0
2025,23,lawson,12.0,80539.0,80433.0,,9,losail,rb,6.0,14.0,6.0,90.0,0.0,,36.0,14.0,0.0,10.5,11.75,5.0,-4.0,-1.25,22.6,28.16,69.05,0,0.0
2025,23,leclerc,10.0,80564.0,80343.0,80561.0,8,losail,ferrari,9.0,4.0,4.0,378.0,0.0,1174.0,226.0,5.0,0.0,3.0,3.75,2.0,2.5,-0.75,22.6,28.16,69.05,0,0.0
2025,23,max_verstappen,3.0,80472.0,79985.0,79651.0,1,losail,red_bull,2.0,1.0,3.0,391.0,6.0,264.0,366.0,3.0,6.0,2.33,2.0,1.0,6.33,0.33,22.6,28.16,69.05,0,0.0
2025,23,norris,2.0,80157.0,79861.0,79495.0,4,losail,mclaren,1.0,19.0,1.0,756.0,14.0,108.0,390.0,1.0,7.0,1.0,1.75,0.0,0.0,-0.75,22.6,28.16,69.05,0,0.0
2025,23,ocon,17.0,80864.0,,,15,losail,haas,13.0,9.0,7.0,73.0,0.0,,32.0,15.0,0.0,10.0,12.6,1.0,4.67,-2.6,22.6,28.16,69.05,0,0.0
2025,23,piastri,1.0,80234.0,79650.0,79387.0,2,losail,mclaren,5.0,20.0,1.0,756.0,14.0,0.0,366.0,2.0,7.0,5.0,4.75,1.0,0.5,0.25,22.6,28.16,69.05,0,0.0
2025,23,russell,4.0,80074.0,80186.0,79662.0,6,losail,mercedes,4.0,2.0,2.0,431.0,2.0,275.0,294.0,4.0,2.0,4.33,4.0,0.0,0.33,0.33,22.6,28.16,69.05,0,0.0
2025,23,sainz,7.0,80520.0,80251.0,80287.0,3,losail,williams,3.0,5.0,5.0,121.0,0.0,900.0,48.0,11.0,0.0,11.67,11.25,3.0,-1.67,0.42,22.6,28.16,69.05,0,0.0
2025,23,stroll,19.0,81058.0,,,17,losail,aston_martin,12.0,18.0,8.0,72.0,0.0,,32.0,16.0,0.0,15.0,13.75,0.0,1.5,1.25,22.6,28.16,69.05,0,0.0
2025,23,tsunoda,16.0,80761.0,,,10,losail,red_bull,20.0,12.0,3.0,391.0,6.0,,28.0,17.0,0.0,13.33,11.8,1.0,2.33,1.53,22.6,28.16,69.05,0,0.0
2025,24,albon,17.0,83416.0,,,16,yas_marina,williams,14.0,11.0,5.0,137.0,0.0,,73.0,8.0,0.0,11.0,12.0,4.0,2.0,-1.0,26.67,31.06,60.44,0,0.0
2025,24,alonso,6.0,83071.0,82861.0,82902.0,6,yas_marina,aston_martin,8.0,7.0,7.0,80.0,0.0,695.0,48.0,12.0,0.0,10.67,10.5,5.0,-2.0,0.17,26.67,31.06,60.44,0,0.0
2025,24,antonelli,14.0,82894.0,83080.0,,15,yas_marina,mercedes,5.0,5.0,2.0,459.0,2.0,,150.0,7.0,0.0,3.33,5.8,4.0,4.67,-2.47,26.67,31.06,60.44,0,0.0
2025,24,bearman,11.0,83254.0,83041.0,,12,yas_marina,haas,13.0,19.0,8.0,73.0,0.0,,41.0,13.0,0.0,8.0,7.25,2.0,3.0,0.75,26.67,31.06,60.44,0,0.0
2025,24,bortoleto,7.0,83374.0,82874.0,82904.0,11,yas_marina,sauber,19.0,13.0,9.0,68.0,0.0,697.0,19.0,19.0,0.0,13.0,13.67,5.0,6.0,-0.67,26.67,31.06,60.44,0,0.0
2025,24,colapinto,20.0,83890.0,,,20,yas_marina,alpine,20.0,14.0,10.0,22.0,0.0,,0.0,20.0,0.0,14.67,15.4,0.0,2.33,-0.73,26.67,31.06,60.44,0,0.0
2025,24,gasly,19.0,83468.0,,,19,yas_marina,alpine,9.0,16.0,10.0,22.0,0.0,,22.0,18.0,0.0,13.0,14.6,2.0,-3.67,-1.6,26.67,31.06,60.44,0,0.0
2025,24,hadjar,9.0,83373.0,82997.0,83072.0,17,yas_marina,rb,6.0,18.0,6.0,92.0,0.0,865.0,51.0,10.0,0.0,10.67,12.2,2.0,-4.33,-1.53,26.67,31.06,60.44,0,0.0
2025,24,hamilton,16.0,83394.0,,,8,yas_marina,ferrari,17.0,12.0,4.0,382.0,0.0,,152.0,6.0,0.0,10.0,8.0,2.0,8.0,2.0,26.67,31.06,60.44,0,0.0
2025,24,hulkenberg,18.0,83450.0,,,9,yas_marina,sauber,11.0,20.0,9.0,68.0,0.0,,49.0,11.0,0.0,8.0,8.0,1.0,2.5,0.0,26.67,31.06,60.44,0,0.0
2025,24,lawson,13.0,83265.0,83077.0,,18,yas_marina,rb,12.0,9.0,6.0,92.0,0.0,,38.0,14.0,0.0,10.0,10.25,5.0,-1.67,-0.25,26.67,31.06,60.44,0,0.0
2025,24,leclerc,5.0,83163.0,82948.0,82730.0,4,yas_marina,ferrari,10.0,8.0,4.0,382.0,0.0,523.0,230.0,5.0,0.0,6.0,4.25,2.0,3.5,1.75,26.67,31.06,60.44,0,0.0
2025,24,max_verstappen,1.0,82877.0,82752.0,82207.0,1,yas_marina,red_bull,3.0,1.0,3.0,426.0,7.0,0.0,396.0,2.0,7.0,1.67,1.8,1.0,6.33,-0.13,26.67,31.06,60.44,0,0.0
2025,24,norris,2.0,83178.0,82804.0,82408.0,3,yas_marina,mclaren,2.0,4.0,1.0,800.0,14.0,201.0,408.0,1.0,7.0,2.5,2.0,0.0,-1.0,0.5,26.67,31.06,60.44,0,0.0
2025,24,ocon,8.0,83334.0,83023.0,82913.0,7,yas_marina,haas,16.0,15.0,8.0,73.0,0.0,706.0,32.0,16.0,0.0,12.0,12.0,1.0,4.33,0.0,26.67,31.06,60.44,0,0.0
2025,24,piastri,3.0,82605.0,83021.0,82437.0,2,yas_marina,mclaren,1.0,2.0,1.0,800.0,14.0,230.0,392.0,3.0,7.0,3.5,4.25,1.0,-1.0,-0.75,26.67,31.06,60.44,0,0.0
2025,24,russell,4.0,83247.0,82730.0,82645.0,5,yas_marina,mercedes,4.0,6.0,2.0,459.0,2.0,438.0,309.0,4.0,2.0,4.0,5.0,0.0,0.67,-1.0,26.67,31.06,60.44,0,0.0
2025,24,sainz,12.0,83187.0,83042.0,,13,yas_marina,williams,7.0,3.0,5.0,137.0,0.0,,64.0,9.0,0.0,7.0,9.5,3.0,1.33,-2.5,26.67,31.06,60.44,0,0.0
2025,24,stroll,15.0,83316.0,83097.0,,10,yas_marina,aston_martin,18.0,17.0,7.0,80.0,0.0,,32.0,17.0,0.0,16.5,14.75,1.0,-0.5,1.75,26.67,31.06,60.44,0,0.0
2025,24,tsunoda,10.0,83386.0,83034.0,,14,yas_marina,red_bull,15.0,10.0,3.0,426.0,7.0,,33.0,15.0,0.0,13.0,11.4,1.0,4.33,1.6,26.67,31.06,60.44,0,0.0
2026,1,albon,15.0,81051.0,80941.0,,12,albert_park,williams,,,,,,,,,,,,,,,24.23,36.13,53.97,0,0.0
2026,1,alonso,17.0,81969.0,,,18,albert_park,aston_martin,,,,,,,,,,,,,,,24.23,36.13,53.97,0,0.0
2026,1,antonelli,2.0,80120.0,79435.0,78811.0,2,albert_park,mercedes,,,,,,293.0,,,,,,,,,24.23,36.13,53.97,0,0.0
2026,1,arvid_lindblad,9.0,80409.0,79971.0,81247.0,8,albert_park,rb,,,,,,2729.0,,,,,,,,,24.23,36.13,53.97,0,0.0
2026,1,bearman,12.0,81247.0,80311.0,,7,albert_park,haas,,,,,,,,,,,,,,,24.23,36.13,53.97,0,0.0
2026,1,bortoleto,10.0,80495.0,80221.0,,9,albert_park,audi,,,,,,,,,,,,,,,24.23,36.13,53.97,0,0.0
2026,1,bottas,19.0,83244.0,,,19,albert_park,cadillac,,,,,,,,,,,,,,,24.23,36.13,53.97,0,0.0
2026,1,colapinto,16.0,81200.0,81270.0,,14,albert_park,alpine,,,,,,,,,,,,,,,24.23,36.13,53.97,0,0.0
2026,1,gasly,14.0,81138.0,80501.0,,10,albert_park,alpine,,,,,,,,,,,,,,,24.23,36.13,53.97,0,0.0
2026,1,hadjar,3.0,80023.0,79653.0,79303.0,20,albert_park,red_bull,,,,,,785.0,,,,,,,,,24.23,36.13,53.97,0,0.0
2026,1,hamilton,7.0,79811.0,79921.0,79478.0,4,albert_park,ferrari,,,,,,960.0,,,,,,,,,24.23,36.13,53.97,0,0.0
2026,1,hulkenberg,11.0,81024.0,80303.0,,22,albert_park,audi,,,,,,,,,,,,,,,24.23,36.13,53.97,0,0.0
2026,1,lawson,8.0,80491.0,80144.0,79994.0,13,albert_park,rb,,,,,,1476.0,,,,,,,,,24.23,36.13,53.97,0,0.0
2026,1,leclerc,4.0,80226.0,79357.0,79327.0,3,albert_park,ferrari,,,,,,809.0,,,,,,,,,24.23,36.13,53.97,0,0.0
2026,1,max_verstappen,,,,,6,albert_park,red_bull,,,,,,,,,,,,,,,24.23,36.13,53.97,0,0.0
2026,1,norris,6.0,80010.0,79882.0,79475.0,5,albert_park,mclaren,,,,,,957.0,,,,,,,,,24.23,36.13,53.97,0,0.0
2026,1,ocon,13.0,80759.0,80491.0,,11,albert_park,haas,,,,,,,,,,,,,,,24.23,36.13,53.97,0,0.0
2026,1,perez,18.0,82605.0,,,16,albert_park,cadillac,,,,,,,,,,,,,,,24.23,36.13,53.97,0,0.0
2026,1,piastri,5.0,79664.0,79525.0,79380.0,21,albert_park,mclaren,,,,,,862.0,,,,,,,,,24.23,36.13,53.97,0,0.0
2026,1,russell,1.0,79507.0,78934.0,78518.0,1,albert_park,mercedes,,,,,,0.0,,,,,,,,,24.23,36.13,53.97,0,0.0
2026,1,sainz,,,,,15,albert_park,williams,,,,,,,,,,,,,,,24.23,36.13,53.97,0,0.0
2026,1,stroll,,,,,17,albert_park,aston_martin,,,,,,,,,,,,,,,24.23,36.13,53.97,0,0.0
2026,2,albon,18.0,94772.0,,,22,shanghai,williams,15.0,12.0,9.0,0.0,0.0,,0.0,12.0,0.0,12.0,12.0,0.0,3.0,0.0,15.57,22.62,55.0,0,0.0
2026,2,alonso,19.0,95203.0,,,17,shanghai,aston_martin,17.0,18.0,11.0,0.0,0.0,,0.0,20.0,0.0,,,0.0,,,15.57,22.62,55.0,0,0.0
2026,2,antonelli,1.0,93305.0,92443.0,92064.0,1,shanghai,mercedes,2.0,2.0,1.0,43.0,1.0,0.0,18.0,2.0,0.0,2.0,2.0,0.0,0.0,0.0,15.57,22.62,55.0,0,0.0
2026,2,arvid_lindblad,15.0,93906.0,93784.0,,12,shanghai,rb,9.0,8.0,6.0,4.0,0.0,,4.0,8.0,0.0,8.0,8.0,0.0,1.0,0.0,15.57,22.62,55.0,0,0.0
2026,2,bearman,10.0,93687.0,93197.0,93292.0,5,shanghai,haas,12.0,7.0,5.0,6.0,0.0,1228.0,6.0,7.0,0.0,7.0,7.0,0.0,5.0,0.0,15.57,22.62,55.0,0,0.0
2026,2,bortoleto,16.0,93549.0,93965.0,,21,shanghai,audi,10.0,9.0,7.0,2.0,0.0,,2.0,9.0,0.0,9.0,9.0,0.0,1.0,0.0,15.57,22.62,55.0,0,0.0
2026,2,bottas,20.0,95436.0,,,13,shanghai,cadillac,19.0,19.0,10.0,0.0,0.0,,0.0,21.0,0.0,,,0.0,,,15.57,22.62,55.0,0,0.0
2026,2,colapinto,12.0,93634.0,93357.0,,10,shanghai,alpine,16.0,14.0,8.0,1.0,0.0,,0.0,14.0,0.0,14.0,14.0,0.0,2.0,0.0,15.57,22.62,55.0,0,0.0
2026,2,gasly,7.0,93788.0,93003.0,92873.0,6,shanghai,alpine,14.0,10.0,8.0,1.0,0.0,809.0,1.0,10.0,0.0,10.0,10.0,0.0,4.0,0.0,15.57,22.62,55.0,0,0.0
2026,2,hadjar,9.0,93632.0,93352.0,93121.0,8,shanghai,red_bull,3.0,20.0,4.0,8.0,0.0,1057.0,0.0,17.0,0.0,,,0.0,,,15.57,22.62,55.0,0,0.0
2026,2,hamilton,3.0,93522.0,92567.0,92415.0,3,shanghai,ferrari,7.0,4.0,2.0,27.0,0.0,351.0,12.0,4.0,0.0,4.0,4.0,0.0,3.0,0.0,15.57,22.62,55.0,0,0.0
2026,2,hulkenberg,11.0,94116.0,93354.0,,11,shanghai,audi,11.0,22.0,7.0,2.0,0.0,,0.0,19.0,0.0,,,0.0,,,15.57,22.62,55.0,0,0.0
2026,2,lawson,14.0,94139.0,93765.0,,7,shanghai,rb,8.0,13.0,6.0,4.0,0.0,,0.0,13.0,0.0,13.0,13.0,0.0,-5.0,0.0,15.57,22.62,55.0,0,0.0
2026,2,leclerc,4.0,93175.0,92486.0,92428.0,4,shanghai,ferrari,4.0,3.0,2.0,27.0,0.0,364.0,15.0,3.0,0.0,3.0,3.0,0.0,1.0,0.0,15.57,22.62,55.0,0,0.0
2026,2,max_verstappen,8.0,93417.0,93098.0,93002.0,16,shanghai,red_bull,20.0,6.0,4.0,8.0,0.0,938.0,8.0,6.0,0.0,6.0,6.0,0.0,14.0,0.0,15.57,22.62,55.0,0,0.0
2026,2,norris,6.0,93535.0,92910.0,92608.0,20,shanghai,mclaren,6.0,5.0,3.0,10.0,0.0,544.0,10.0,5.0,0.0,5.0,5.0,0.0,1.0,0.0,15.57,22.62,55.0,0,0.0
2026,2,ocon,13.0,93974.0,93538.0,,14,shanghai,haas,13.0,11.0,5.0,6.0,0.0,,0.0,11.0,0.0,11.0,11.0,0.0,2.0,0.0,15.57,22.62,55.0,0,0.0
2026,2,perez,22.0,96906.0,,,15,shanghai,cadillac,18.0,16.0,10.0,0.0,0.0,,0.0,16.0,0.0,16.0,16.0,0.0,2.0,0.0,15.57,22.62,55.0,0,0.0
2026,2,piastri,5.0,93590.0,93130.0,92550.0,19,shanghai,mclaren,5.0,21.0,3.0,10.0,0.0,486.0,0.0,18.0,0.0,,,0.0,,,15.57,22.62,55.0,0,0.0
2026,2,russell,2.0,93262.0,92523.0,92286.0,2,shanghai,mercedes,1.0,1.0,1.0,43.0,1.0,222.0,25.0,1.0,1.0,1.0,1.0,0.0,0.0,0.0,15.57,22.62,55.0,0,0.0
2026,2,sainz,17.0,94317.0,,,9,shanghai,williams,21.0,15.0,9.0,0.0,0.0,,0.0,15.0,0.0,15.0,15.0,0.0,6.0,0.0,15.57,22.62,55.0,0,0.0
2026,2,stroll,21.0,95995.0,,,18,shanghai,aston_martin,22.0,17.0,11.0,0.0,0.0,,0.0,,0.0,,,0.0,,,15.57,22.62,55.0,0,0.0
2026,3,albon,17.0,91088.0,,,20,suzuka,williams,22.0,22.0,9.0,2.0,0.0,,0.0,18.0,0.0,12.0,12.0,0.0,3.0,0.0,18.56,34.14,52.5,0,0.0
2026,3,alonso,21.0,92646.0,,,18,suzuka,aston_martin,18.0,17.0,11.0,0.0,0.0,,0.0,21.0,0.0,,,1.0,,,18.56,34.14,52.5,0,0.0
2026,3,antonelli,1.0,90035.0,89048.0,88778.0,1,suzuka,mercedes,1.0,1.0,1.0,98.0,2.0,0.0,47.0,2.0,1.0,1.5,1.5,0.0,0.0,0.0,18.56,34.14,52.5,0,0.0
2026,3,arvid_lindblad,10.0,90781.0,90109.0,90319.0,14,suzuka,rb,15.0,12.0,6.0,12.0,0.0,1541.0,4.0,10.0,0.0,10.0,10.0,0.0,2.0,0.0,18.56,34.14,52.5,0,0.0
2026,3,bearman,18.0,91090.0,,,22,suzuka,haas,10.0,5.0,4.0,17.0,0.0,,17.0,5.0,0.0,6.0,6.0,0.0,5.0,0.0,18.56,34.14,52.5,0,0.0
2026,3,bortoleto,9.0,90359.0,89990.0,90274.0,13,suzuka,audi,16.0,21.0,8.0,2.0,0.0,1496.0,2.0,14.0,0.0,9.0,9.0,0.0,1.0,0.0,18.56,34.14,52.5,0,0.0
2026,3,bottas,20.0,92330.0,,,19,suzuka,cadillac,19.0,13.0,10.0,0.0,0.0,,0.0,19.0,0.0,13.0,13.0,1.0,6.0,0.0,18.56,34.14,52.5,0,0.0
2026,3,colapinto,15.0,90931.0,90627.0,,16,suzuka,alpine,12.0,10.0,7.0,10.0,0.0,,1.0,15.0,0.0,12.0,12.0,0.0,2.0,0.0,18.56,34.14,52.5,0,0.0
2026,3,gasly,7.0,90584.0,89874.0,89691.0,7,suzuka,alpine,7.0,6.0,7.0,10.0,0.0,913.0,9.0,7.0,0.0,8.0,8.0,0.0,2.5,0.0,18.56,34.14,52.5,0,0.0
2026,3,hadjar,8.0,90662.0,90104.0,89978.0,12,suzuka,red_bull,9.0,8.0,5.0,12.0,0.0,1200.0,4.0,11.0,0.0,8.0,8.0,1.0,1.0,0.0,18.56,34.14,52.5,0,0.0
2026,3,hamilton,6.0,90309.0,89589.0,89567.0,6,suzuka,ferrari,3.0,3.0,2.0,67.0,0.0,789.0,33.0,4.0,0.0,3.5,3.5,0.0,1.5,0.0,18.56,34.14,52.5,0,0.0
2026,3,hulkenberg,13.0,90358.0,90387.0,,11,suzuka,audi,11.0,11.0,8.0,2.0,0.0,,0.0,17.0,0.0,11.0,11.0,0.0,0.0,0.0,18.56,34.14,52.5,0,0.0
2026,3,lawson,14.0,90657.0,90495.0,,9,suzuka,rb,14.0,7.0,6.0,12.0,0.0,,8.0,9.0,0.0,10.0,10.0,0.0,1.0,0.0,18.56,34.14,52.5,0,0.0
2026,3,leclerc,4.0,89915.0,89303.0,89405.0,3,suzuka,ferrari,4.0,4.0,2.0,67.0,0.0,627.0,34.0,3.0,0.0,3.5,3.5,0.0,0.5,0.0,18.56,34.14,52.5,0,0.0
2026,3,max_verstappen,11.0,90519.0,90262.0,,8,suzuka,red_bull,8.0,16.0,5.0,12.0,0.0,,8.0,8.0,0.0,6.0,6.0,0.0,14.0,0.0,18.56,34.14,52.5,0,0.0
2026,3,norris,5.0,90401.0,89795.0,89409.0,5,suzuka,mclaren,6.0,20.0,3.0,18.0,0.0,631.0,15.0,6.0,0.0,5.0,5.0,0.0,1.0,0.0,18.56,34.14,52.5,0,0.0
2026,3,ocon,12.0,90915.0,90309.0,,10,suzuka,haas,13.0,14.0,4.0,17.0,0.0,,0.0,16.0,0.0,12.5,12.5,0.0,0.5,0.0,18.56,34.14,52.5,0,0.0
2026,3,perez,19.0,92206.0,,,17,suzuka,cadillac,21.0,15.0,10.0,0.0,0.0,,0.0,20.0,0.0,15.5,15.5,0.0,4.0,0.0,18.56,34.14,52.5,0,0.0
2026,3,piastri,3.0,90200.0,89451.0,89132.0,2,suzuka,mclaren,5.0,19.0,3.0,18.0,0.0,354.0,3.0,12.0,0.0,,,0.0,,,18.56,34.14,52.5,0,0.0
2026,3,russell,2.0,89967.0,89686.0,89076.0,4,suzuka,mercedes,2.0,2.0,1.0,98.0,2.0,298.0,51.0,1.0,1.0,1.5,1.5,0.0,0.0,0.0,18.56,34.14,52.5,0,0.0
2026,3,sainz,16.0,90927.0,91033.0,,15,suzuka,williams,17.0,9.0,9.0,2.0,0.0,,2.0,13.0,0.0,12.0,12.0,0.0,7.0,0.0,18.56,34.14,52.5,0,0.0
2026,3,stroll,22.0,92920.0,,,21,suzuka,aston_martin,20.0,18.0,11.0,0.0,0.0,,0.0,22.0,0.0,,,1.0,,,18.56,34.14,52.5,0,0.0
2026,4,albon,15.0,89720.0,89946.0,,10,miami,williams,17.0,20.0,9.0,2.0,0.0,,0.0,18.0,0.0,16.0,16.0,0.0,0.0,0.0,27.13,37.01,70.45,0,1.8
2026,4,alonso,17.0,91098.0,,,15,miami,aston_martin,21.0,18.0,11.0,0.0,0.0,,0.0,21.0,0.0,18.0,18.0,2.0,3.0,0.0,27.13,37.01,70.45,0,1.8
2026,4,antonelli,1.0,88653.0,88289.0,87798.0,1,miami,mercedes,1.0,1.0,1.0,135.0,3.0,0.0,72.0,1.0,2.0,1.33,1.33,0.0,0.0,0.0,27.13,37.01,70.45,0,1.8
2026,4,arvid_lindblad,16.0,90133.0,,,14,miami,rb,10.0,14.0,7.0,14.0,0.0,,4.0,11.0,0.0,11.33,11.33,0.0,0.0,0.0,27.13,37.01,70.45,0,1.8
2026,4,bearman,12.0,89340.0,89567.0,,11,miami,haas,18.0,22.0,4.0,18.0,0.0,,17.0,7.0,0.0,6.0,6.0,0.0,5.0,0.0,27.13,37.01,70.45,0,1.8
2026,4,bortoleto,21.0,93737.0,,,12,miami,audi,9.0,13.0,8.0,2.0,0.0,,2.0,13.0,0.0,11.0,11.0,0.0,-1.5,0.0,27.13,37.01,70.45,0,1.8
2026,4,bottas,19.0,91629.0,,,18,miami,cadillac,20.0,19.0,10.0,0.0,0.0,,0.0,19.0,0.0,16.0,16.0,1.0,3.5,0.0,27.13,37.01,70.45,0,1.8
2026,4,colapinto,8.0,89584.0,88975.0,88762.0,7,miami,alpine,15.0,16.0,5.0,16.0,0.0,964.0,1.0,16.0,0.0,13.33,13.33,0.0,1.0,0.0,27.13,37.01,70.45,0,1.8
2026,4,gasly,9.0,89914.0,89070.0,88810.0,21,miami,alpine,7.0,7.0,5.0,16.0,0.0,1012.0,15.0,8.0,0.0,7.67,7.67,0.0,1.67,0.0,27.13,37.01,70.45,0,1.8
2026,4,hadjar,22.0,,88941.0,88789.0,22,miami,red_bull,8.0,12.0,6.0,16.0,0.0,991.0,4.0,12.0,0.0,10.0,10.0,1.0,-1.5,0.0,27.13,37.01,70.45,0,1.8
2026,4,hamilton,6.0,89483.0,88477.0,88319.0,6,miami,ferrari,6.0,6.0,2.0,90.0,0.0,521.0,41.0,4.0,0.0,4.33,4.33,0.0,1.0,0.0,27.13,37.01,70.45,0,1.8
2026,4,hulkenberg,10.0,89645.0,89439.0,,19,miami,audi,13.0,11.0,8.0,2.0,0.0,,0.0,17.0,0.0,11.0,11.0,0.0,1.0,0.0,27.13,37.01,70.45,0,1.8
2026,4,lawson,11.0,89595.0,89499.0,,20,miami,rb,14.0,9.0,7.0,14.0,0.0,,10.0,10.0,0.0,9.67,9.67,0.0,2.33,0.0,27.13,37.01,70.45,0,1.8
2026,4,leclerc,3.0,88938.0,88315.0,88143.0,8,miami,ferrari,4.0,3.0,2.0,90.0,0.0,345.0,49.0,3.0,0.0,3.33,3.33,0.0,0.67,0.0,27.13,37.01,70.45,0,1.8
2026,4,max_verstappen,2.0,89099.0,88116.0,87964.0,5,miami,red_bull,11.0,8.0,6.0,16.0,0.0,166.0,12.0,9.0,0.0,7.0,7.0,1.0,8.5,0.0,27.13,37.01,70.45,0,1.8
2026,4,norris,4.0,89183.0,88920.0,88183.0,2,miami,mclaren,5.0,5.0,3.0,46.0,0.0,385.0,25.0,5.0,0.0,5.0,5.0,0.0,0.5,0.0,27.13,37.01,70.45,0,1.8
2026,4,ocon,14.0,89838.0,89772.0,,13,miami,haas,12.0,10.0,4.0,18.0,0.0,,1.0,15.0,0.0,11.67,11.67,0.0,1.0,0.0,27.13,37.01,70.45,0,1.8
2026,4,perez,20.0,91967.0,,,16,miami,cadillac,19.0,17.0,10.0,0.0,0.0,,0.0,20.0,0.0,16.0,16.0,0.0,3.33,0.0,27.13,37.01,70.45,0,1.8
2026,4,piastri,7.0,89920.0,88332.0,88500.0,3,miami,mclaren,3.0,2.0,3.0,46.0,0.0,702.0,21.0,6.0,0.0,2.0,2.0,0.0,1.0,0.0,27.13,37.01,70.45,0,1.8
2026,4,russell,5.0,89492.0,88477.0,88197.0,4,miami,mercedes,2.0,4.0,1.0,135.0,3.0,399.0,63.0,2.0,1.0,2.33,2.33,0.0,-0.67,0.0,27.13,37.01,70.45,0,1.8
2026,4,sainz,13.0,89540.0,89568.0,,9,miami,williams,16.0,15.0,9.0,2.0,0.0,,2.0,14.0,0.0,13.0,13.0,0.0,5.0,0.0,27.13,37.01,70.45,0,1.8
2026,4,stroll,18.0,91164.0,,,17,miami,aston_martin,22.0,21.0,11.0,0.0,0.0,,0.0,22.0,0.0,,,2.0,,,27.13,37.01,70.45,0,1.8
2026,5,albon,18.0,74851.0,,,21,villeneuve,williams,15.0,10.0,8.0,5.0,0.0,,1.0,17.0,0.0,15.0,14.0,0.0,1.0,1.0,12.85,17.83,71.7,0,0.0
2026,5,alonso,19.0,75196.0,,,20,villeneuve,aston_martin,17.0,15.0,11.0,0.0,0.0,,0.0,21.0,0.0,16.5,16.5,2.0,2.5,0.0,12.85,17.83,71.7,0,0.0
2026,5,antonelli,2.0,73380.0,73076.0,72646.0,1,villeneuve,mercedes,1.0,1.0,1.0,180.0,4.0,68.0,100.0,1.0,3.0,1.0,1.25,0.0,0.0,-0.25,12.85,17.83,71.7,0,0.0
2026,5,arvid_lindblad,9.0,73895.0,73548.0,73280.0,22,villeneuve,rb,16.0,14.0,7.0,14.0,0.0,702.0,4.0,12.0,0.0,13.33,12.0,0.0,0.33,1.33,12.85,17.83,71.7,0,0.0
2026,5,bearman,16.0,74449.0,74416.0,,10,villeneuve,haas,12.0,11.0,6.0,18.0,0.0,,17.0,8.0,0.0,8.0,7.67,1.0,3.0,0.33,12.85,17.83,71.7,0,0.0
2026,5,bortoleto,13.0,74775.0,74071.0,,13,villeneuve,audi,21.0,12.0,9.0,2.0,0.0,,2.0,15.0,0.0,12.5,11.33,0.0,2.5,1.17,12.85,17.83,71.7,0,0.0
2026,5,bottas,22.0,76272.0,,,16,villeneuve,cadillac,19.0,18.0,10.0,0.0,0.0,,0.0,19.0,0.0,16.67,16.67,1.0,2.67,0.0,12.85,17.83,71.7,0,0.0
2026,5,colapinto,10.0,74466.0,73857.0,73697.0,6,villeneuve,alpine,8.0,7.0,5.0,23.0,0.0,1119.0,7.0,11.0,0.0,11.0,11.75,0.0,0.67,-0.75,12.85,17.83,71.7,0,0.0
2026,5,gasly,14.0,74698.0,74187.0,,8,villeneuve,alpine,9.0,21.0,5.0,23.0,0.0,,16.0,9.0,0.0,6.5,7.67,0.0,0.5,-1.17,12.85,17.83,71.7,0,0.0
2026,5,hadjar,7.0,73654.0,72975.0,72935.0,5,villeneuve,red_bull,22.0,22.0,4.0,30.0,0.0,357.0,4.0,13.0,0.0,10.0,10.0,1.0,-1.5,0.0,12.85,17.83,71.7,0,0.0
2026,5,hamilton,5.0,73767.0,73041.0,72868.0,2,villeneuve,ferrari,6.0,6.0,2.0,110.0,0.0,290.0,51.0,5.0,0.0,5.0,4.75,0.0,0.0,0.25,12.85,17.83,71.7,0,0.0
2026,5,hulkenberg,11.0,74562.0,73886.0,,12,villeneuve,audi,10.0,19.0,9.0,2.0,0.0,,0.0,18.0,0.0,11.0,11.0,0.0,1.0,0.0,12.85,17.83,71.7,0,0.0
2026,5,lawson,12.0,74346.0,73897.0,,7,villeneuve,rb,11.0,20.0,7.0,14.0,0.0,,10.0,10.0,0.0,8.0,9.67,0.0,6.0,-1.67,12.85,17.83,71.7,0,0.0
2026,5,leclerc,8.0,73825.0,73496.0,72976.0,4,villeneuve,ferrari,3.0,8.0,2.0,110.0,0.0,398.0,59.0,3.0,0.0,5.0,4.5,0.0,-1.33,0.5,12.85,17.83,71.7,0,0.0
2026,5,max_verstappen,6.0,74067.0,73479.0,72907.0,3,villeneuve,red_bull,2.0,5.0,4.0,30.0,0.0,329.0,26.0,7.0,0.0,6.5,6.33,1.0,0.0,0.17,12.85,17.83,71.7,0,0.0
2026,5,norris,3.0,73503.0,73049.0,72729.0,18,villeneuve,mclaren,4.0,2.0,3.0,94.0,0.0,151.0,51.0,4.0,0.0,3.5,4.0,0.0,1.0,-0.5,12.85,17.83,71.7,0,0.0
2026,5,ocon,17.0,74845.0,,,14,villeneuve,haas,14.0,13.0,6.0,18.0,0.0,,1.0,16.0,0.0,12.33,12.0,0.0,0.67,0.33,12.85,17.83,71.7,0,0.0
2026,5,perez,20.0,75429.0,,,17,villeneuve,cadillac,20.0,16.0,10.0,0.0,0.0,,0.0,20.0,0.0,16.0,16.0,0.0,4.0,0.0,12.85,17.83,71.7,0,0.0
2026,5,piastri,4.0,73559.0,73285.0,72781.0,11,villeneuve,mclaren,7.0,3.0,3.0,94.0,0.0,203.0,43.0,6.0,0.0,2.5,2.5,0.0,2.5,0.0,12.85,17.83,71.7,0,0.0
2026,5,russell,1.0,73953.0,73079.0,72578.0,19,villeneuve,mercedes,5.0,4.0,1.0,180.0,4.0,0.0,80.0,2.0,1.0,3.33,2.75,0.0,-0.33,0.58,12.85,17.83,71.7,0,0.0
2026,5,sainz,15.0,74276.0,74273.0,,9,villeneuve,williams,13.0,9.0,8.0,5.0,0.0,,4.0,14.0,0.0,11.0,12.0,0.0,4.33,-1.0,12.85,17.83,71.7,0,0.0
2026,5,stroll,21.0,76195.0,,,15,villeneuve,aston_martin,18.0,17.0,11.0,0.0,0.0,,0.0,22.0,0.0,17.0,17.0,3.0,1.0,0.0,12.85,17.83,71.7,0,0.0
2026,6,albon,11.0,74321.0,73787.0,,8,monaco,williams,18.0,21.0,8.0,7.0,0.0,,1.0,17.0,0.0,15.0,14.0,0.0,1.0,1.0,23.68,37.98,62.2,0,0.0
2026,6,alonso,21.0,75349.0,,,10,monaco,aston_martin,19.0,20.0,11.0,0.0,0.0,,0.0,22.0,0.0,16.5,16.5,2.0,2.5,0.0,23.68,37.98,62.2,0,0.0
2026,6,antonelli,1.0,73599.0,72704.0,72051.0,1,monaco,mercedes,2.0,1.0,1.0,219.0,5.0,0.0,131.0,1.0,4.0,1.0,1.2,0.0,0.33,-0.2,23.68,37.98,62.2,0,0.0
2026,6,arvid_lindblad,15.0,74685.0,74248.0,,6,monaco,rb,9.0,22.0,6.0,21.0,0.0,,5.0,14.0,0.0,14.0,12.0,0.0,-1.0,2.0,23.68,37.98,62.2,0,0.0
2026,6,bearman,19.0,74814.0,,,20,monaco,haas,16.0,10.0,7.0,19.0,0.0,,18.0,9.0,0.0,10.5,8.25,1.0,3.5,2.25,23.68,37.98,62.2,0,0.0
2026,6,bortoleto,16.0,74683.0,,,11,monaco,audi,13.0,13.0,9.0,2.0,0.0,,2.0,15.0,0.0,12.67,11.75,0.0,1.67,0.92,23.68,37.98,62.2,0,0.0
2026,6,bottas,20.0,75283.0,,,21,monaco,cadillac,21.0,16.0,10.0,0.0,0.0,,0.0,19.0,0.0,17.67,16.5,1.0,2.33,1.17,23.68,37.98,62.2,0,0.0
2026,6,colapinto,14.0,74573.0,73995.0,,14,monaco,alpine,10.0,6.0,5.0,35.0,0.0,,15.0,11.0,0.0,9.67,10.6,0.0,1.33,-0.93,23.68,37.98,62.2,0,0.0
2026,6,gasly,9.0,74469.0,73762.0,73226.0,7,monaco,alpine,14.0,8.0,5.0,35.0,0.0,1175.0,20.0,8.0,0.0,7.5,7.75,1.0,3.0,-0.25,23.68,37.98,62.2,0,0.0
2026,6,hadjar,5.0,74408.0,72722.0,72434.0,3,monaco,red_bull,7.0,5.0,4.0,57.0,0.0,383.0,14.0,12.0,0.0,8.5,8.33,2.0,-1.0,0.17,23.68,37.98,62.2,0,0.0
2026,6,hamilton,3.0,73777.0,72934.0,72279.0,2,monaco,ferrari,5.0,2.0,2.0,147.0,0.0,228.0,72.0,4.0,0.0,4.67,4.2,0.0,1.0,0.47,23.68,37.98,62.2,0,0.0
2026,6,hulkenberg,13.0,73923.0,73902.0,,13,monaco,audi,11.0,12.0,9.0,2.0,0.0,,0.0,18.0,0.0,11.5,11.33,1.0,0.5,0.17,23.68,37.98,62.2,0,0.0
2026,6,lawson,10.0,74498.0,73471.0,73412.0,5,monaco,rb,12.0,7.0,6.0,21.0,0.0,1361.0,16.0,10.0,0.0,8.0,9.0,1.0,5.0,-1.0,23.68,37.98,62.2,0,0.0
2026,6,leclerc,4.0,73293.0,72774.0,72351.0,17,monaco,ferrari,8.0,4.0,2.0,147.0,0.0,300.0,75.0,3.0,0.0,5.0,4.4,0.0,0.0,0.6,23.68,37.98,62.2,0,0.0
2026,6,max_verstappen,2.0,73490.0,72499.0,72094.0,22,monaco,red_bull,6.0,3.0,4.0,57.0,0.0,43.0,43.0,7.0,0.0,5.33,5.5,1.0,1.0,-0.17,23.68,37.98,62.2,0,0.0
2026,6,norris,8.0,73630.0,72919.0,72765.0,19,monaco,mclaren,3.0,18.0,3.0,106.0,0.0,714.0,58.0,5.0,0.0,3.5,4.0,0.0,1.0,-0.5,23.68,37.98,62.2,0,0.0
2026,6,ocon,17.0,74722.0,,,9,monaco,haas,17.0,14.0,7.0,19.0,0.0,,1.0,16.0,0.0,12.33,12.4,0.0,2.0,-0.07,23.68,37.98,62.2,0,0.0
2026,6,perez,18.0,74747.0,,,15,monaco,cadillac,20.0,17.0,10.0,0.0,0.0,,0.0,20.0,0.0,16.5,16.0,0.0,3.0,0.5,23.68,37.98,62.2,0,0.0
2026,6,piastri,7.0,74159.0,72983.0,72624.0,4,monaco,mclaren,4.0,11.0,3.0,106.0,0.0,573.0,48.0,6.0,0.0,5.33,5.33,0.0,-0.67,0.0,23.68,37.98,62.2,0,0.0
2026,6,russell,6.0,74214.0,73238.0,72445.0,12,monaco,mercedes,1.0,19.0,1.0,219.0,5.0,394.0,88.0,2.0,1.0,4.0,2.75,0.0,-0.5,1.25,23.68,37.98,62.2,0,0.0
2026,6,sainz,12.0,74348.0,73815.0,,16,monaco,williams,15.0,9.0,8.0,7.0,0.0,,6.0,13.0,0.0,11.0,11.4,0.0,3.67,-0.4,23.68,37.98,62.2,0,0.0
2026,6,stroll,22.0,76061.0,,,18,monaco,aston_martin,22.0,15.0,11.0,0.0,0.0,,0.0,21.0,0.0,16.0,16.0,3.0,4.0,0.0,23.68,37.98,62.2,0,0.0
